 1200.0   0.001004
 1202.5   0.004632
 1205.0   0.010154
 1207.5   0.016481
 1210.0   0.022296
 1212.5   0.026734
 1215.0   0.030977
 1217.5   0.035794
 1220.0   0.038257
 1222.5   0.036035
 1225.0   0.032880
 1227.5   0.032782
 1230.0   0.034612
 1232.5   0.036190
 1235.0   0.036263
 1237.5   0.034435
 1240.0   0.032804
 1242.5   0.034587
 1245.0   0.044974
 1247.5   0.066583
 1250.0   0.089780
 1252.5   0.104037
 1255.0   0.107513
 1257.5   0.102982
 1260.0   0.102995
 1262.5   0.120920
 1265.0   0.163623
 1267.5   0.229185
 1270.0   0.287057
 1272.5   0.313343
 1275.0   0.339408
 1277.5   0.397100
 1280.0   0.464954
 1282.5   0.514668
 1285.0   0.543897
 1287.5   0.560043
 1290.0   0.583538
 1292.5   0.626223
 1295.0   0.652544
 1297.5   0.627830
 1300.0   0.568330
 1302.5   0.503591
 1305.0   0.465444
 1307.5   0.481315
 1310.0   0.558746
 1312.5   0.688665
 1315.0   0.815444
 1317.5   0.887633
 1320.0   0.917040
 1322.5   0.926149
 1325.0   0.916888
 1327.5   0.890607
 1330.0   0.866914
 1332.5   0.869648
 1335.0   0.921322
 1337.5   1.027735
 1340.0   1.129171
 1342.5   1.166493
 1345.0   1.148396
 1347.5   1.099602
 1350.0   1.041099
 1352.5   0.992059
 1355.0   0.968124
 1357.5   0.976876
 1360.0   0.997185
 1362.5   1.006573
 1365.0   1.005895
 1367.5   1.003531
 1370.0   1.014634
 1372.5   1.047428
 1375.0   1.075655
 1377.5   1.075726
 1380.0   1.069204
 1382.5   1.080975
 1385.0   1.104056
 1387.5   1.123616
 1390.0   1.125309
 1392.5   1.102477
 1395.0   1.078729
 1397.5   1.078669
 1400.0   1.100604
 1402.5   1.133370
 1405.0   1.154207
 1407.5   1.147472
 1410.0   1.137578
 1412.5   1.151299
 1415.0   1.184795
 1417.5   1.227068
 1420.0   1.269107
 1422.5   1.300659
 1425.0   1.304509
 1427.5   1.270040
 1430.0   1.219985
 1432.5   1.184083
 1435.0   1.186735
 1437.5   1.239743
 1440.0   1.309849
 1442.5   1.362971
 1445.0   1.406803
 1447.5   1.452921
 1450.0   1.486661
 1452.5   1.493359
 1455.0   1.484581
 1457.5   1.473234
 1460.0   1.451358
 1462.5   1.411096
 1465.0   1.365868
 1467.5   1.331931
 1470.0   1.315616
 1472.5   1.318438
 1475.0   1.332583
 1477.5   1.352050
 1480.0   1.387421
 1482.5   1.447818
 1485.0   1.519950
 1487.5   1.585405
 1490.0   1.627695
 1492.5   1.639486
 1495.0   1.648123
 1497.5   1.675187
 1500.0   1.684521
 1502.5   1.638140
 1505.0   1.548495
 1507.5   1.444777
 1510.0   1.372714
 1512.5   1.370248
 1515.0   1.427650
 1517.5   1.514279
 1520.0   1.563507
 1522.5   1.525745
 1525.0   1.455529
 1527.5   1.417184
 1530.0   1.410062
 1532.5   1.421737
 1535.0   1.457652
 1537.5   1.519807
 1540.0   1.578568
 1542.5   1.604848
 1545.0   1.603379
 1547.5   1.586268
 1550.0   1.561301
 1552.5   1.533807
 1555.0   1.503601
 1557.5   1.474220
 1560.0   1.469595
 1562.5   1.504918
 1565.0   1.540034
 1567.5   1.535937
 1570.0   1.513548
 1572.5   1.505511
 1575.0   1.531422
 1577.5   1.595138
 1580.0   1.650600
 1582.5   1.655731
 1585.0   1.634291
 1587.5   1.617980
 1590.0   1.604415
 1592.5   1.588029
 1595.0   1.584613
 1597.5   1.605182
 1600.0   1.620305
 1602.5   1.602807
 1605.0   1.574995
 1607.5   1.563931
 1610.0   1.566226
 1612.5   1.571290
 1615.0   1.570178
 1617.5   1.558082
 1620.0   1.545103
 1622.5   1.542180
 1625.0   1.548708
 1627.5   1.559870
 1630.0   1.565555
 1632.5   1.556928
 1635.0   1.535559
 1637.5   1.508788
 1640.0   1.496622
 1642.5   1.512108
 1645.0   1.527790
 1647.5   1.511963
 1650.0   1.456422
 1652.5   1.370121
 1655.0   1.307141
 1657.5   1.315865
 1660.0   1.376759
 1662.5   1.448370
 1665.0   1.469498
 1667.5   1.403818
 1670.0   1.334264
 1672.5   1.345672
 1675.0   1.411232
 1677.5   1.481711
 1680.0   1.529826
 1682.5   1.541534
 1685.0   1.533790
 1687.5   1.526374
 1690.0   1.519363
 1692.5   1.509753
 1695.0   1.501917
 1697.5   1.499415
 1700.0   1.495160
 1702.5   1.483710
 1705.0   1.476834
 1707.5   1.485232
 1710.0   1.498110
 1712.5   1.501469
 1715.0   1.489971
 1717.5   1.464115
 1720.0   1.439100
 1722.5   1.431024
 1725.0   1.444888
 1727.5   1.477622
 1730.0   1.504957
 1732.5   1.506664
 1735.0   1.499872
 1737.5   1.505337
 1740.0   1.520960
 1742.5   1.539643
 1745.0   1.557133
 1747.5   1.572747
 1750.0   1.597241
 1752.5   1.634669
 1755.0   1.650849
 1757.5   1.615775
 1760.0   1.554383
 1762.5   1.502123
 1765.0   1.481540
 1767.5   1.503859
 1770.0   1.547907
 1772.5   1.588730
 1775.0   1.618634
 1777.5   1.631706
 1780.0   1.611885
 1782.5   1.544110
 1785.0   1.427459
 1787.5   1.287364
 1790.0   1.240522
 1792.5   1.373934
 1795.0   1.564539
 1797.5   1.671437
 1800.0   1.692430
 1802.5   1.661965
 1805.0   1.622366
 1807.5   1.607645
 1810.0   1.610677
 1812.5   1.617071
 1815.0   1.624510
 1817.5   1.632585
 1820.0   1.636437
 1822.5   1.631050
 1825.0   1.615233
 1827.5   1.591094
 1830.0   1.570097
 1832.5   1.560156
 1835.0   1.545615
 1837.5   1.512148
 1840.0   1.474328
 1842.5   1.451117
 1845.0   1.450122
 1847.5   1.471002
 1850.0   1.492966
 1852.5   1.497274
 1855.0   1.493837
 1857.5   1.496004
 1860.0   1.502229
 1862.5   1.509421
 1865.0   1.523196
 1867.5   1.546842
 1870.0   1.565632
 1872.5   1.566310
 1875.0   1.559510
 1877.5   1.558014
 1880.0   1.559310
 1882.5   1.557745
 1885.0   1.550405
 1887.5   1.535810
 1890.0   1.515476
 1892.5   1.491653
 1895.0   1.466529
 1897.5   1.443703
 1900.0   1.432495
 1902.5   1.439059
 1905.0   1.451178
 1907.5   1.455703
 1910.0   1.454121
 1912.5   1.451099
 1915.0   1.449397
 1917.5   1.450279
 1920.0   1.450922
 1922.5   1.449379
 1925.0   1.451281
 1927.5   1.461587
 1930.0   1.474975
 1932.5   1.485402
 1935.0   1.494214
 1937.5   1.503454
 1940.0   1.510554
 1942.5   1.513069
 1945.0   1.513651
 1947.5   1.515239
 1950.0   1.516806
 1952.5   1.517028
 1955.0   1.517341
 1957.5   1.518133
 1960.0   1.512847
 1962.5   1.498616
 1965.0   1.494291
 1967.5   1.517215
 1970.0   1.556980
 1972.5   1.595598
 1975.0   1.612514
 1977.5   1.596610
 1980.0   1.577098
 1982.5   1.579687
 1985.0   1.575749
 1987.5   1.533449
 1990.0   1.462473
 1992.5   1.386828
 1995.0   1.346299
 1997.5   1.368423
 2000.0   1.415970
 2002.5   1.444705
 2005.0   1.447126
 2007.5   1.428546
 2010.0   1.408796
 2012.5   1.405180
 2015.0   1.410385
 2017.5   1.412480
 2020.0   1.405684
 2022.5   1.390347
 2025.0   1.385200
 2027.5   1.404195
 2030.0   1.423803
 2032.5   1.418829
 2035.0   1.394906
 2037.5   1.366403
 2040.0   1.351791
 2042.5   1.363514
 2045.0   1.385793
 2047.5   1.400478
 2050.0   1.408168
 2052.5   1.413135
 2055.0   1.415598
 2057.5   1.413844
 2060.0   1.402481
 2062.5   1.379361
 2065.0   1.358988
 2067.5   1.357049
 2070.0   1.377304
 2072.5   1.417558
 2075.0   1.463738
 2077.5   1.501412
 2080.0   1.526606
 2082.5   1.538755
 2085.0   1.540470
 2087.5   1.533849
 2090.0   1.515747
 2092.5   1.483830
 2095.0   1.444250
 2097.5   1.405456
 2100.0   1.376611
 2102.5   1.365357
 2105.0   1.372526
 2107.5   1.393970
 2110.0   1.412419
 2112.5   1.411538
 2115.0   1.391838
 2117.5   1.363431
 2120.0   1.357974
 2122.5   1.397197
 2125.0   1.441591
 2127.5   1.447887
 2130.0   1.419030
 2132.5   1.369217
 2135.0   1.311450
 2137.5   1.259295
 2140.0   1.229758
 2142.5   1.235698
 2145.0   1.269933
 2147.5   1.318363
 2150.0   1.359260
 2152.5   1.377714
 2155.0   1.393734
 2157.5   1.422768
 2160.0   1.427121
 2162.5   1.374258
 2165.0   1.305439
 2167.5   1.265594
 2170.0   1.240546
 2172.5   1.208862
 2175.0   1.179187
 2177.5   1.166746
 2180.0   1.182986
 2182.5   1.231526
 2185.0   1.288429
 2187.5   1.328933
 2190.0   1.352522
 2192.5   1.365659
 2195.0   1.378479
 2197.5   1.395812
 2200.0   1.397609
 2202.5   1.365784
 2205.0   1.314984
 2207.5   1.264454
 2210.0   1.219098
 2212.5   1.181015
 2215.0   1.155421
 2217.5   1.145476
 2220.0   1.142993
 2222.5   1.140531
 2225.0   1.144974
 2227.5   1.160795
 2230.0   1.168503
 2232.5   1.153450
 2235.0   1.144320
 2237.5   1.165099
 2240.0   1.177647
 2242.5   1.147580
 2245.0   1.117671
 2247.5   1.131867
 2250.0   1.161664
 2252.5   1.170819
 2255.0   1.164579
 2257.5   1.156057
 2260.0   1.148342
 2262.5   1.142692
 2265.0   1.143074
 2267.5   1.151428
 2270.0   1.158862
 2272.5   1.157663
 2275.0   1.155643
 2277.5   1.160961
 2280.0   1.167622
 2282.5   1.170051
 2285.0   1.178513
 2287.5   1.202386
 2290.0   1.231651
 2292.5   1.252894
 2295.0   1.258505
 2297.5   1.245936
 2300.0   1.227084
 2302.5   1.215075
 2305.0   1.213497
 2307.5   1.222031
 2310.0   1.234254
 2312.5   1.240217
 2315.0   1.221961
 2317.5   1.170244
 2320.0   1.118709
 2322.5   1.101882
 2325.0   1.114940
 2327.5   1.142072
 2330.0   1.162866
 2332.5   1.161445
 2335.0   1.144673
 2337.5   1.123773
 2340.0   1.104673
 2342.5   1.090989
 2345.0   1.082394
 2347.5   1.076248
 2350.0   1.064599
 2352.5   1.043264
 2355.0   1.028451
 2357.5   1.033579
 2360.0   1.040521
 2362.5   1.031613
 2365.0   1.022600
 2367.5   1.029110
 2370.0   1.032880
 2372.5   1.018545
 2375.0   1.016219
 2377.5   1.050880
 2380.0   1.081483
 2382.5   1.064409
 2385.0   1.011780
 2387.5   0.948858
 2390.0   0.897727
 2392.5   0.876062
 2395.0   0.887073
 2397.5   0.924766
 2400.0   0.960789
 2402.5   0.967867
 2405.0   0.945400
 2407.5   0.904696
 2410.0   0.878021
 2412.5   0.891352
 2415.0   0.924556
 2417.5   0.951844
 2420.0   0.970920
 2422.5   0.986691
 2425.0   1.009371
 2427.5   1.043345
 2430.0   1.064369
 2432.5   1.050513
 2435.0   1.017737
 2437.5   0.989685
 2440.0   0.982849
 2442.5   1.005587
 2445.0   1.040864
 2447.5   1.069190
 2450.0   1.086633
 2452.5   1.094277
 2455.0   1.097703
 2457.5   1.101604
 2460.0   1.102613
 2462.5   1.095687
 2465.0   1.077132
 2467.5   1.046509
 2470.0   1.015053
 2472.5   0.994961
 2475.0   0.990589
 2477.5   0.999991
 2480.0   1.003847
 2482.5   0.985853
 2485.0   0.959149
 2487.5   0.938300
 2490.0   0.914129
 2492.5   0.883460
 2495.0   0.890856
 2497.5   0.968107
 2500.0   1.048169
 2502.5   1.062181
 2505.0   1.032850
 2507.5   1.001424
 2510.0   0.991732
 2512.5   1.012809
 2515.0   1.031929
 2517.5   1.017430
 2520.0   0.983655
 2522.5   0.952172
 2525.0   0.927448
 2527.5   0.911958
 2530.0   0.917317
 2532.5   0.949935
 2535.0   0.986263
 2537.5   1.000926
 2540.0   0.991221
 2542.5   0.963964
 2545.0   0.941384
 2547.5   0.942521
 2550.0   0.958250
 2552.5   0.974584
 2555.0   0.986258
 2557.5   0.991589
 2560.0   0.994516
 2562.5   1.000615
 2565.0   1.016402
 2567.5   1.044917
 2570.0   1.074358
 2572.5   1.084880
 2575.0   1.039314
 2577.5   0.918629
 2580.0   0.793666
 2582.5   0.740516
 2585.0   0.766393
 2587.5   0.853260
 2590.0   0.950952
 2592.5   1.013206
 2595.0   1.041492
 2597.5   1.048077
 2600.0   1.040669
 2602.5   1.026828
 2605.0   1.018071
 2607.5   1.021889
 2610.0   1.025710
 2612.5   1.018499
 2615.0   1.015422
 2617.5   1.030736
 2620.0   1.048844
 2622.5   1.051523
 2625.0   1.039886
 2627.5   1.022352
 2630.0   1.017217
 2632.5   1.036795
 2635.0   1.059603
 2637.5   1.064398
 2640.0   1.064705
 2642.5   1.077673
 2645.0   1.100167
 2647.5   1.124409
 2650.0   1.144326
 2652.5   1.154563
 2655.0   1.150931
 2657.5   1.132239
 2660.0   1.108117
 2662.5   1.087465
 2665.0   1.065427
 2667.5   1.037194
 2670.0   1.011902
 2672.5   1.000636
 2675.0   1.008321
 2677.5   1.034778
 2680.0   1.065549
 2682.5   1.085430
 2685.0   1.090489
 2687.5   1.080119
 2690.0   1.055726
 2692.5   1.022309
 2695.0   0.997226
 2697.5   0.996130
 2700.0   1.015496
 2702.5   1.043489
 2705.0   1.054217
 2707.5   1.029705
 2710.0   0.997694
 2712.5   0.987903
 2715.0   0.992235
 2717.5   0.995653
 2720.0   0.993181
 2722.5   0.984537
 2725.0   0.978159
 2727.5   0.982434
 2730.0   0.996837
 2732.5   1.017379
 2735.0   1.035138
 2737.5   1.041132
 2740.0   1.031072
 2742.5   1.005626
 2745.0   0.980610
 2747.5   0.969268
 2750.0   0.959419
 2752.5   0.938944
 2755.0   0.921392
 2757.5   0.922200
 2760.0   0.938690
 2762.5   0.962650
 2765.0   0.981846
 2767.5   0.987613
 2770.0   0.989572
 2772.5   1.000317
 2775.0   1.026034
 2777.5   1.064615
 2780.0   1.087187
 2782.5   1.070354
 2785.0   1.039397
 2787.5   1.022805
 2790.0   1.013213
 2792.5   0.995553
 2795.0   0.959790
 2797.5   0.904113
 2800.0   0.854565
 2802.5   0.836808
 2805.0   0.847115
 2807.5   0.876021
 2810.0   0.920482
 2812.5   0.976214
 2815.0   1.027540
 2817.5   1.059134
 2820.0   1.068462
 2822.5   1.057863
 2825.0   1.036374
 2827.5   1.014595
 2830.0   1.002689
 2832.5   1.007511
 2835.0   1.023119
 2837.5   1.040471
 2840.0   1.050926
 2842.5   1.048301
 2845.0   1.035849
 2847.5   1.018474
 2850.0   0.998238
 2852.5   0.977300
 2855.0   0.961054
 2857.5   0.954762
 2860.0   0.959937
 2862.5   0.975293
 2865.0   0.992102
 2867.5   1.001748
 2870.0   1.003491
 2872.5   0.998909
 2875.0   0.990969
 2877.5   0.983391
 2880.0   0.981512
 2882.5   0.989278
 2885.0   1.003459
 2887.5   1.018357
 2890.0   1.025574
 2892.5   1.019373
 2895.0   1.007366
 2897.5   0.998744
 2900.0   0.995669
 2902.5   0.999661
 2905.0   1.016709
 2907.5   1.048688
 2910.0   1.076558
 2912.5   1.083497
 2915.0   1.082485
 2917.5   1.087412
 2920.0   1.086017
 2922.5   1.065976
 2925.0   1.040866
 2927.5   1.027165
 2930.0   1.027064
 2932.5   1.036986
 2935.0   1.044562
 2937.5   1.041244
 2940.0   1.042548
 2942.5   1.060444
 2945.0   1.068666
 2947.5   1.045113
 2950.0   1.022596
 2952.5   1.034955
 2955.0   1.065236
 2957.5   1.088089
 2960.0   1.095379
 2962.5   1.086157
 2965.0   1.071008
 2967.5   1.061501
 2970.0   1.061609
 2972.5   1.071125
 2975.0   1.080706
 2977.5   1.081086
 2980.0   1.072428
 2982.5   1.059341
 2985.0   1.054782
 2987.5   1.067355
 2990.0   1.079901
 2992.5   1.076280
 2995.0   1.070195
 2997.5   1.075394
 3000.0   1.075974
 3002.5   1.057713
 3005.0   1.042763
 3007.5   1.052202
 3010.0   1.066428
 3012.5   1.062215
 3015.0   1.042527
 3017.5   1.017743
 3020.0   1.001714
 3022.5   1.004107
 3025.0   1.014394
 3027.5   1.019947
 3030.0   1.019927
 3032.5   1.017855
 3035.0   1.022885
 3037.5   1.040723
 3040.0   1.057637
 3042.5   1.059692
 3045.0   1.051592
 3047.5   1.041980
 3050.0   1.036622
 3052.5   1.037759
 3055.0   1.036418
 3057.5   1.024170
 3060.0   1.005969
 3062.5   0.988810
 3065.0   0.974454
 3067.5   0.963424
 3070.0   0.956507
 3072.5   0.956320
 3075.0   0.972521
 3077.5   1.009729
 3080.0   1.045360
 3082.5   1.056566
 3085.0   1.046632
 3087.5   1.026769
 3090.0   1.013760
 3092.5   1.019154
 3095.0   1.027994
 3097.5   1.023879
 3100.0   1.011138
 3102.5   0.997415
 3105.0   0.982877
 3107.5   0.966940
 3110.0   0.953480
 3112.5   0.946520
 3115.0   0.946203
 3117.5   0.952057
 3120.0   0.965026
 3122.5   0.985860
 3125.0   1.013101
 3127.5   1.041660
 3130.0   1.054124
 3132.5   1.037366
 3135.0   1.007729
 3137.5   0.986551
 3140.0   0.985666
 3142.5   1.008462
 3145.0   1.034042
 3147.5   1.042017
 3150.0   1.038314
 3152.5   1.032708
 3155.0   1.024035
 3157.5   1.011097
 3160.0   1.003496
 3162.5   1.010000
 3165.0   1.025234
 3167.5   1.041101
 3170.0   1.052744
 3172.5   1.055910
 3175.0   1.045524
 3177.5   1.020783
 3180.0   0.998782
 3182.5   0.996767
 3185.0   1.014678
 3187.5   1.045705
 3190.0   1.073331
 3192.5   1.082236
 3195.0   1.071585
 3197.5   1.047020
 3200.0   1.025610
 3202.5   1.021676
 3205.0   1.027123
 3207.5   1.030431
 3210.0   1.028811
 3212.5   1.022087
 3215.0   1.011811
 3217.5   1.000122
 3220.0   0.989788
 3222.5   0.983117
 3225.0   0.979960
 3227.5   0.979564
 3230.0   0.981220
 3232.5   0.984141
 3235.0   0.987170
 3237.5   0.989060
 3240.0   0.988567
 3242.5   0.985048
 3245.0   0.980252
 3247.5   0.976530
 3250.0   0.976231
 3252.5   0.980854
 3255.0   0.988487
 3257.5   0.996365
 3260.0   1.001723
 3262.5   1.002574
 3265.0   1.000031
 3267.5   0.995984
 3270.0   0.992324
 3272.5   0.990392
 3275.0   0.989331
 3277.5   0.987737
 3280.0   0.984206
 3282.5   0.978111
 3285.0   0.971932
 3287.5   0.968929
 3290.0   0.972359
 3292.5   0.983964
 3295.0   0.999411
 3297.5   1.012851
 3300.0   1.018435
 3302.5   1.012241
 3305.0   0.998059
 3307.5   0.981610
 3310.0   0.968613
 3312.5   0.963335
 3315.0   0.964230
 3317.5   0.968299
 3320.0   0.972542
 3322.5   0.974642
 3325.0   0.975001
 3327.5   0.974704
 3330.0   0.974833
 3332.5   0.976152
 3335.0   0.978138
 3337.5   0.979949
 3340.0   0.980742
 3342.5   0.979932
 3345.0   0.977971
 3347.5   0.975567
 3350.0   0.973430
 3352.5   0.972021
 3355.0   0.970812
 3357.5   0.969029
 3360.0   0.965897
 3362.5   0.960969
 3365.0   0.955103
 3367.5   0.949486
 3370.0   0.945304
 3372.5   0.943352
 3375.0   0.942864
 3377.5   0.942684
 3380.0   0.941656
 3382.5   0.939007
 3385.0   0.935501
 3387.5   0.932284
 3390.0   0.930504
 3392.5   0.931111
 3395.0   0.934256
 3397.5   0.939895
 3400.0   0.947981
 3402.5   0.958128
 3405.0   0.968577
 3407.5   0.977228
 3410.0   0.981979
 3412.5   0.981455
 3415.0   0.977178
 3417.5   0.971395
 3420.0   0.966353
 3422.5   0.963634
 3425.0   0.962162
 3427.5   0.960196
 3430.0   0.955995
 3432.5   0.948494
 3435.0   0.939342
 3437.5   0.930864
 3440.0   0.925386
 3442.5   0.924494
 3445.0   0.926828
 3447.5   0.930288
 3450.0   0.932775
 3452.5   0.932789
 3455.0   0.931227
 3457.5   0.929583
 3460.0   0.929353
 3462.5   0.931496
 3465.0   0.934830
 3467.5   0.937635
 3470.0   0.938193
 3472.5   0.935375
 3475.0   0.930411
 3477.5   0.925123
 3480.0   0.921333
 3482.5   0.920278
 3485.0   0.920843
 3487.5   0.921330
 3490.0   0.920065
 3492.5   0.916017
 3495.0   0.910705
 3497.5   0.906364
 3500.0   0.905543
 3502.5   0.909750
 3505.0   0.916023
 3507.5   0.920828
 3510.0   0.922815
 3512.5   0.921699
 3515.0   0.919272
 3517.5   0.917443
 3520.0   0.916501
 3522.5   0.916469
 3525.0   0.917938
 3527.5   0.921335
 3530.0   0.925882
 3532.5   0.930488
 3535.0   0.934025
 3537.5   0.935547
 3540.0   0.934882
 3542.5   0.932247
 3545.0   0.928635
 3547.5   0.925126
 3550.0   0.922378
 3552.5   0.920766
 3555.0   0.919969
 3557.5   0.919287
 3560.0   0.917202
 3562.5   0.912510
 3565.0   0.906070
 3567.5   0.899387
 3570.0   0.894498
 3572.5   0.892868
 3575.0   0.893153
 3577.5   0.893466
 3580.0   0.892547
 3582.5   0.889896
 3585.0   0.887421
 3587.5   0.887138
 3590.0   0.889092
 3592.5   0.892539
 3595.0   0.895562
 3597.5   0.896648
 3600.0   0.897085
 3602.5   0.897892
 3605.0   0.896206
 3607.5   0.889828
 3610.0   0.883098
 3612.5   0.880561
 3615.0   0.881046
 3617.5   0.882605
 3620.0   0.885908
 3622.5   0.891466
 3625.0   0.896548
 3627.5   0.898607
 3630.0   0.899074
 3632.5   0.899933
 3635.0   0.901410
 3637.5   0.903055
 3640.0   0.903462
 3642.5   0.901827
 3645.0   0.900716
 3647.5   0.902796
 3650.0   0.907777
 3652.5   0.914306
 3655.0   0.919733
 3657.5   0.921867
 3660.0   0.921648
 3662.5   0.920628
 3665.0   0.919670
 3667.5   0.919066
 3670.0   0.917523
 3672.5   0.913800
 3675.0   0.908440
 3677.5   0.902554
 3680.0   0.897727
 3682.5   0.895377
 3685.0   0.895790
 3687.5   0.898900
 3690.0   0.904367
 3692.5   0.911199
 3695.0   0.916081
 3697.5   0.917106
 3700.0   0.920332
 3702.5   0.930948
 3705.0   0.942691
 3707.5   0.950064
 3710.0   0.962079
 3712.5   0.985862
 3715.0   1.006473
 3717.5   1.010902
 3720.0   1.015919
 3722.5   1.038525
 3725.0   1.066856
 3727.5   1.082745
 3730.0   1.071680
 3732.5   1.033669
 3735.0   1.023150
 3737.5   1.082681
 3740.0   1.152860
 3742.5   1.165842
 3745.0   1.121979
 3747.5   1.048771
 3750.0   1.014114
 3752.5   1.071506
 3755.0   1.176449
 3757.5   1.266883
 3760.0   1.308511
 3762.5   1.282474
 3765.0   1.203920
 3767.5   1.105841
 3770.0   1.058592
 3772.5   1.119302
 3775.0   1.254845
 3777.5   1.412001
 3780.0   1.547439
 3782.5   1.625256
 3785.0   1.629362
 3787.5   1.554814
 3790.0   1.421449
 3792.5   1.261590
 3795.0   1.132716
 3797.5   1.089611
 3800.0   1.151134
 3802.5   1.312745
 3805.0   1.512220
 3807.5   1.684208
 3810.0   1.808515
 3812.5   1.879782
 3815.0   1.906824
 3817.5   1.898335
 3820.0   1.848355
 3822.5   1.749817
 3825.0   1.605863
 3827.5   1.426542
 3830.0   1.239301
 3832.5   1.083009
 3835.0   1.024814
 3837.5   1.112536
 3840.0   1.288405
 3842.5   1.480422
 3845.0   1.665269
 3847.5   1.831627
 3850.0   1.967488
 3852.5   2.065000
 3855.0   2.133631
 3857.5   2.185023
 3860.0   2.222178
 3862.5   2.243909
 3865.0   2.240900
 3867.5   2.203774
 3870.0   2.131039
 3872.5   2.024667
 3875.0   1.892601
 3877.5   1.740839
 3880.0   1.561640
 3882.5   1.355762
 3885.0   1.171697
 3887.5   1.064379
 3890.0   1.066769
 3892.5   1.190236
 3895.0   1.381757
 3897.5   1.580300
 3900.0   1.757191
 3902.5   1.898372
 3905.0   2.015894
 3907.5   2.123020
 3910.0   2.211767
 3912.5   2.272951
 3915.0   2.313839
 3917.5   2.343888
 3920.0   2.364872
 3922.5   2.369732
 3925.0   2.323770
 3927.5   2.207054
 3930.0   2.086366
 3932.5   2.033834
 3935.0   2.056262
 3937.5   2.134713
 3940.0   2.212616
 3942.5   2.237655
 3945.0   2.212184
 3947.5   2.152087
 3950.0   2.072719
 3952.5   1.984319
 3955.0   1.877199
 3957.5   1.738078
 3960.0   1.559220
 3962.5   1.345081
 3965.0   1.143353
 3967.5   1.009358
 3970.0   0.985721
 3972.5   1.092868
 3975.0   1.275134
 3977.5   1.468248
 3980.0   1.649597
 3982.5   1.809326
 3985.0   1.946936
 3987.5   2.063338
 3990.0   2.155706
 3992.5   2.222658
 3995.0   2.272316
 3997.5   2.312557
 4000.0   2.340788
 4002.5   2.354800
 4005.0   2.364400
 4007.5   2.378775
 4010.0   2.392617
 4012.5   2.399461
 4015.0   2.402697
 4017.5   2.406238
 4020.0   2.406213
 4022.5   2.398522
 4025.0   2.385914
 4027.5   2.372874
 4030.0   2.363976
 4032.5   2.362062
 4035.0   2.362967
 4037.5   2.361783
 4040.0   2.357623
 4042.5   2.351644
 4045.0   2.349137
 4047.5   2.353521
 4050.0   2.356597
 4052.5   2.350188
 4055.0   2.337830
 4057.5   2.324338
 4060.0   2.307925
 4062.5   2.285704
 4065.0   2.256997
 4067.5   2.222041
 4070.0   2.182526
 4072.5   2.140399
 4075.0   2.097172
 4077.5   2.053257
 4080.0   2.005089
 4082.5   1.947333
 4085.0   1.871567
 4087.5   1.770204
 4090.0   1.642101
 4092.5   1.490260
 4095.0   1.327834
 4097.5   1.175413
 4100.0   1.073181
 4102.5   1.055514
 4105.0   1.113944
 4107.5   1.226997
 4110.0   1.364009
 4112.5   1.497420
 4115.0   1.621284
 4117.5   1.734198
 4120.0   1.831318
 4122.5   1.908590
 4125.0   1.968552
 4127.5   2.016248
 4130.0   2.060154
 4132.5   2.106771
 4135.0   2.151280
 4137.5   2.187473
 4140.0   2.214909
 4142.5   2.234852
 4145.0   2.249613
 4147.5   2.261057
 4150.0   2.268199
 4152.5   2.270176
 4155.0   2.269451
 4157.5   2.268827
 4160.0   2.269143
 4162.5   2.269443
 4165.0   2.263573
 4167.5   2.246881
 4170.0   2.225933
 4172.5   2.208446
 4175.0   2.195532
 4177.5   2.186643
 4180.0   2.181200
 4182.5   2.179024
 4185.0   2.181560
 4187.5   2.189537
 4190.0   2.199191
 4192.5   2.206228
 4195.0   2.208719
 4197.5   2.207410
 4200.0   2.211377
 4202.5   2.227682
 4205.0   2.247003
 4207.5   2.257938
 4210.0   2.257165
 4212.5   2.245106
 4215.0   2.229093
 4217.5   2.215744
 4220.0   2.201925
 4222.5   2.184184
 4225.0   2.167549
 4227.5   2.157566
 4230.0   2.153373
 4232.5   2.152648
 4235.0   2.153649
 4237.5   2.154226
 4240.0   2.150010
 4242.5   2.138262
 4245.0   2.124971
 4247.5   2.116756
 4250.0   2.114018
 4252.5   2.114982
 4255.0   2.115392
 4257.5   2.112176
 4260.0   2.109489
 4262.5   2.110864
 4265.0   2.110130
 4267.5   2.102324
 4270.0   2.097033
 4272.5   2.103770
 4275.0   2.117196
 4277.5   2.129340
 4280.0   2.136546
 4282.5   2.136303
 4285.0   2.126377
 4287.5   2.106400
 4290.0   2.083192
 4292.5   2.062406
 4295.0   2.037815
 4297.5   2.003966
 4300.0   1.970364
 4302.5   1.947193
 4305.0   1.932392
 4307.5   1.921291
 4310.0   1.911035
 4312.5   1.899022
 4315.0   1.881848
 4317.5   1.854985
 4320.0   1.810205
 4322.5   1.741096
 4325.0   1.652199
 4327.5   1.548726
 4330.0   1.427604
 4332.5   1.288327
 4335.0   1.148925
 4337.5   1.033478
 4340.0   0.971719
 4342.5   0.984811
 4345.0   1.053994
 4347.5   1.153516
 4350.0   1.269570
 4352.5   1.391200
 4355.0   1.506908
 4357.5   1.607511
 4360.0   1.693613
 4362.5   1.767044
 4365.0   1.824733
 4367.5   1.864082
 4370.0   1.889272
 4372.5   1.905497
 4375.0   1.915232
 4377.5   1.919969
 4380.0   1.919991
 4382.5   1.916430
 4385.0   1.915014
 4387.5   1.920404
 4390.0   1.928407
 4392.5   1.933754
 4395.0   1.935735
 4397.5   1.935259
 4400.0   1.935139
 4402.5   1.937756
 4405.0   1.941841
 4407.5   1.944813
 4410.0   1.942488
 4412.5   1.932832
 4415.0   1.924015
 4417.5   1.924009
 4420.0   1.929782
 4422.5   1.935582
 4425.0   1.935769
 4427.5   1.927224
 4430.0   1.916791
 4432.5   1.911423
 4435.0   1.908540
 4437.5   1.904582
 4440.0   1.901613
 4442.5   1.902274
 4445.0   1.905883
 4447.5   1.910567
 4450.0   1.913008
 4452.5   1.910483
 4455.0   1.904084
 4457.5   1.895686
 4460.0   1.886469
 4462.5   1.877181
 4465.0   1.867539
 4467.5   1.857883
 4470.0   1.852080
 4472.5   1.852118
 4475.0   1.848929
 4477.5   1.835344
 4480.0   1.822841
 4482.5   1.823280
 4485.0   1.831402
 4487.5   1.839332
 4490.0   1.845854
 4492.5   1.851271
 4495.0   1.855295
 4497.5   1.857670
 4500.0   1.858850
 4502.5   1.859556
 4505.0   1.860867
 4507.5   1.863084
 4510.0   1.863026
 4512.5   1.857693
 4515.0   1.848286
 4517.5   1.837077
 4520.0   1.826406
 4522.5   1.817857
 4525.0   1.809914
 4527.5   1.801485
 4530.0   1.796286
 4532.5   1.797638
 4535.0   1.802478
 4537.5   1.805997
 4540.0   1.802790
 4542.5   1.789504
 4545.0   1.771593
 4547.5   1.756102
 4550.0   1.747621
 4552.5   1.748498
 4555.0   1.754564
 4557.5   1.760645
 4560.0   1.764052
 4562.5   1.763206
 4565.0   1.758464
 4567.5   1.751204
 4570.0   1.744937
 4572.5   1.742182
 4575.0   1.739346
 4577.5   1.732416
 4580.0   1.721821
 4582.5   1.709935
 4585.0   1.702466
 4587.5   1.703919
 4590.0   1.710641
 4592.5   1.717475
 4595.0   1.721394
 4597.5   1.721202
 4600.0   1.720887
 4602.5   1.724035
 4605.0   1.727435
 4607.5   1.727038
 4610.0   1.722228
 4612.5   1.714236
 4615.0   1.708244
 4617.5   1.708130
 4620.0   1.708604
 4622.5   1.703981
 4625.0   1.696159
 4627.5   1.688542
 4630.0   1.682961
 4632.5   1.680444
 4635.0   1.680371
 4637.5   1.681487
 4640.0   1.681650
 4642.5   1.679522
 4645.0   1.677869
 4647.5   1.679221
 4650.0   1.681063
 4652.5   1.680602
 4655.0   1.678982
 4657.5   1.677530
 4660.0   1.674366
 4662.5   1.667671
 4665.0   1.659065
 4667.5   1.650773
 4670.0   1.643987
 4672.5   1.639428
 4675.0   1.636964
 4677.5   1.636705
 4680.0   1.640570
 4682.5   1.648979
 4685.0   1.654559
 4687.5   1.651073
 4690.0   1.644642
 4692.5   1.642208
 4695.0   1.641658
 4697.5   1.639758
 4700.0   1.637853
 4702.5   1.637542
 4705.0   1.636871
 4707.5   1.633333
 4710.0   1.625782
 4712.5   1.614308
 4715.0   1.602599
 4717.5   1.594524
 4720.0   1.591068
 4722.5   1.591663
 4725.0   1.592402
 4727.5   1.589536
 4730.0   1.583284
 4732.5   1.575298
 4735.0   1.568989
 4737.5   1.567203
 4740.0   1.568756
 4742.5   1.571562
 4745.0   1.573964
 4747.5   1.574691
 4750.0   1.573592
 4752.5   1.570485
 4755.0   1.563951
 4757.5   1.553497
 4760.0   1.543588
 4762.5   1.538443
 4765.0   1.536354
 4767.5   1.534914
 4770.0   1.534852
 4772.5   1.536867
 4775.0   1.538411
 4777.5   1.537095
 4780.0   1.534401
 4782.5   1.532488
 4785.0   1.532353
 4787.5   1.534255
 4790.0   1.536658
 4792.5   1.537281
 4795.0   1.532649
 4797.5   1.520832
 4800.0   1.507267
 4802.5   1.497483
 4805.0   1.490010
 4807.5   1.482423
 4810.0   1.475463
 4812.5   1.470072
 4815.0   1.464820
 4817.5   1.457713
 4820.0   1.446877
 4822.5   1.431433
 4825.0   1.414371
 4827.5   1.398614
 4830.0   1.382949
 4832.5   1.365441
 4835.0   1.345409
 4837.5   1.322047
 4840.0   1.292800
 4842.5   1.254823
 4845.0   1.205864
 4847.5   1.143790
 4850.0   1.066348
 4852.5   0.973770
 4855.0   0.876355
 4857.5   0.789663
 4860.0   0.740252
 4862.5   0.748595
 4865.0   0.799844
 4867.5   0.871923
 4870.0   0.949182
 4872.5   1.020382
 4875.0   1.085515
 4877.5   1.146161
 4880.0   1.199023
 4882.5   1.240975
 4885.0   1.274462
 4887.5   1.302754
 4890.0   1.326849
 4892.5   1.346712
 4895.0   1.360454
 4897.5   1.367033
 4900.0   1.370639
 4902.5   1.375583
 4905.0   1.381424
 4907.5   1.386663
 4910.0   1.390310
 4912.5   1.391253
 4915.0   1.387375
 4917.5   1.378015
 4920.0   1.369356
 4922.5   1.367487
 4925.0   1.371291
 4927.5   1.377414
 4930.0   1.380753
 4932.5   1.378138
 4935.0   1.375868
 4937.5   1.380381
 4940.0   1.389200
 4942.5   1.397890
 4945.0   1.403090
 4947.5   1.402428
 4950.0   1.396418
 4952.5   1.387233
 4955.0   1.380802
 4957.5   1.381912
 4960.0   1.387028
 4962.5   1.391367
 4965.0   1.393493
 4967.5   1.393391
 4970.0   1.393398
 4972.5   1.394976
 4975.0   1.393729
 4977.5   1.385626
 4980.0   1.373950
 4982.5   1.363562
 4985.0   1.358311
 4987.5   1.359869
 4990.0   1.362219
 4992.5   1.359207
 4995.0   1.351835
 4997.5   1.343101
 5000.0   1.336844
 5002.5   1.335804
 5005.0   1.337480
 5007.5   1.338184
 5010.0   1.334718
 5012.5   1.325574
 5015.0   1.315520
 5017.5   1.310107
 5020.0   1.311738
 5022.5   1.320238
 5025.0   1.328276
 5027.5   1.329277
 5030.0   1.326832
 5032.5   1.325640
 5035.0   1.324649
 5037.5   1.322256
 5040.0   1.320409
 5042.5   1.320799
 5045.0   1.320525
 5047.5   1.316772
 5050.0   1.311644
 5052.5   1.308224
 5055.0   1.308595
 5057.5   1.313072
 5060.0   1.315903
 5062.5   1.312361
 5065.0   1.307889
 5067.5   1.308069
 5070.0   1.308864
 5072.5   1.305495
 5075.0   1.299827
 5077.5   1.295194
 5080.0   1.294157
 5082.5   1.297968
 5085.0   1.303408
 5087.5   1.306691
 5090.0   1.306235
 5092.5   1.301644
 5095.0   1.295048
 5097.5   1.289168
 5100.0   1.286553
 5102.5   1.288481
 5105.0   1.291311
 5107.5   1.291750
 5110.0   1.292820
 5112.5   1.297335
 5115.0   1.300972
 5117.5   1.299070
 5120.0   1.292756
 5122.5   1.284769
 5125.0   1.278494
 5127.5   1.276305
 5130.0   1.275868
 5132.5   1.274281
 5135.0   1.271073
 5137.5   1.266715
 5140.0   1.263027
 5142.5   1.261393
 5145.0   1.260117
 5147.5   1.257207
 5150.0   1.252581
 5152.5   1.246974
 5155.0   1.242483
 5157.5   1.239996
 5160.0   1.234197
 5162.5   1.220568
 5165.0   1.203999
 5167.5   1.191373
 5170.0   1.188146
 5172.5   1.196559
 5175.0   1.207414
 5177.5   1.211178
 5180.0   1.208427
 5182.5   1.202618
 5185.0   1.198629
 5187.5   1.200002
 5190.0   1.203530
 5192.5   1.205090
 5195.0   1.203652
 5197.5   1.199204
 5200.0   1.192720
 5202.5   1.185815
 5205.0   1.181677
 5207.5   1.182760
 5210.0   1.187004
 5212.5   1.191763
 5215.0   1.196549
 5217.5   1.200805
 5220.0   1.201535
 5222.5   1.196600
 5225.0   1.189719
 5227.5   1.185070
 5230.0   1.182821
 5232.5   1.182016
 5235.0   1.181218
 5237.5   1.179461
 5240.0   1.178149
 5242.5   1.178450
 5245.0   1.178211
 5247.5   1.175642
 5250.0   1.173713
 5252.5   1.175096
 5255.0   1.176514
 5257.5   1.173845
 5260.0   1.165546
 5262.5   1.151939
 5265.0   1.138234
 5267.5   1.129514
 5270.0   1.125457
 5272.5   1.124512
 5275.0   1.125626
 5277.5   1.128070
 5280.0   1.131924
 5282.5   1.137360
 5285.0   1.144124
 5287.5   1.151547
 5290.0   1.157735
 5292.5   1.160866
 5295.0   1.160639
 5297.5   1.157379
 5300.0   1.152411
 5302.5   1.146989
 5305.0   1.141087
 5307.5   1.134580
 5310.0   1.128224
 5312.5   1.123154
 5315.0   1.121126
 5317.5   1.122833
 5320.0   1.124102
 5322.5   1.121068
 5325.0   1.115967
 5327.5   1.111946
 5330.0   1.109685
 5332.5   1.109146
 5335.0   1.109900
 5337.5   1.111432
 5340.0   1.113292
 5342.5   1.115293
 5345.0   1.118225
 5347.5   1.122692
 5350.0   1.127562
 5352.5   1.131034
 5355.0   1.130347
 5357.5   1.123691
 5360.0   1.114008
 5362.5   1.104790
 5365.0   1.096971
 5367.5   1.091058
 5370.0   1.088406
 5372.5   1.089797
 5375.0   1.092872
 5377.5   1.095129
 5380.0   1.096639
 5382.5   1.097991
 5385.0   1.099284
 5387.5   1.100152
 5390.0   1.098863
 5392.5   1.094084
 5395.0   1.087443
 5397.5   1.080940
 5400.0   1.075101
 5402.5   1.070269
 5405.0   1.067527
 5407.5   1.067647
 5410.0   1.069422
 5412.5   1.071349
 5415.0   1.072702
 5417.5   1.072943
 5420.0   1.071494
 5422.5   1.068057
 5425.0   1.063486
 5427.5   1.059021
 5430.0   1.056304
 5432.5   1.056399
 5435.0   1.057664
 5437.5   1.058273
 5440.0   1.058368
 5442.5   1.058473
 5445.0   1.058678
 5447.5   1.058927
 5450.0   1.059019
 5452.5   1.058814
 5455.0   1.058570
 5457.5   1.058465
 5460.0   1.057960
 5462.5   1.056480
 5465.0   1.054021
 5467.5   1.050808
 5470.0   1.047414
 5472.5   1.044472
 5475.0   1.042513
 5477.5   1.041931
 5480.0   1.042664
 5482.5   1.044131
 5485.0   1.044128
 5487.5   1.041014
 5490.0   1.037018
 5492.5   1.034651
 5495.0   1.033671
 5497.5   1.033066
 5500.0   1.031497
 5502.5   1.027939
 5505.0   1.022962
 5507.5   1.017887
 5510.0   1.015458
 5512.5   1.017528
 5515.0   1.020975
 5517.5   1.022247
 5520.0   1.021036
 5522.5   1.017944
 5525.0   1.013966
 5527.5   1.010262
 5530.0   1.008259
 5532.5   1.008697
 5535.0   1.009308
 5537.5   1.007851
 5540.0   1.005198
 5542.5   1.003047
 5545.0   1.003282
 5547.5   1.006886
 5550.0   1.011062
 5552.5   1.012900
 5555.0   1.012813
 5557.5   1.011737
 5560.0   1.009363
 5562.5   1.005433
 5565.0   1.001138
 5567.5   0.997791
 5570.0   0.995758
 5572.5   0.995037
 5575.0   0.995112
 5577.5   0.995163
 5580.0   0.993655
 5582.5   0.989663
 5585.0   0.985399
 5587.5   0.982895
 5590.0   0.980309
 5592.5   0.975815
 5595.0   0.971510
 5597.5   0.969724
 5600.0   0.969788
 5602.5   0.970465
 5605.0   0.971245
 5607.5   0.971565
 5610.0   0.969932
 5612.5   0.965551
 5615.0   0.961350
 5617.5   0.960245
 5620.0   0.961391
 5622.5   0.963128
 5625.0   0.964294
 5627.5   0.964248
 5630.0   0.963931
 5632.5   0.964316
 5635.0   0.964918
 5637.5   0.964986
 5640.0   0.964163
 5642.5   0.962294
 5645.0   0.959639
 5647.5   0.956508
 5650.0   0.952994
 5652.5   0.949036
 5655.0   0.944186
 5657.5   0.938483
 5660.0   0.934322
 5662.5   0.933822
 5665.0   0.935654
 5667.5   0.937936
 5670.0   0.940013
 5672.5   0.941379
 5675.0   0.940889
 5677.5   0.937717
 5680.0   0.932962
 5682.5   0.928267
 5685.0   0.925541
 5687.5   0.925850
 5690.0   0.926619
 5692.5   0.925252
 5695.0   0.922722
 5697.5   0.920579
 5700.0   0.919115
 5702.5   0.918383
 5705.0   0.918732
 5707.5   0.920413
 5710.0   0.922994
 5712.5   0.925695
 5715.0   0.927025
 5717.5   0.925924
 5720.0   0.923747
 5722.5   0.922009
 5725.0   0.920432
 5727.5   0.918483
 5730.0   0.916399
 5732.5   0.914479
 5735.0   0.912506
 5737.5   0.910190
 5740.0   0.907463
 5742.5   0.904395
 5745.0   0.901393
 5747.5   0.898859
 5750.0   0.896856
 5752.5   0.895595
 5755.0   0.896227
 5757.5   0.899331
 5760.0   0.902244
 5762.5   0.902250
 5765.0   0.899645
 5767.5   0.895520
 5770.0   0.891126
 5772.5   0.887329
 5775.0   0.883296
 5777.5   0.878436
 5780.0   0.874814
 5782.5   0.874358
 5785.0   0.875782
 5787.5   0.877052
 5790.0   0.876350
 5792.5   0.872766
 5795.0   0.868799
 5797.5   0.867135
 5800.0   0.867793
 5802.5   0.869848
 5805.0   0.871261
 5807.5   0.870412
 5810.0   0.868453
 5812.5   0.867023
 5815.0   0.866922
 5817.5   0.868423
 5820.0   0.870531
 5822.5   0.872274
 5825.0   0.874054
 5827.5   0.876191
 5830.0   0.877312
 5832.5   0.876163
 5835.0   0.873676
 5837.5   0.871042
 5840.0   0.868309
 5842.5   0.865519
 5845.0   0.863822
 5847.5   0.863943
 5850.0   0.863795
 5852.5   0.861680
 5855.0   0.860255
 5857.5   0.861982
 5860.0   0.864186
 5862.5   0.863840
 5865.0   0.861657
 5867.5   0.858988
 5870.0   0.855994
 5872.5   0.852627
 5875.0   0.849204
 5877.5   0.845726
 5880.0   0.840569
 5882.5   0.832442
 5885.0   0.823010
 5887.5   0.814506
 5890.0   0.808472
 5892.5   0.806322
 5895.0   0.809661
 5897.5   0.818680
 5900.0   0.827730
 5902.5   0.831362
 5905.0   0.830761
 5907.5   0.828574
 5910.0   0.826676
 5912.5   0.826268
 5915.0   0.826644
 5917.5   0.826715
 5920.0   0.825769
 5922.5   0.823545
 5925.0   0.821208
 5927.5   0.819957
 5930.0   0.819709
 5932.5   0.819922
 5935.0   0.819495
 5937.5   0.817497
 5940.0   0.814234
 5942.5   0.810421
 5945.0   0.807174
 5947.5   0.805407
 5950.0   0.804822
 5952.5   0.804774
 5955.0   0.804437
 5957.5   0.803369
 5960.0   0.802840
 5962.5   0.803900
 5965.0   0.804999
 5967.5   0.804484
 5970.0   0.802897
 5972.5   0.801174
 5975.0   0.799626
 5977.5   0.798432
 5980.0   0.797863
 5982.5   0.797875
 5985.0   0.797071
 5987.5   0.794514
 5990.0   0.792456
 5992.5   0.793022
 5995.0   0.794637
 5997.5   0.795251
 6000.0   0.794601
 6002.5   0.792977
 6005.0   0.791093
 6007.5   0.789594
 6010.0   0.788428
 6012.5   0.787340
 6015.0   0.785948
 6017.5   0.784067
 6020.0   0.782421
 6022.5   0.781644
 6025.0   0.781103
 6027.5   0.780147
 6030.0   0.779333
 6032.5   0.779139
 6035.0   0.778514
 6037.5   0.776642
 6040.0   0.775160
 6042.5   0.775552
 6045.0   0.776237
 6047.5   0.775453
 6050.0   0.773777
 6052.5   0.772233
 6055.0   0.771288
 6057.5   0.771026
 6060.0   0.770566
 6062.5   0.769238
 6065.0   0.768194
 6067.5   0.768422
 6070.0   0.768426
 6072.5   0.766620
 6075.0   0.763557
 6077.5   0.760256
 6080.0   0.757481
 6082.5   0.755773
 6085.0   0.755058
 6087.5   0.755041
 6090.0   0.755177
 6092.5   0.754994
 6095.0   0.754559
 6097.5   0.753947
 6100.0   0.752717
 6102.5   0.750623
 6105.0   0.748703
 6107.5   0.748008
 6110.0   0.748352
 6112.5   0.749149
 6115.0   0.749442
 6117.5   0.748525
 6120.0   0.747081
 6122.5   0.746015
 6125.0   0.745749
 6127.5   0.746325
 6130.0   0.746761
 6132.5   0.746076
 6135.0   0.744312
 6137.5   0.741765
 6140.0   0.738706
 6142.5   0.735428
 6145.0   0.732324
 6147.5   0.729669
 6150.0   0.727165
 6152.5   0.724510
 6155.0   0.721943
 6157.5   0.720032
 6160.0   0.720105
 6162.5   0.722798
 6165.0   0.725232
 6167.5   0.724920
 6170.0   0.724474
 6172.5   0.726549
 6175.0   0.728876
 6177.5   0.728778
 6180.0   0.726868
 6182.5   0.724511
 6185.0   0.722772
 6187.5   0.722533
 6190.0   0.724229
 6192.5   0.727602
 6195.0   0.730074
 6197.5   0.729330
 6200.0   0.726416
 6202.5   0.723016
 6205.0   0.719998
 6207.5   0.717846
 6210.0   0.716323
 6212.5   0.714994
 6215.0   0.713357
 6217.5   0.711074
 6220.0   0.708544
 6222.5   0.706239
 6225.0   0.704178
 6227.5   0.702345
 6230.0   0.701025
 6232.5   0.700418
 6235.0   0.700081
 6237.5   0.699550
 6240.0   0.698933
 6242.5   0.698445
 6245.0   0.698172
 6247.5   0.698218
 6250.0   0.698888
 6252.5   0.700301
 6255.0   0.701625
 6257.5   0.701922
 6260.0   0.700791
 6262.5   0.698152
 6265.0   0.694674
 6267.5   0.691027
 6270.0   0.687126
 6272.5   0.682580
 6275.0   0.676533
 6277.5   0.669164
 6280.0   0.665254
 6282.5   0.668656
 6285.0   0.674913
 6287.5   0.678823
 6290.0   0.680504
 6292.5   0.681084
 6295.0   0.680416
 6297.5   0.678353
 6300.0   0.676011
 6302.5   0.674515
 6305.0   0.673755
 6307.5   0.673266
 6310.0   0.672402
 6312.5   0.670834
 6315.0   0.669672
 6317.5   0.670047
 6320.0   0.671742
 6322.5   0.674008
 6325.0   0.675309
 6327.5   0.674511
 6330.0   0.672874
 6332.5   0.671867
 6335.0   0.671399
 6337.5   0.670881
 6340.0   0.669285
 6342.5   0.666000
 6345.0   0.662524
 6347.5   0.660588
 6350.0   0.660750
 6352.5   0.662892
 6355.0   0.665366
 6357.5   0.666575
 6360.0   0.666667
 6362.5   0.666061
 6365.0   0.664504
 6367.5   0.661961
 6370.0   0.659935
 6372.5   0.659773
 6375.0   0.660673
 6377.5   0.661409
 6380.0   0.661222
 6382.5   0.659741
 6385.0   0.657684
 6387.5   0.655933
 6390.0   0.654948
 6392.5   0.654950
 6395.0   0.655631
 6397.5   0.656491
 6400.0   0.656793
 6402.5   0.655945
 6405.0   0.654182
 6407.5   0.652015
 6410.0   0.650239
 6412.5   0.649375
 6415.0   0.648577
 6417.5   0.647147
 6420.0   0.646361
 6422.5   0.647311
 6425.0   0.648377
 6427.5   0.647911
 6430.0   0.646862
 6432.5   0.646534
 6435.0   0.647049
 6437.5   0.647957
 6440.0   0.647712
 6442.5   0.645173
 6445.0   0.641928
 6447.5   0.639673
 6450.0   0.637801
 6452.5   0.635509
 6455.0   0.633519
 6457.5   0.632679
 6460.0   0.632811
 6462.5   0.633420
 6465.0   0.633750
 6467.5   0.633133
 6470.0   0.631497
 6472.5   0.629036
 6475.0   0.626400
 6477.5   0.624313
 6480.0   0.623332
 6482.5   0.623563
 6485.0   0.623460
 6487.5   0.621554
 6490.0   0.618315
 6492.5   0.614896
 6495.0   0.613227
 6497.5   0.614633
 6500.0   0.617240
 6502.5   0.618763
 6505.0   0.618455
 6507.5   0.616146
 6510.0   0.612423
 6512.5   0.608122
 6515.0   0.604327
 6517.5   0.601797
 6520.0   0.599741
 6522.5   0.597162
 6525.0   0.593783
 6527.5   0.589702
 6530.0   0.585786
 6532.5   0.582506
 6535.0   0.577994
 6537.5   0.570291
 6540.0   0.559423
 6542.5   0.545949
 6545.0   0.530566
 6547.5   0.513732
 6550.0   0.494820
 6552.5   0.472740
 6555.0   0.445639
 6557.5   0.413839
 6560.0   0.387141
 6562.5   0.375933
 6565.0   0.383494
 6567.5   0.408788
 6570.0   0.440645
 6572.5   0.468037
 6575.0   0.490634
 6577.5   0.510272
 6580.0   0.526743
 6582.5   0.539721
 6585.0   0.550450
 6587.5   0.560099
 6590.0   0.567959
 6592.5   0.573257
 6595.0   0.576827
 6597.5   0.579635
 6600.0   0.581570
 6602.5   0.582456
 6605.0   0.582938
 6607.5   0.583791
 6610.0   0.585495
 6612.5   0.588042
 6615.0   0.589771
 6617.5   0.589400
 6620.0   0.588803
 6622.5   0.589802
 6625.0   0.590842
 6627.5   0.590162
 6630.0   0.588545
 6632.5   0.587262
 6635.0   0.586986
 6637.5   0.587895
 6640.0   0.588796
 6642.5   0.588585
 6645.0   0.587881
 6647.5   0.587414
 6650.0   0.586622
 6652.5   0.585003
 6655.0   0.583577
 6657.5   0.583169
 6660.0   0.582297
 6662.5   0.579692
 6665.0   0.577257
 6667.5   0.576832
 6670.0   0.576840
 6672.5   0.575570
 6675.0   0.574182
 6677.5   0.574109
 6680.0   0.575010
 6682.5   0.576159
 6685.0   0.577058
 6687.5   0.577384
 6690.0   0.577292
 6692.5   0.576939
 6695.0   0.576001
 6697.5   0.574320
 6700.0   0.572869
 6702.5   0.572470
 6705.0   0.572201
 6707.5   0.571019
 6710.0   0.569137
 6712.5   0.567120
 6715.0   0.565666
 6717.5   0.565345
 6720.0   0.566061
 6722.5   0.567317
 6725.0   0.567662
 6727.5   0.566050
 6730.0   0.563994
 6732.5   0.563047
 6735.0   0.562363
 6737.5   0.560940
 6740.0   0.559562
 6742.5   0.559133
 6745.0   0.559246
 6747.5   0.559257
 6750.0   0.558876
 6752.5   0.558044
 6755.0   0.557265
 6757.5   0.556971
 6760.0   0.556734
 6762.5   0.556078
 6765.0   0.555203
 6767.5   0.554396
 6770.0   0.553600
 6772.5   0.552797
 6775.0   0.552449
 6777.5   0.552801
 6780.0   0.552745
 6782.5   0.551435
 6785.0   0.550434
 6787.5   0.551242
 6790.0   0.552717
 6792.5   0.553388
 6795.0   0.553126
 6797.5   0.552251
 6800.0   0.551552
 6802.5   0.551580
 6805.0   0.551454
 6807.5   0.550354
 6810.0   0.549133
 6812.5   0.548726
 6815.0   0.548740
 6817.5   0.548525
 6820.0   0.547746
 6822.5   0.546312
 6825.0   0.544781
 6827.5   0.543700
 6830.0   0.542914
 6832.5   0.542146
 6835.0   0.541328
 6837.5   0.540500
 6840.0   0.539912
 6842.5   0.539812
 6845.0   0.540229
 6847.5   0.541077
 6850.0   0.542038
 6852.5   0.542767
 6855.0   0.543049
 6857.5   0.542751
 6860.0   0.541932
 6862.5   0.540737
 6865.0   0.539451
 6867.5   0.538369
 6870.0   0.537691
 6872.5   0.537540
 6875.0   0.537832
 6877.5   0.538399
 6880.0   0.538934
 6882.5   0.539107
 6885.0   0.538634
 6887.5   0.537298
 6890.0   0.535100
 6892.5   0.532148
 6895.0   0.528770
 6897.5   0.525356
 6900.0   0.522335
 6902.5   0.520098
 6905.0   0.518858
 6907.5   0.518721
 6910.0   0.519544
 6912.5   0.521088
 6915.0   0.522964
 6917.5   0.524758
 6920.0   0.526103
 6922.5   0.526698
 6925.0   0.526447
 6927.5   0.525353
 6930.0   0.523623
 6932.5   0.521527
 6935.0   0.519398
 6937.5   0.517560
 6940.0   0.516242
 6942.5   0.515609
 6945.0   0.515648
 6947.5   0.516270
 6950.0   0.517246
 6952.5   0.518309
 6955.0   0.519189
 6957.5   0.519648
 6960.0   0.519594
 6962.5   0.518990
 6965.0   0.517884
 6967.5   0.516404
 6970.0   0.514923
 6972.5   0.513769
 6975.0   0.512839
 6977.5   0.512059
 6980.0   0.511897
 6982.5   0.512559
 6985.0   0.512649
 6987.5   0.511027
 6990.0   0.509168
 6992.5   0.508639
 6995.0   0.508755
 6997.5   0.508451
 7000.0   0.507389
 7002.5   0.505648
 7005.0   0.504241
 7007.5   0.503977
 7010.0   0.503905
 7012.5   0.503007
 7015.0   0.501765
 7017.5   0.500806
 7020.0   0.499839
 7022.5   0.498613
 7025.0   0.497949
 7027.5   0.498531
 7030.0   0.499422
 7032.5   0.499516
 7035.0   0.498656
 7037.5   0.497094
 7040.0   0.495765
 7042.5   0.495547
 7045.0   0.496395
 7047.5   0.497910
 7050.0   0.499189
 7052.5   0.499502
 7055.0   0.499314
 7057.5   0.499207
 7060.0   0.499049
 7062.5   0.498632
 7065.0   0.498177
 7067.5   0.497847
 7070.0   0.497152
 7072.5   0.495717
 7075.0   0.494278
 7077.5   0.493609
 7080.0   0.493516
 7082.5   0.493582
 7085.0   0.493479
 7087.5   0.492996
 7090.0   0.492319
 7092.5   0.491684
 7095.0   0.491148
 7097.5   0.490651
 7100.0   0.489862
 7102.5   0.488513
 7105.0   0.486858
 7107.5   0.485213
 7110.0   0.483619
 7112.5   0.482121
 7115.0   0.481052
 7117.5   0.480805
 7120.0   0.481716
 7122.5   0.483642
 7125.0   0.484591
 7127.5   0.482995
 7130.0   0.480840
 7132.5   0.480414
 7135.0   0.481651
 7137.5   0.483684
 7140.0   0.484793
 7142.5   0.483695
 7145.0   0.481697
 7147.5   0.480557
 7150.0   0.481246
 7152.5   0.483919
 7155.0   0.486243
 7157.5   0.486069
 7160.0   0.484457
 7162.5   0.482690
 7165.0   0.479726
 7167.5   0.474554
 7170.0   0.468617
 7172.5   0.463643
 7175.0   0.460054
 7177.5   0.457586
 7180.0   0.454525
 7182.5   0.449737
 7185.0   0.445861
 7187.5   0.445366
 7190.0   0.446275
 7192.5   0.446151
 7195.0   0.445152
 7197.5   0.443860
 7200.0   0.441943
 7202.5   0.439702
 7205.0   0.440879
 7207.5   0.448341
 7210.0   0.458005
 7212.5   0.465178
 7215.0   0.469662
 7217.5   0.472199
 7220.0   0.472794
 7222.5   0.471415
 7225.0   0.468631
 7227.5   0.464958
 7230.0   0.460114
 7232.5   0.454257
 7235.0   0.450098
 7237.5   0.449704
 7240.0   0.450005
 7242.5   0.447886
 7245.0   0.445188
 7247.5   0.444160
 7250.0   0.443737
 7252.5   0.442779
 7255.0   0.443160
 7257.5   0.446491
 7260.0   0.450329
 7262.5   0.452171
 7265.0   0.453331
 7267.5   0.455133
 7270.0   0.455126
 7272.5   0.451131
 7275.0   0.445824
 7277.5   0.442603
 7280.0   0.442898
 7282.5   0.446501
 7285.0   0.448625
 7287.5   0.445408
 7290.0   0.441254
 7292.5   0.440952
 7295.0   0.442551
 7297.5   0.443245
 7300.0   0.443547
 7302.5   0.444342
 7305.0   0.444674
 7307.5   0.443652
 7310.0   0.442466
 7312.5   0.442294
 7315.0   0.442171
 7317.5   0.441122
 7320.0   0.440274
 7322.5   0.440655
 7325.0   0.440797
 7327.5   0.439386
 7330.0   0.438235
 7332.5   0.439096
 7335.0   0.440354
 7337.5   0.440174
 7340.0   0.439209
 7342.5   0.438474
 7345.0   0.437955
 7347.5   0.437441
 7350.0   0.436961
 7352.5   0.436548
 7355.0   0.436011
 7357.5   0.435252
 7360.0   0.434783
 7362.5   0.434953
 7365.0   0.434848
 7367.5   0.433678
 7370.0   0.432394
 7372.5   0.432049
 7375.0   0.432349
 7377.5   0.432747
 7380.0   0.433036
 7382.5   0.433227
 7385.0   0.433852
 7387.5   0.435184
 7390.0   0.435932
 7392.5   0.434981
 7395.0   0.433486
 7397.5   0.432700
 7400.0   0.432015
 7402.5   0.430568
 7405.0   0.428357
 7407.5   0.425797
 7410.0   0.424120
 7412.5   0.424438
 7415.0   0.426570
 7417.5   0.429672
 7420.0   0.431545
 7422.5   0.430589
 7425.0   0.428953
 7427.5   0.428901
 7430.0   0.429413
 7432.5   0.429034
 7435.0   0.427864
 7437.5   0.426305
 7440.0   0.424417
 7442.5   0.422257
 7445.0   0.420214
 7447.5   0.418655
 7450.0   0.417546
 7452.5   0.416663
 7455.0   0.415445
 7457.5   0.413568
 7460.0   0.412012
 7462.5   0.411678
 7465.0   0.411861
 7467.5   0.411810
 7470.0   0.412201
 7472.5   0.413726
 7475.0   0.415711
 7477.5   0.417320
 7480.0   0.418427
 7482.5   0.419048
 7485.0   0.419049
 7487.5   0.418299
 7490.0   0.416838
 7492.5   0.414851
 7495.0   0.412928
 7497.5   0.411568
 7500.0   0.410493
 7502.5   0.409382
 7505.0   0.408522
 7507.5   0.408276
 7510.0   0.408693
 7512.5   0.409692
 7515.0   0.410980
 7517.5   0.412205
 7520.0   0.412988
 7522.5   0.413046
 7525.0   0.412496
 7527.5   0.411534
 7530.0   0.410266
 7532.5   0.408866
 7535.0   0.407872
 7537.5   0.407704
 7540.0   0.407964
 7542.5   0.408181
 7545.0   0.408424
 7547.5   0.408782
 7550.0   0.408889
 7552.5   0.408360
 7555.0   0.407197
 7557.5   0.405474
 7560.0   0.403182
 7562.5   0.400445
 7565.0   0.398006
 7567.5   0.396601
 7570.0   0.396316
 7572.5   0.397155
 7575.0   0.399426
 7577.5   0.403297
 7580.0   0.408053
 7582.5   0.412766
 7585.0   0.416527
 7587.5   0.418521
 7590.0   0.418298
 7592.5   0.415644
 7595.0   0.410939
 7597.5   0.404795
 7600.0   0.398171
 7602.5   0.392079
 7605.0   0.387409
 7607.5   0.384888
 7610.0   0.384712
 7612.5   0.386798
 7615.0   0.390478
 7617.5   0.394904
 7620.0   0.399103
 7622.5   0.402157
 7625.0   0.403505
 7627.5   0.402808
 7630.0   0.400258
 7632.5   0.396261
 7635.0   0.391546
 7637.5   0.386900
 7640.0   0.383008
 7642.5   0.380431
 7645.0   0.379319
 7647.5   0.379636
 7650.0   0.381010
 7652.5   0.382982
 7655.0   0.385077
 7657.5   0.386867
 7660.0   0.388140
 7662.5   0.388791
 7665.0   0.388938
 7667.5   0.388761
 7670.0   0.388478
 7672.5   0.388280
 7675.0   0.388207
 7677.5   0.388223
 7680.0   0.388128
 7682.5   0.387695
 7685.0   0.386759
 7687.5   0.385215
 7690.0   0.383143
 7692.5   0.380709
 7695.0   0.378240
 7697.5   0.376101
 7700.0   0.374644
 7702.5   0.374168
 7705.0   0.374786
 7707.5   0.376463
 7710.0   0.378761
 7712.5   0.381264
 7715.0   0.384052
 7717.5   0.386831
 7720.0   0.387307
 7722.5   0.383888
 7725.0   0.379778
 7727.5   0.378243
 7730.0   0.378008
 7732.5   0.377180
 7735.0   0.375933
 7737.5   0.374862
 7740.0   0.374159
 7742.5   0.373952
 7745.0   0.374499
 7747.5   0.375913
 7750.0   0.377602
 7752.5   0.378887
 7755.0   0.379436
 7757.5   0.379099
 7760.0   0.378094
 7762.5   0.376483
 7765.0   0.373339
 7767.5   0.367964
 7770.0   0.361561
 7772.5   0.356084
 7775.0   0.354589
 7777.5   0.358980
 7780.0   0.365470
 7782.5   0.369909
 7785.0   0.372405
 7787.5   0.374022
 7790.0   0.375396
 7792.5   0.376803
 7795.0   0.377504
 7797.5   0.376835
 7800.0   0.375441
 7802.5   0.374103
 7805.0   0.372839
 7807.5   0.371471
 7810.0   0.369793
 7812.5   0.367779
 7815.0   0.366151
 7817.5   0.365513
 7820.0   0.365266
 7822.5   0.364694
 7825.0   0.363830
 7827.5   0.362902
 7830.0   0.362176
 7832.5   0.361876
 7835.0   0.362033
 7837.5   0.362578
 7840.0   0.363228
 7842.5   0.363728
 7845.0   0.364155
 7847.5   0.364661
 7850.0   0.365373
 7852.5   0.366190
 7855.0   0.366129
 7857.5   0.364466
 7860.0   0.362388
 7862.5   0.361160
 7865.0   0.360436
 7867.5   0.359577
 7870.0   0.358388
 7872.5   0.356958
 7875.0   0.356062
 7877.5   0.356292
 7880.0   0.356824
 7882.5   0.356803
 7885.0   0.356661
 7887.5   0.356825
 7890.0   0.356413
 7892.5   0.354699
 7895.0   0.352896
 7897.5   0.352306
 7900.0   0.352643
 7902.5   0.353256
 7905.0   0.353626
 7907.5   0.353334
 7910.0   0.352244
 7912.5   0.350422
 7915.0   0.348478
 7917.5   0.346983
 7920.0   0.345822
 7922.5   0.344820
 7925.0   0.344261
 7927.5   0.344419
 7930.0   0.345080
 7932.5   0.345921
 7935.0   0.346678
 7937.5   0.347070
 7940.0   0.346685
 7942.5   0.345267
 7945.0   0.343324
 7947.5   0.341428
 7950.0   0.339639
 7952.5   0.337997
 7955.0   0.336974
 7957.5   0.337049
 7960.0   0.338300
 7962.5   0.340569
 7965.0   0.343170
 7967.5   0.345436
 7970.0   0.347311
 7972.5   0.348795
 7975.0   0.349508
 7977.5   0.349128
 7980.0   0.347939
 7982.5   0.346406
 7985.0   0.345113
 7987.5   0.344509
 7990.0   0.344387
 7992.5   0.344447
 7995.0   0.344671
 7997.5   0.345054
 8000.0   0.345366
 8002.5   0.345387
 8005.0   0.345161
 8007.5   0.344695
 8010.0   0.343594
 8012.5   0.341554
 8015.0   0.339053
 8017.5   0.336698
 8020.0   0.334836
 8022.5   0.333694
 8025.0   0.333275
 8027.5   0.333547
 8030.0   0.334551
 8032.5   0.336215
 8035.0   0.337939
 8037.5   0.339131
 8040.0   0.339747
 8042.5   0.339913
 8045.0   0.339884
 8047.5   0.339864
 8050.0   0.339712
 8052.5   0.339236
 8055.0   0.338381
 8057.5   0.337171
 8060.0   0.335804
 8062.5   0.334480
 8065.0   0.333216
 8067.5   0.332004
 8070.0   0.330914
 8072.5   0.330021
 8075.0   0.329356
 8077.5   0.328935
 8080.0   0.328766
 8082.5   0.328804
 8085.0   0.328813
 8087.5   0.328574
 8090.0   0.328124
 8092.5   0.327640
 8095.0   0.327612
 8097.5   0.328316
 8100.0   0.328865
 8102.5   0.328386
 8105.0   0.327219
 8107.5   0.325916
 8110.0   0.324668
 8112.5   0.323579
 8115.0   0.322779
 8117.5   0.322327
 8120.0   0.321983
 8122.5   0.321515
 8125.0   0.321035
 8127.5   0.320556
 8130.0   0.319348
 8132.5   0.316990
 8135.0   0.315033
 8137.5   0.314809
 8140.0   0.314800
 8142.5   0.313376
 8145.0   0.311295
 8147.5   0.309653
 8150.0   0.308496
 8152.5   0.307603
 8155.0   0.306733
 8157.5   0.305646
 8160.0   0.304132
 8162.5   0.302221
 8165.0   0.300884
 8167.5   0.301068
 8170.0   0.302679
 8172.5   0.304989
 8175.0   0.305764
 8177.5   0.303513
 8180.0   0.301219
 8182.5   0.301719
 8185.0   0.302806
 8187.5   0.301937
 8190.0   0.300273
 8192.5   0.299453
 8195.0   0.299333
 8197.5   0.299513
 8200.0   0.300343
 8202.5   0.302150
 8205.0   0.304406
 8207.5   0.306398
 8210.0   0.307521
 8212.5   0.307442
 8215.0   0.306808
 8217.5   0.306268
 8220.0   0.305509
 8222.5   0.303863
 8225.0   0.300199
 8227.5   0.294291
 8230.0   0.289992
 8232.5   0.290791
 8235.0   0.294647
 8237.5   0.298513
 8240.0   0.300845
 8242.5   0.301065
 8245.0   0.300965
 8247.5   0.302172
 8250.0   0.303298
 8252.5   0.302814
 8255.0   0.301641
 8257.5   0.301004
 8260.0   0.300903
 8262.5   0.301140
 8265.0   0.301967
 8267.5   0.303322
 8270.0   0.303442
 8272.5   0.301006
 8275.0   0.298171
 8277.5   0.297213
 8280.0   0.297393
 8282.5   0.297497
 8285.0   0.297413
 8287.5   0.297305
 8290.0   0.297336
 8292.5   0.297559
 8295.0   0.297581
 8297.5   0.297087
 8300.0   0.296521
 8302.5   0.296400
 8305.0   0.296769
 8307.5   0.297458
 8310.0   0.297919
 8312.5   0.297734
 8315.0   0.297400
 8317.5   0.297364
 8320.0   0.296959
 8322.5   0.295691
 8325.0   0.294860
 8327.5   0.295603
 8330.0   0.296591
 8332.5   0.296368
 8335.0   0.295422
 8337.5   0.294654
 8340.0   0.294681
 8342.5   0.295675
 8345.0   0.296301
 8347.5   0.295473
 8350.0   0.294597
 8352.5   0.295063
 8355.0   0.295700
 8357.5   0.295224
 8360.0   0.294467
 8362.5   0.294421
 8365.0   0.294600
 8367.5   0.294370
 8370.0   0.293966
 8372.5   0.293752
 8375.0   0.293728
 8377.5   0.293793
 8380.0   0.293804
 8382.5   0.293641
 8385.0   0.293310
 8387.5   0.292863
 8390.0   0.292417
 8392.5   0.292077
 8395.0   0.291851
 8397.5   0.291708
 8400.0   0.291566
 8402.5   0.291264
 8405.0   0.290385
 8407.5   0.288775
 8410.0   0.287584
 8412.5   0.287788
 8415.0   0.288367
 8417.5   0.288249
 8420.0   0.288147
 8422.5   0.288849
 8425.0   0.289670
 8427.5   0.289852
 8430.0   0.289839
 8432.5   0.290036
 8435.0   0.289507
 8437.5   0.287284
 8440.0   0.283611
 8442.5   0.279386
 8445.0   0.276913
 8447.5   0.278011
 8450.0   0.281159
 8452.5   0.284222
 8455.0   0.285944
 8457.5   0.285687
 8460.0   0.284416
 8462.5   0.283211
 8465.0   0.282008
 8467.5   0.280742
 8470.0   0.280488
 8472.5   0.282062
 8475.0   0.284115
 8477.5   0.285204
 8480.0   0.285680
 8482.5   0.286189
 8485.0   0.286778
 8487.5   0.287019
 8490.0   0.285189
 8492.5   0.280160
 8495.0   0.274475
 8497.5   0.270971
 8500.0   0.270005
 8502.5   0.271195
 8505.0   0.273692
 8507.5   0.276601
 8510.0   0.279309
 8512.5   0.281424
 8515.0   0.283168
 8517.5   0.284781
 8520.0   0.285962
 8522.5   0.286356
 8525.0   0.285925
 8527.5   0.284688
 8530.0   0.282583
 8532.5   0.279342
 8535.0   0.273948
 8537.5   0.265976
 8540.0   0.258127
 8542.5   0.253508
 8545.0   0.253735
 8547.5   0.259085
 8550.0   0.265971
 8552.5   0.270950
 8555.0   0.275018
 8557.5   0.279587
 8560.0   0.283288
 8562.5   0.284704
 8565.0   0.285008
 8567.5   0.285587
 8570.0   0.286087
 8572.5   0.285857
 8575.0   0.284799
 8577.5   0.283003
 8580.0   0.280766
 8582.5   0.278243
 8585.0   0.274829
 8587.5   0.269969
 8590.0   0.264067
 8592.5   0.257902
 8595.0   0.252793
 8597.5   0.250037
 8600.0   0.250306
 8602.5   0.253778
 8605.0   0.259279
 8607.5   0.265403
 8610.0   0.271181
 8612.5   0.275906
 8615.0   0.279498
 8617.5   0.282119
 8620.0   0.284287
 8622.5   0.286343
 8625.0   0.287573
 8627.5   0.287400
 8630.0   0.286856
 8632.5   0.286868
 8635.0   0.286338
 8637.5   0.284216
 8640.0   0.281676
 8642.5   0.279891
 8645.0   0.277804
 8647.5   0.274200
 8650.0   0.269458
 8652.5   0.263982
 8655.0   0.256682
 8657.5   0.246886
 8660.0   0.237084
 8662.5   0.230275
 8665.0   0.228316
 8667.5   0.232033
 8670.0   0.239257
 8672.5   0.247289
 8675.0   0.254298
 8677.5   0.259175
 8680.0   0.262843
 8682.5   0.266477
 8685.0   0.270235
 8687.5   0.273994
 8690.0   0.277516
 8692.5   0.280505
 8695.0   0.282539
 8697.5   0.283432
 8700.0   0.284073
 8702.5   0.284988
 8705.0   0.284174
 8707.5   0.280374
 8710.0   0.277839
 8712.5   0.280262
 8715.0   0.283596
 8717.5   0.283320
 8720.0   0.280767
 8722.5   0.278208
 8725.0   0.275808
 8727.5   0.273158
 8730.0   0.269673
 8732.5   0.264951
 8735.0   0.259512
 8737.5   0.253776
 8740.0   0.246847
 8742.5   0.238063
 8745.0   0.229009
 8747.5   0.221808
 8750.0   0.218496
 8752.5   0.220434
 8755.0   0.226373
 8757.5   0.234474
 8760.0   0.243132
 8762.5   0.251003
 8765.0   0.257532
 8767.5   0.262513
 8770.0   0.266325
 8772.5   0.269563
 8775.0   0.273084
 8777.5   0.277127
 8780.0   0.279191
 8782.5   0.277337
 8785.0   0.274604
 8787.5   0.274188
 8790.0   0.274939
 8792.5   0.275204
 8795.0   0.275659
 8797.5   0.276962
 8800.0   0.277358
 8802.5   0.275699
 8805.0   0.275689
 8807.5   0.280173
 8810.0   0.283718
 8812.5   0.281112
 8815.0   0.276312
 8817.5   0.274383
 8820.0   0.275647
 8822.5   0.278859
 8825.0   0.281248
 8827.5   0.280514
 8830.0   0.277759
 8832.5   0.274649
 8835.0   0.271701
 8837.5   0.268686
 8840.0   0.263536
 8842.5   0.255088
 8845.0   0.247639
 8847.5   0.244797
 8850.0   0.241965
 8852.5   0.234253
 8855.0   0.223806
 8857.5   0.214101
 8860.0   0.206907
 8862.5   0.203577
 8865.0   0.205490
 8867.5   0.213076
 8870.0   0.222924
 8872.5   0.231457
 8875.0   0.238259
 8877.5   0.243843
 8880.0   0.249270
 8882.5   0.255335
 8885.0   0.261231
 8887.5   0.265764
 8890.0   0.267794
 8892.5   0.266892
 8895.0   0.265412
 8897.5   0.265719
 8900.0   0.267435
 8902.5   0.269522
 8905.0   0.271045
 8907.5   0.271392
 8910.0   0.271142
 8912.5   0.271318
 8915.0   0.273528
 8917.5   0.278197
 8920.0   0.280429
 8922.5   0.276531
 8925.0   0.272948
 8927.5   0.275899
 8930.0   0.280552
 8932.5   0.281259
 8935.0   0.280161
 8937.5   0.280322
 8940.0   0.280712
 8942.5   0.279768
 8945.0   0.277902
 8947.5   0.275858
 8950.0   0.273739
 8952.5   0.271533
 8955.0   0.269398
 8957.5   0.267412
 8960.0   0.265160
 8962.5   0.262174
 8965.0   0.258277
 8967.5   0.253653
 8970.0   0.249648
 8972.5   0.247376
 8975.0   0.245873
 8977.5   0.243929
 8980.0   0.241439
 8982.5   0.238404
 8985.0   0.234129
 8987.5   0.228402
 8990.0   0.223623
 8992.5   0.221953
 8995.0   0.221977
 8997.5   0.221687
 9000.0   0.220272
 9002.5   0.217518
 9005.0   0.214390
 9007.5   0.211883
 9010.0   0.209945
 9012.5   0.208411
 9015.0   0.207717
 9017.5   0.208482
 9020.0   0.211450
 9022.5   0.216927
 9025.0   0.223343
 9027.5   0.229111
 9030.0   0.234445
 9032.5   0.239828
 9035.0   0.245005
 9037.5   0.249541
 9040.0   0.252999
 9042.5   0.255258
 9045.0   0.257445
 9047.5   0.260436
 9050.0   0.262840
 9052.5   0.263304
 9055.0   0.262899
 9057.5   0.262844
 9060.0   0.262518
 9062.5   0.261209
 9065.0   0.259665
 9067.5   0.258709
 9070.0   0.257987
 9072.5   0.257018
 9075.0   0.255984
 9077.5   0.255179
 9080.0   0.254676
 9082.5   0.254396
 9085.0   0.253862
 9087.5   0.252762
 9090.0   0.251839
 9092.5   0.251941
 9095.0   0.253264
 9097.5   0.255532
 9100.0   0.257221
 9102.5   0.257187
 9105.0   0.257053
 9107.5   0.258550
 9110.0   0.261065
 9112.5   0.263362
 9115.0   0.264041
 9117.5   0.262462
 9120.0   0.261180
 9122.5   0.262335
 9125.0   0.263225
 9127.5   0.261035
 9130.0   0.257342
 9132.5   0.254362
 9135.0   0.252475
 9137.5   0.251605
 9140.0   0.251696
 9142.5   0.252530
 9145.0   0.253235
 9147.5   0.252810
 9150.0   0.250387
 9152.5   0.245928
 9155.0   0.242576
 9157.5   0.243127
 9160.0   0.245816
 9162.5   0.248321
 9165.0   0.250651
 9167.5   0.252896
 9170.0   0.253140
 9172.5   0.250103
 9175.0   0.247046
 9177.5   0.247134
 9180.0   0.248596
 9182.5   0.248903
 9185.0   0.247441
 9187.5   0.244326
 9190.0   0.240678
 9192.5   0.237548
 9195.0   0.234690
 9197.5   0.231738
 9200.0   0.229126
 9202.5   0.227111
 9205.0   0.224443
 9207.5   0.220042
 9210.0   0.215025
 9212.5   0.210747
 9215.0   0.207318
 9217.5   0.204446
 9220.0   0.201475
 9222.5   0.197924
 9225.0   0.194374
 9227.5   0.191711
 9230.0   0.190973
 9232.5   0.192834
 9235.0   0.196350
 9237.5   0.200325
 9240.0   0.204166
 9242.5   0.207602
 9245.0   0.211056
 9247.5   0.214954
 9250.0   0.219031
 9252.5   0.222809
 9255.0   0.225638
 9257.5   0.227173
 9260.0   0.228475
 9262.5   0.230764
 9265.0   0.234508
 9267.5   0.239648
 9270.0   0.244772
 9272.5   0.248373
 9275.0   0.249925
 9277.5   0.249518
 9280.0   0.248717
 9282.5   0.248952
 9285.0   0.249623
 9287.5   0.249737
 9290.0   0.248748
 9292.5   0.246412
 9295.0   0.243251
 9297.5   0.239928
 9300.0   0.236909
 9302.5   0.234467
 9305.0   0.232304
 9307.5   0.230013
 9310.0   0.227318
 9312.5   0.224135
 9315.0   0.221010
 9317.5   0.218531
 9320.0   0.216820
 9322.5   0.216006
 9325.0   0.216727
 9327.5   0.219184
 9330.0   0.221338
 9332.5   0.221396
 9335.0   0.220802
 9337.5   0.220892
 9340.0   0.219328
 9342.5   0.214751
 9345.0   0.213393
 9347.5   0.220197
 9350.0   0.227356
 9352.5   0.226904
 9355.0   0.222999
 9357.5   0.221708
 9360.0   0.224611
 9362.5   0.230886
 9365.0   0.234577
 9367.5   0.231250
 9370.0   0.227680
 9372.5   0.230564
 9375.0   0.235085
 9377.5   0.235568
 9380.0   0.234429
 9382.5   0.235316
 9385.0   0.238730
 9387.5   0.244069
 9390.0   0.249480
 9392.5   0.253068
 9395.0   0.254038
 9397.5   0.252227
 9400.0   0.248912
 9402.5   0.245537
 9405.0   0.242781
 9407.5   0.240853
 9410.0   0.238835
 9412.5   0.235905
 9415.0   0.232737
 9417.5   0.230193
 9420.0   0.228388
 9422.5   0.226756
 9425.0   0.222760
 9427.5   0.215290
 9430.0   0.210919
 9432.5   0.214785
 9435.0   0.218602
 9437.5   0.214273
 9440.0   0.207870
 9442.5   0.207071
 9445.0   0.211790
 9447.5   0.219438
 9450.0   0.225157
 9452.5   0.225093
 9455.0   0.221661
 9457.5   0.218430
 9460.0   0.217307
 9462.5   0.219092
 9465.0   0.221820
 9467.5   0.223372
 9470.0   0.223775
 9472.5   0.223369
 9475.0   0.221596
 9477.5   0.218133
 9480.0   0.214485
 9482.5   0.212424
 9485.0   0.212963
 9487.5   0.216133
 9490.0   0.218806
 9492.5   0.217954
 9495.0   0.214117
 9497.5   0.208949
 9500.0   0.204990
 9502.5   0.204273
 9505.0   0.205921
 9507.5   0.208348
 9510.0   0.210033
 9512.5   0.209475
 9515.0   0.205195
 9517.5   0.196785
 9520.0   0.188097
 9522.5   0.182863
 9525.0   0.180081
 9527.5   0.178114
 9530.0   0.177512
 9532.5   0.178684
 9535.0   0.179283
 9537.5   0.177032
 9540.0   0.172703
 9542.5   0.167953
 9545.0   0.164942
 9547.5   0.165341
 9550.0   0.168364
 9552.5   0.172498
 9555.0   0.175767
 9557.5   0.177051
 9560.0   0.179106
 9562.5   0.184375
 9565.0   0.190175
 9567.5   0.193661
 9570.0   0.196482
 9572.5   0.200634
 9575.0   0.205022
 9577.5   0.208078
 9580.0   0.209433
 9582.5   0.209351
 9585.0   0.209440
 9587.5   0.210675
 9590.0   0.210170
 9592.5   0.205949
 9595.0   0.203540
 9597.5   0.207759
 9600.0   0.213078
 9602.5   0.213508
 9605.0   0.211576
 9607.5   0.210985
 9610.0   0.211642
 9612.5   0.212459
 9615.0   0.212166
 9617.5   0.210067
 9620.0   0.207939
 9622.5   0.207634
 9625.0   0.208837
 9627.5   0.210700
 9630.0   0.212405
 9632.5   0.213357
 9635.0   0.213805
 9637.5   0.214051
 9640.0   0.213752
 9642.5   0.212731
 9645.0   0.212120
 9647.5   0.212929
 9650.0   0.214383
 9652.5   0.215339
 9655.0   0.214960
 9657.5   0.212946
 9660.0   0.210843
 9662.5   0.210128
 9665.0   0.210143
 9667.5   0.210162
 9670.0   0.211318
 9672.5   0.214305
 9675.0   0.216211
 9677.5   0.214628
 9680.0   0.212783
 9682.5   0.213925
 9685.0   0.215762
 9687.5   0.215517
 9690.0   0.214026
 9692.5   0.212730
 9695.0   0.211890
 9697.5   0.211398
 9700.0   0.210853
 9702.5   0.210022
 9705.0   0.209639
 9707.5   0.210379
 9710.0   0.211730
 9712.5   0.212897
 9715.0   0.213149
 9717.5   0.212069
 9720.0   0.210439
 9722.5   0.209008
 9725.0   0.207201
 9727.5   0.204626
 9730.0   0.202945
 9732.5   0.203523
 9735.0   0.204475
 9737.5   0.203929
 9740.0   0.203321
 9742.5   0.204197
 9745.0   0.205230
 9747.5   0.205080
 9750.0   0.205230
 9752.5   0.207190
 9755.0   0.209753
 9757.5   0.211274
 9760.0   0.211071
 9762.5   0.209235
 9765.0   0.207982
 9767.5   0.209193
 9770.0   0.211290
 9772.5   0.212219
 9775.0   0.211490
 9777.5   0.209377
 9780.0   0.207655
 9782.5   0.207733
 9785.0   0.208044
 9787.5   0.207000
 9790.0   0.205890
 9792.5   0.206146
 9795.0   0.206898
 9797.5   0.207188
 9800.0   0.208006
 9802.5   0.210256
 9805.0   0.212538
 9807.5   0.213203
 9810.0   0.211901
 9812.5   0.209009
 9815.0   0.206509
 9817.5   0.206024
 9820.0   0.206125
 9822.5   0.205390
 9825.0   0.205469
 9827.5   0.207601
 9830.0   0.208315
 9832.5   0.204867
 9835.0   0.202143
 9837.5   0.204839
 9840.0   0.209274
 9842.5   0.210908
 9845.0   0.210149
 9847.5   0.208469
 9850.0   0.206650
 9852.5   0.205220
 9855.0   0.204388
 9857.5   0.204151
 9860.0   0.203980
 9862.5   0.203523
 9865.0   0.203672
 9867.5   0.205191
 9870.0   0.207104
 9872.5   0.208165
 9875.0   0.207786
 9877.5   0.205836
 9880.0   0.203337
 9882.5   0.201383
 9885.0   0.200196
 9887.5   0.199668
 9890.0   0.199245
 9892.5   0.198577
 9895.0   0.198569
 9897.5   0.199749
 9900.0   0.199893
 9902.5   0.197154
 9905.0   0.193942
 9907.5   0.193044
 9910.0   0.194480
 9912.5   0.197248
 9915.0   0.199013
 9917.5   0.198112
 9920.0   0.196895
 9922.5   0.197798
 9925.0   0.199583
 9927.5   0.200514
 9930.0   0.200535
 9932.5   0.200085
 9935.0   0.199916
 9937.5   0.200351
 9940.0   0.199683
 9942.5   0.196518
 9945.0   0.192748
 9947.5   0.190367
 9950.0   0.188488
 9952.5   0.186172
 9955.0   0.185139
 9957.5   0.186734
 9960.0   0.188144
 9962.5   0.186764
 9965.0   0.184994
 9967.5   0.185575
 9970.0   0.187610
 9972.5   0.189366
 9975.0   0.189416
 9977.5   0.187349
 9980.0   0.186516
 9982.5   0.189387
 9985.0   0.191154
 9987.5   0.187417
 9990.0   0.182692
 9992.5   0.181846
 9995.0   0.182245
 9997.5   0.180618
10000.0   0.178647
10002.5   0.178246
10005.0   0.177320
10007.5   0.173837
10010.0   0.170040
10012.5   0.168164
10015.0   0.166144
10017.5   0.162103
10020.0   0.159202
10022.5   0.160183
10025.0   0.161064
10027.5   0.158045
10030.0   0.154773
10032.5   0.155013
10035.0   0.155553
10037.5   0.152822
10040.0   0.148779
10042.5   0.146074
10045.0   0.144590
10047.5   0.143972
10050.0   0.145691
10052.5   0.150421
10055.0   0.153829
10057.5   0.152332
10060.0   0.150342
10062.5   0.152610
10065.0   0.157244
10067.5   0.161330
10070.0   0.164504
10072.5   0.166967
10075.0   0.168632
10077.5   0.169438
10080.0   0.169710
10082.5   0.169956
10085.0   0.171018
10087.5   0.173295
10090.0   0.175074
10092.5   0.174861
10095.0   0.174140
10097.5   0.174709
10100.0   0.176636
10102.5   0.179340
10105.0   0.181357
10107.5   0.181501
10110.0   0.180568
10112.5   0.179704
10115.0   0.179481
10117.5   0.179951
10120.0   0.179657
10122.5   0.177661
10125.0   0.176616
10127.5   0.178627
10130.0   0.180016
10132.5   0.177435
10135.0   0.174641
10137.5   0.175593
10140.0   0.177958
10142.5   0.178757
10145.0   0.178730
10147.5   0.179177
10150.0   0.179911
10152.5   0.180475
10155.0   0.180808
10157.5   0.180923
10160.0   0.180727
10162.5   0.180137
10165.0   0.179230
10167.5   0.178118
10170.0   0.176907
10172.5   0.175700
10175.0   0.174602
10177.5   0.173720
10180.0   0.173160
10182.5   0.172996
10185.0   0.173180
10187.5   0.173634
10190.0   0.174281
10192.5   0.175041
10195.0   0.175837
10197.5   0.176590
10200.0   0.177221
10202.5   0.177668
10205.0   0.177931
10207.5   0.178025
10210.0   0.177964
10212.5   0.177765
10215.0   0.177442
10217.5   0.177011
10220.0   0.176487
10222.5   0.175891
10225.0   0.175265
10227.5   0.174659
10230.0   0.174121
10232.5   0.173700
10235.0   0.173444
10237.5   0.173403
10240.0   0.173625
10242.5   0.174136
10245.0   0.174867
10247.5   0.175726
10250.0   0.176621
10252.5   0.177461
10255.0   0.178155
10257.5   0.178610
10260.0   0.178735
10262.5   0.178467
10265.0   0.177859
10267.5   0.176994
10270.0   0.175955
10272.5   0.174823
10275.0   0.173681
10277.5   0.172612
10280.0   0.171697
10282.5   0.170998
10285.0   0.170493
10287.5   0.170137
10290.0   0.169885
10292.5   0.169694
10295.0   0.169519
10297.5   0.169316
10300.0   0.169042
10302.5   0.168665
10305.0   0.168212
10307.5   0.167721
10310.0   0.167231
10312.5   0.166782
10315.0   0.166412
10317.5   0.166162
10320.0   0.166069
10322.5   0.166155
10325.0   0.166370
10327.5   0.166645
10330.0   0.166911
10332.5   0.167100
10335.0   0.167142
10337.5   0.166970
10340.0   0.166515
10342.5   0.165738
10345.0   0.164721
10347.5   0.163574
10350.0   0.162409
10352.5   0.161337
10355.0   0.160470
10357.5   0.159918
10360.0   0.159793
10362.5   0.160164
10365.0   0.160927
10367.5   0.161937
10370.0   0.163048
10372.5   0.164116
10375.0   0.164994
10377.5   0.165537
10380.0   0.165600
10382.5   0.165084
10385.0   0.164079
10387.5   0.162722
10390.0   0.161150
10392.5   0.159500
10395.0   0.157909
10397.5   0.156514
10400.0   0.155452
10402.5   0.154825
10405.0   0.154595
10407.5   0.154690
10410.0   0.155038
10412.5   0.155567
10415.0   0.156204
10417.5   0.156877
10420.0   0.157513
10422.5   0.158052
10425.0   0.158480
10427.5   0.158796
10430.0   0.158998
10432.5   0.159084
10435.0   0.159052
10437.5   0.158900
10440.0   0.158627
10442.5   0.158237
10445.0   0.157762
10447.5   0.157241
10450.0   0.156711
10452.5   0.156211
10455.0   0.155778
10457.5   0.155452
10460.0   0.155270
10462.5   0.155258
10465.0   0.155384
10467.5   0.155605
10470.0   0.155878
10472.5   0.156159
10475.0   0.156402
10477.5   0.156564
10480.0   0.156605
10482.5   0.156496
10485.0   0.156243
10487.5   0.155878
10490.0   0.155495
10492.5   0.155143
10495.0   0.154643
10497.5   0.153973
10500.0   0.153973
10502.5   0.155250
10505.0   0.156612
10507.5   0.156861
10510.0   0.156573
10512.5   0.156554
10515.0   0.156745
10517.5   0.156928
10520.0   0.157117
10522.5   0.157363
10525.0   0.157634
10527.5   0.157883
10530.0   0.158077
10532.5   0.158188
10535.0   0.158182
10537.5   0.158027
10540.0   0.157688
10542.5   0.157150
10545.0   0.156461
10547.5   0.155687
10550.0   0.154892
10552.5   0.154140
10555.0   0.153497
10557.5   0.153027
10560.0   0.152796
10562.5   0.152845
10565.0   0.153128
10567.5   0.153577
10570.0   0.154124
10572.5   0.154700
10575.0   0.155237
10577.5   0.155665
10580.0   0.155917
10582.5   0.155942
10585.0   0.155761
10587.5   0.155413
10590.0   0.154937
10592.5   0.154373
10595.0   0.153758
10597.5   0.153131
10600.0   0.152538
10602.5   0.152010
10605.0   0.151525
10607.5   0.151068
10610.0   0.150714
10612.5   0.150478
10615.0   0.150039
10617.5   0.149307
10620.0   0.149433
10622.5   0.151260
10625.0   0.153137
10627.5   0.153406
10630.0   0.152861
10632.5   0.152614
10635.0   0.152586
10637.5   0.152478
10640.0   0.152313
10642.5   0.152169
10645.0   0.152042
10647.5   0.151911
10650.0   0.151776
10652.5   0.151644
10655.0   0.151513
10657.5   0.151383
10660.0   0.151254
10662.5   0.151127
10665.0   0.151001
10667.5   0.150877
10670.0   0.150754
10672.5   0.150633
10675.0   0.150514
10677.5   0.150396
10680.0   0.150280
10682.5   0.150166
10685.0   0.150055
10687.5   0.149945
10690.0   0.149838
10692.5   0.149733
10695.0   0.149630
10697.5   0.149529
10700.0   0.149431
10702.5   0.149336
10705.0   0.149243
10707.5   0.149152
10710.0   0.149062
10712.5   0.148974
10715.0   0.148887
10717.5   0.148801
10720.0   0.148715
10722.5   0.148629
10725.0   0.148542
10727.5   0.148455
10730.0   0.148367
10732.5   0.148278
10735.0   0.148188
10737.5   0.148096
10740.0   0.148001
10742.5   0.147904
10745.0   0.147804
10747.5   0.147701
10750.0   0.147594
10752.5   0.147483
10755.0   0.147369
10757.5   0.147250
10760.0   0.147127
10762.5   0.146998
10765.0   0.146864
10767.5   0.146724
10770.0   0.146579
10772.5   0.146427
10775.0   0.146268
10777.5   0.146103
10780.0   0.145930
10782.5   0.145750
10785.0   0.145561
10787.5   0.145364
10790.0   0.145159
10792.5   0.144945
10795.0   0.144722
10797.5   0.144489
10800.0   0.144246
10802.5   0.143994
10805.0   0.143732
10807.5   0.143461
10810.0   0.143181
10812.5   0.142894
10815.0   0.142600
10817.5   0.142299
10820.0   0.141992
10822.5   0.141680
10825.0   0.141363
10827.5   0.141042
10830.0   0.140717
10832.5   0.140389
10835.0   0.140059
10837.5   0.139727
10840.0   0.139394
10842.5   0.139061
10845.0   0.138727
10847.5   0.138394
10850.0   0.138062
10852.5   0.137732
10855.0   0.137405
10857.5   0.137080
10860.0   0.136759
10862.5   0.136442
10865.0   0.136130
10867.5   0.135824
10870.0   0.135523
10872.5   0.135229
10875.0   0.134942
10877.5   0.134663
10880.0   0.134393
10882.5   0.134131
10885.0   0.133879
10887.5   0.133637
10890.0   0.133406
10892.5   0.133186
10895.0   0.132979
10897.5   0.132784
10900.0   0.132602
10902.5   0.132433
10905.0   0.132278
10907.5   0.132136
10910.0   0.132006
10912.5   0.131889
10915.0   0.131783
10917.5   0.131688
10920.0   0.131604
10922.5   0.131530
10925.0   0.131467
10927.5   0.131413
10930.0   0.131368
10932.5   0.131331
10935.0   0.131303
10937.5   0.131283
10940.0   0.131270
10942.5   0.131264
10945.0   0.131265
10947.5   0.131272
10950.0   0.131284
10952.5   0.131302
10955.0   0.131324
10957.5   0.131351
10960.0   0.131382
10962.5   0.131417
10965.0   0.131455
10967.5   0.131495
10970.0   0.131538
10972.5   0.131583
10975.0   0.131629
10977.5   0.131676
10980.0   0.131724
10982.5   0.131772
10985.0   0.131819
10987.5   0.131866
10990.0   0.131912
10992.5   0.131956
10995.0   0.131999
10997.5   0.132039
11000.0   0.132077
11002.5   0.132111
11005.0   0.132142
11007.5   0.132169
11010.0   0.132194
11012.5   0.132216
11015.0   0.132235
11017.5   0.132251
11020.0   0.132263
11022.5   0.132272
11025.0   0.132278
11027.5   0.132282
11030.0   0.132283
11032.5   0.132281
11035.0   0.132275
11037.5   0.132267
11040.0   0.132256
11042.5   0.132242
11045.0   0.132226
11047.5   0.132207
11050.0   0.132185
11052.5   0.132160
11055.0   0.132133
11057.5   0.132103
11060.0   0.132071
11062.5   0.132036
11065.0   0.131999
11067.5   0.131959
11070.0   0.131916
11072.5   0.131871
11075.0   0.131823
11077.5   0.131773
11080.0   0.131721
11082.5   0.131666
11085.0   0.131609
11087.5   0.131550
11090.0   0.131488
11092.5   0.131424
11095.0   0.131358
11097.5   0.131290
11100.0   0.131219
11102.5   0.131147
11105.0   0.131072
11107.5   0.130995
11110.0   0.130916
11112.5   0.130835
11115.0   0.130753
11117.5   0.130669
11120.0   0.130583
11122.5   0.130495
11125.0   0.130406
11127.5   0.130316
11130.0   0.130224
11132.5   0.130131
11135.0   0.130036
11137.5   0.129941
11140.0   0.129844
11142.5   0.129746
11145.0   0.129647
11147.5   0.129547
11150.0   0.129446
11152.5   0.129345
11155.0   0.129243
11157.5   0.129140
11160.0   0.129037
11162.5   0.128933
11165.0   0.128829
11167.5   0.128724
11170.0   0.128619
11172.5   0.128514
11175.0   0.128408
11177.5   0.128302
11180.0   0.128197
11182.5   0.128092
11185.0   0.127987
11187.5   0.127882
11190.0   0.127777
11192.5   0.127672
11195.0   0.127568
11197.5   0.127464
11200.0   0.127361
11202.5   0.127259
11205.0   0.127157
11207.5   0.127055
11210.0   0.126954
11212.5   0.126854
11215.0   0.126754
11217.5   0.126655
11220.0   0.126556
11222.5   0.126457
11225.0   0.126359
11227.5   0.126261
11230.0   0.126164
11232.5   0.126067
11235.0   0.125971
11237.5   0.125875
11240.0   0.125779
11242.5   0.125683
11245.0   0.125588
11247.5   0.125493
11250.0   0.125399
11252.5   0.125304
11255.0   0.125210
11257.5   0.125116
11260.0   0.125022
11262.5   0.124928
11265.0   0.124835
11267.5   0.124742
11270.0   0.124648
11272.5   0.124554
11275.0   0.124461
11277.5   0.124368
11280.0   0.124275
11282.5   0.124182
11285.0   0.124089
11287.5   0.123995
11290.0   0.123902
11292.5   0.123809
11295.0   0.123716
11297.5   0.123623
11300.0   0.123529
11302.5   0.123435
11305.0   0.123341
11307.5   0.123247
11310.0   0.123153
11312.5   0.123059
11315.0   0.122965
11317.5   0.122871
11320.0   0.122776
11322.5   0.122682
11325.0   0.122587
11327.5   0.122492
11330.0   0.122397
11332.5   0.122302
11335.0   0.122208
11337.5   0.122113
11340.0   0.122018
11342.5   0.121923
11345.0   0.121828
11347.5   0.121734
11350.0   0.121639
11352.5   0.121544
11355.0   0.121449
11357.5   0.121354
11360.0   0.121260
11362.5   0.121165
11365.0   0.121070
11367.5   0.120975
11370.0   0.120881
11372.5   0.120787
11375.0   0.120692
11377.5   0.120597
11380.0   0.120503
11382.5   0.120409
11385.0   0.120315
11387.5   0.120222
11390.0   0.120128
11392.5   0.120034
11395.0   0.119940
11397.5   0.119847
11400.0   0.119754
11402.5   0.119661
11405.0   0.119568
11407.5   0.119475
11410.0   0.119382
11412.5   0.119290
11415.0   0.119198
11417.5   0.119105
11420.0   0.119013
11422.5   0.118921
11425.0   0.118830
11427.5   0.118739
11430.0   0.118647
11432.5   0.118555
11435.0   0.118464
11437.5   0.118373
11440.0   0.118282
11442.5   0.118191
11445.0   0.118100
11447.5   0.118009
11450.0   0.117919
11452.5   0.117829
11455.0   0.117739
11457.5   0.117648
11460.0   0.117558
11462.5   0.117468
11465.0   0.117379
11467.5   0.117289
11470.0   0.117199
11472.5   0.117109
11475.0   0.117020
11477.5   0.116931
11480.0   0.116842
11482.5   0.116753
11485.0   0.116664
11487.5   0.116575
11490.0   0.116486
11492.5   0.116397
11495.0   0.116308
11497.5   0.116219
11500.0   0.116131
11502.5   0.116043
11505.0   0.115954
11507.5   0.115865
11510.0   0.115777
11512.5   0.115689
11515.0   0.115601
11517.5   0.115513
11520.0   0.115425
11522.5   0.115337
11525.0   0.115249
11527.5   0.115161
11530.0   0.115073
11532.5   0.114985
11535.0   0.114898
11537.5   0.114811
11540.0   0.114723
11542.5   0.114635
11545.0   0.114548
11547.5   0.114461
11550.0   0.114374
11552.5   0.114287
11555.0   0.114200
11557.5   0.114113
11560.0   0.114026
11562.5   0.113939
11565.0   0.113852
11567.5   0.113765
11570.0   0.113679
11572.5   0.113593
11575.0   0.113506
11577.5   0.113419
11580.0   0.113333
11582.5   0.113247
11585.0   0.113161
11587.5   0.113075
11590.0   0.112989
11592.5   0.112903
11595.0   0.112817
11597.5   0.112731
11600.0   0.112645
11602.5   0.112559
11605.0   0.112474
11607.5   0.112389
11610.0   0.112303
11612.5   0.112217
11615.0   0.112132
11617.5   0.112047
11620.0   0.111962
11622.5   0.111876
11625.0   0.111791
11627.5   0.111706
11630.0   0.111622
11632.5   0.111537
11635.0   0.111452
11637.5   0.111368
11640.0   0.111283
11642.5   0.111198
11645.0   0.111113
11647.5   0.111029
11650.0   0.110945
11652.5   0.110861
11655.0   0.110776
11657.5   0.110692
11660.0   0.110608
11662.5   0.110524
11665.0   0.110440
11667.5   0.110356
11670.0   0.110272
11672.5   0.110188
11675.0   0.110105
11677.5   0.110022
11680.0   0.109938
11682.5   0.109855
11685.0   0.109771
11687.5   0.109687
11690.0   0.109604
11692.5   0.109521
11695.0   0.109438
11697.5   0.109355
11700.0   0.109272
11702.5   0.109189
11705.0   0.109106
11707.5   0.109023
11710.0   0.108941
11712.5   0.108859
11715.0   0.108776
11717.5   0.108694
11720.0   0.108611
11722.5   0.108528
11725.0   0.108446
11727.5   0.108364
11730.0   0.108282
11732.5   0.108200
11735.0   0.108118
11737.5   0.108037
11740.0   0.107955
11742.5   0.107873
11745.0   0.107791
11747.5   0.107710
11750.0   0.107629
11752.5   0.107548
11755.0   0.107466
11757.5   0.107385
11760.0   0.107304
11762.5   0.107223
11765.0   0.107142
11767.5   0.107061
11770.0   0.106981
11772.5   0.106901
11775.0   0.106820
11777.5   0.106739
11780.0   0.106659
11782.5   0.106579
11785.0   0.106499
11787.5   0.106420
11790.0   0.106340
11792.5   0.106260
11795.0   0.106180
11797.5   0.106100
11800.0   0.106021
11802.5   0.105942
11805.0   0.105863
11807.5   0.105784
11810.0   0.105705
11812.5   0.105626
11815.0   0.105547
11817.5   0.105468
11820.0   0.105390
11822.5   0.105312
11825.0   0.105234
11827.5   0.105156
11830.0   0.105077
11832.5   0.104999
11835.0   0.104921
11837.5   0.104844
11840.0   0.104766
11842.5   0.104688
11845.0   0.104610
11847.5   0.104533
11850.0   0.104456
11852.5   0.104379
11855.0   0.104301
11857.5   0.104224
11860.0   0.104147
11862.5   0.104070
11865.0   0.103993
11867.5   0.103916
11870.0   0.103839
11872.5   0.103762
11875.0   0.103686
11877.5   0.103610
11880.0   0.103533
11882.5   0.103457
11885.0   0.103380
11887.5   0.103303
11890.0   0.103227
11892.5   0.103151
11895.0   0.103075
11897.5   0.102999
11900.0   0.102923
11902.5   0.102847
11905.0   0.102771
11907.5   0.102695
11910.0   0.102619
11912.5   0.102544
11915.0   0.102468
11917.5   0.102392
11920.0   0.102316
11922.5   0.102240
11925.0   0.102165
11927.5   0.102090
11930.0   0.102015
11932.5   0.101940
11935.0   0.101864
11937.5   0.101788
11940.0   0.101713
11942.5   0.101638
11945.0   0.101563
11947.5   0.101488
11950.0   0.101413
11952.5   0.101338
11955.0   0.101263
11957.5   0.101188
11960.0   0.101113
11962.5   0.101039
11965.0   0.100964
11967.5   0.100889
11970.0   0.100814
11972.5   0.100739
11975.0   0.100665
11977.5   0.100591
11980.0   0.100516
11982.5   0.100441
11985.0   0.100367
11987.5   0.100293
11990.0   0.100219
11992.5   0.100144
11995.0   0.100070
11997.5   0.099996
12000.0   0.099922
12002.5   0.099848
12005.0   0.099773
12007.5   0.099699
12010.0   0.099625
12012.5   0.099551
12015.0   0.099477
12017.5   0.099404
12020.0   0.099330
12022.5   0.099256
12025.0   0.099182
12027.5   0.099108
12030.0   0.099035
12032.5   0.098962
12035.0   0.098888
12037.5   0.098814
12040.0   0.098741
12042.5   0.098668
12045.0   0.098595
12047.5   0.098522
12050.0   0.098448
12052.5   0.098375
12055.0   0.098302
12057.5   0.098230
12060.0   0.098157
12062.5   0.098084
12065.0   0.098011
12067.5   0.097938
12070.0   0.097866
12072.5   0.097794
12075.0   0.097722
12077.5   0.097650
12080.0   0.097577
12082.5   0.097505
12085.0   0.097433
12087.5   0.097361
12090.0   0.097290
12092.5   0.097219
12095.0   0.097147
12097.5   0.097075
12100.0   0.097004
12102.5   0.096933
12105.0   0.096862
12107.5   0.096791
12110.0   0.096720
12112.5   0.096649
12115.0   0.096578
12117.5   0.096507
12120.0   0.096437
12122.5   0.096366
12125.0   0.096296
12127.5   0.096226
12130.0   0.096156
12132.5   0.096086
12135.0   0.096016
12137.5   0.095946
12140.0   0.095876
12142.5   0.095806
12145.0   0.095737
12147.5   0.095668
12150.0   0.095598
12152.5   0.095528
12155.0   0.095459
12157.5   0.095390
12160.0   0.095321
12162.5   0.095252
12165.0   0.095183
12167.5   0.095114
12170.0   0.095045
12172.5   0.094977
12175.0   0.094908
12177.5   0.094839
12180.0   0.094770
12182.5   0.094701
12185.0   0.094633
12187.5   0.094564
12190.0   0.094496
12192.5   0.094428
12195.0   0.094360
12197.5   0.094292
12200.0   0.094223
12202.5   0.094155
12205.0   0.094087
12207.5   0.094019
12210.0   0.093951
12212.5   0.093883
12215.0   0.093815
12217.5   0.093748
12220.0   0.093680
12222.5   0.093612
12225.0   0.093544
12227.5   0.093476
12230.0   0.093409
12232.5   0.093342
12235.0   0.093274
12237.5   0.093206
12240.0   0.093139
12242.5   0.093071
12245.0   0.093004
12247.5   0.092937
12250.0   0.092869
12252.5   0.092801
12255.0   0.092734
12257.5   0.092667
12260.0   0.092600
12262.5   0.092532
12265.0   0.092465
12267.5   0.092398
12270.0   0.092331
12272.5   0.092264
12275.0   0.092196
12277.5   0.092129
12280.0   0.092062
12282.5   0.091995
12285.0   0.091928
12287.5   0.091861
12290.0   0.091794
12292.5   0.091727
12295.0   0.091660
12297.5   0.091593
12300.0   0.091526
12302.5   0.091459
12305.0   0.091392
12307.5   0.091325
12310.0   0.091258
12312.5   0.091192
12315.0   0.091125
12317.5   0.091058
12320.0   0.090991
12322.5   0.090924
12325.0   0.090858
12327.5   0.090792
12330.0   0.090725
12332.5   0.090658
12335.0   0.090592
12337.5   0.090526
12340.0   0.090460
12342.5   0.090395
12345.0   0.090329
12347.5   0.090263
12350.0   0.090197
12352.5   0.090132
12355.0   0.090067
12357.5   0.090002
12360.0   0.089937
12362.5   0.089872
12365.0   0.089808
12367.5   0.089743
12370.0   0.089679
12372.5   0.089615
12375.0   0.089551
12377.5   0.089487
12380.0   0.089424
12382.5   0.089361
12385.0   0.089298
12387.5   0.089235
12390.0   0.089173
12392.5   0.089111
12395.0   0.089049
12397.5   0.088987
12400.0   0.088926
12402.5   0.088865
12405.0   0.088804
12407.5   0.088743
12410.0   0.088683
12412.5   0.088623
12415.0   0.088563
12417.5   0.088503
12420.0   0.088443
12422.5   0.088383
12425.0   0.088323
12427.5   0.088263
12430.0   0.088203
12432.5   0.088143
12435.0   0.088083
12437.5   0.088023
12440.0   0.087963
12442.5   0.087902
12445.0   0.087841
12447.5   0.087780
12450.0   0.087719
12452.5   0.087658
12455.0   0.087596
12457.5   0.087534
12460.0   0.087471
12462.5   0.087408
12465.0   0.087344
12467.5   0.087280
12470.0   0.087216
12472.5   0.087151
12475.0   0.087086
12477.5   0.087020
12480.0   0.086953
12482.5   0.086886
12485.0   0.086818
12487.5   0.086749
12490.0   0.086680
12492.5   0.086610
12495.0   0.086539
12497.5   0.086467
12500.0   0.086395
12502.5   0.086322
12505.0   0.086248
12507.5   0.086173
12510.0   0.086098
12512.5   0.086022
12515.0   0.085946
12517.5   0.085870
12520.0   0.085794
12522.5   0.085718
12525.0   0.085641
12527.5   0.085565
12530.0   0.085489
12532.5   0.085414
12535.0   0.085339
12537.5   0.085265
12540.0   0.085191
12542.5   0.085118
12545.0   0.085047
12547.5   0.084977
12550.0   0.084907
12552.5   0.084838
12555.0   0.084771
12557.5   0.084706
12560.0   0.084642
12562.5   0.084580
12565.0   0.084519
12567.5   0.084460
12570.0   0.084404
12572.5   0.084349
12575.0   0.084297
12577.5   0.084247
12580.0   0.084200
12582.5   0.084155
12585.0   0.084112
12587.5   0.084073
12590.0   0.084036
12592.5   0.084002
12595.0   0.083971
12597.5   0.083943
12600.0   0.083919
12602.5   0.083898
12605.0   0.083879
12607.5   0.083863
12610.0   0.083850
12612.5   0.083838
12615.0   0.083827
12617.5   0.083817
12620.0   0.083808
12622.5   0.083798
12625.0   0.083788
12627.5   0.083777
12630.0   0.083765
12632.5   0.083752
12635.0   0.083736
12637.5   0.083718
12640.0   0.083696
12642.5   0.083671
12645.0   0.083642
12647.5   0.083609
12650.0   0.083572
12652.5   0.083529
12655.0   0.083481
12657.5   0.083427
12660.0   0.083367
12662.5   0.083300
12665.0   0.083226
12667.5   0.083144
12670.0   0.083054
12672.5   0.082956
12675.0   0.082849
12677.5   0.082732
12680.0   0.082606
12682.5   0.082470
12685.0   0.082323
12687.5   0.082165
12690.0   0.081996
12692.5   0.081815
12695.0   0.081621
12697.5   0.081415
12700.0   0.081196
12702.5   0.080964
12705.0   0.080719
12707.5   0.080462
12710.0   0.080194
12712.5   0.079917
12715.0   0.079630
12717.5   0.079335
12720.0   0.079032
12722.5   0.078723
12725.0   0.078408
12727.5   0.078088
12730.0   0.077765
12732.5   0.077439
12735.0   0.077110
12737.5   0.076780
12740.0   0.076449
12742.5   0.076119
12745.0   0.075790
12747.5   0.075464
12750.0   0.075140
12752.5   0.074820
12755.0   0.074505
12757.5   0.074196
12760.0   0.073893
12762.5   0.073598
12765.0   0.073311
12767.5   0.073033
12770.0   0.072765
12772.5   0.072508
12775.0   0.072263
12777.5   0.072030
12780.0   0.071811
12782.5   0.071606
12785.0   0.071416
12787.5   0.071242
12790.0   0.071086
12792.5   0.070948
12795.0   0.070828
12797.5   0.070728
12800.0   0.070648
12802.5   0.070589
12805.0   0.070550
12807.5   0.070532
12810.0   0.070532
12812.5   0.070550
12815.0   0.070585
12817.5   0.070637
12820.0   0.070704
12822.5   0.070786
12825.0   0.070881
12827.5   0.070990
12830.0   0.071111
12832.5   0.071243
12835.0   0.071386
12837.5   0.071538
12840.0   0.071699
12842.5   0.071868
12845.0   0.072045
12847.5   0.072227
12850.0   0.072415
12852.5   0.072608
12855.0   0.072805
12857.5   0.073004
12860.0   0.073206
12862.5   0.073409
12865.0   0.073613
12867.5   0.073817
12870.0   0.074019
12872.5   0.074219
12875.0   0.074417
12877.5   0.074611
12880.0   0.074800
12882.5   0.074984
12885.0   0.075161
12887.5   0.075332
12890.0   0.075495
12892.5   0.075649
12895.0   0.075794
12897.5   0.075928
12900.0   0.076052
12902.5   0.076164
12905.0   0.076264
12907.5   0.076353
12910.0   0.076430
12912.5   0.076497
12915.0   0.076554
12917.5   0.076601
12920.0   0.076639
12922.5   0.076668
12925.0   0.076688
12927.5   0.076699
12930.0   0.076702
12932.5   0.076698
12935.0   0.076687
12937.5   0.076668
12940.0   0.076643
12942.5   0.076611
12945.0   0.076574
12947.5   0.076531
12950.0   0.076483
12952.5   0.076430
12955.0   0.076373
12957.5   0.076312
12960.0   0.076247
12962.5   0.076178
12965.0   0.076107
12967.5   0.076033
12970.0   0.075957
12972.5   0.075879
12975.0   0.075799
12977.5   0.075718
12980.0   0.075636
12982.5   0.075554
12985.0   0.075471
12987.5   0.075388
12990.0   0.075306
12992.5   0.075225
12995.0   0.075146
12997.5   0.075068
13000.0   0.074992
13002.5   0.074918
13005.0   0.074847
13007.5   0.074778
13010.0   0.074711
13012.5   0.074646
13015.0   0.074583
13017.5   0.074522
13020.0   0.074463
13022.5   0.074406
13025.0   0.074350
13027.5   0.074296
13030.0   0.074244
13032.5   0.074193
13035.0   0.074143
13037.5   0.074094
13040.0   0.074047
13042.5   0.074001
13045.0   0.073956
13047.5   0.073913
13050.0   0.073870
13052.5   0.073828
13055.0   0.073786
13057.5   0.073745
13060.0   0.073705
13062.5   0.073666
13065.0   0.073627
13067.5   0.073588
13070.0   0.073550
13072.5   0.073512
13075.0   0.073474
13077.5   0.073436
13080.0   0.073398
13082.5   0.073360
13085.0   0.073322
13087.5   0.073284
13090.0   0.073245
13092.5   0.073206
13095.0   0.073167
13097.5   0.073127
13100.0   0.073087
13102.5   0.073046
13105.0   0.073004
13107.5   0.072962
13110.0   0.072919
13112.5   0.072875
13115.0   0.072831
13117.5   0.072786
13120.0   0.072741
13122.5   0.072695
13125.0   0.072649
13127.5   0.072603
13130.0   0.072556
13132.5   0.072508
13135.0   0.072460
13137.5   0.072412
13140.0   0.072364
13142.5   0.072315
13145.0   0.072266
13147.5   0.072217
13150.0   0.072167
13152.5   0.072117
13155.0   0.072067
13157.5   0.072017
13160.0   0.071966
13162.5   0.071916
13165.0   0.071865
13167.5   0.071814
13170.0   0.071763
13172.5   0.071712
13175.0   0.071661
13177.5   0.071610
13180.0   0.071559
13182.5   0.071509
13185.0   0.071458
13187.5   0.071407
13190.0   0.071356
13192.5   0.071305
13195.0   0.071255
13197.5   0.071205
13200.0   0.071155
13202.5   0.071105
13205.0   0.071056
13207.5   0.071007
13210.0   0.070958
13212.5   0.070909
13215.0   0.070860
13217.5   0.070811
13220.0   0.070763
13222.5   0.070715
13225.0   0.070667
13227.5   0.070619
13230.0   0.070571
13232.5   0.070523
13235.0   0.070476
13237.5   0.070429
13240.0   0.070382
13242.5   0.070335
13245.0   0.070288
13247.5   0.070241
13250.0   0.070194
13252.5   0.070147
13255.0   0.070101
13257.5   0.070054
13260.0   0.070008
13262.5   0.069962
13265.0   0.069916
13267.5   0.069870
13270.0   0.069823
13272.5   0.069777
13275.0   0.069731
13277.5   0.069686
13280.0   0.069640
13282.5   0.069594
13285.0   0.069548
13287.5   0.069502
13290.0   0.069456
13292.5   0.069410
13295.0   0.069364
13297.5   0.069318
13300.0   0.069273
13302.5   0.069227
13305.0   0.069181
13307.5   0.069135
13310.0   0.069089
13312.5   0.069043
13315.0   0.068997
13317.5   0.068951
13320.0   0.068905
13322.5   0.068859
13325.0   0.068813
13327.5   0.068767
13330.0   0.068721
13332.5   0.068675
13335.0   0.068629
13337.5   0.068584
13340.0   0.068538
13342.5   0.068492
13345.0   0.068446
13347.5   0.068400
13350.0   0.068354
13352.5   0.068308
13355.0   0.068262
13357.5   0.068217
13360.0   0.068171
13362.5   0.068125
13365.0   0.068079
13367.5   0.068033
13370.0   0.067988
13372.5   0.067942
13375.0   0.067896
13377.5   0.067850
13380.0   0.067805
13382.5   0.067759
13385.0   0.067714
13387.5   0.067669
13390.0   0.067624
13392.5   0.067579
13395.0   0.067533
13397.5   0.067488
13400.0   0.067443
13402.5   0.067398
13405.0   0.067353
13407.5   0.067308
13410.0   0.067263
13412.5   0.067218
13415.0   0.067173
13417.5   0.067129
13420.0   0.067084
13422.5   0.067039
13425.0   0.066994
13427.5   0.066949
13430.0   0.066905
13432.5   0.066861
13435.0   0.066817
13437.5   0.066772
13440.0   0.066728
13442.5   0.066684
13445.0   0.066640
13447.5   0.066596
13450.0   0.066551
13452.5   0.066507
13455.0   0.066463
13457.5   0.066419
13460.0   0.066375
13462.5   0.066331
13465.0   0.066288
13467.5   0.066244
13470.0   0.066200
13472.5   0.066156
13475.0   0.066112
13477.5   0.066068
13480.0   0.066025
13482.5   0.065982
13485.0   0.065938
13487.5   0.065895
13490.0   0.065851
13492.5   0.065807
13495.0   0.065764
13497.5   0.065721
13500.0   0.065678
13502.5   0.065635
13505.0   0.065591
13507.5   0.065547
13510.0   0.065504
13512.5   0.065461
13515.0   0.065418
13517.5   0.065375
13520.0   0.065332
13522.5   0.065289
13525.0   0.065246
13527.5   0.065203
13530.0   0.065160
13532.5   0.065117
13535.0   0.065074
13537.5   0.065031
13540.0   0.064988
13542.5   0.064945
13545.0   0.064902
13547.5   0.064860
13550.0   0.064817
13552.5   0.064774
13555.0   0.064731
13557.5   0.064688
13560.0   0.064646
13562.5   0.064603
13565.0   0.064560
13567.5   0.064517
13570.0   0.064475
13572.5   0.064433
13575.0   0.064390
13577.5   0.064347
13580.0   0.064305
13582.5   0.064263
13585.0   0.064220
13587.5   0.064177
13590.0   0.064135
13592.5   0.064092
13595.0   0.064050
13597.5   0.064008
13600.0   0.063965
13602.5   0.063922
13605.0   0.063880
13607.5   0.063838
13610.0   0.063796
13612.5   0.063753
13615.0   0.063711
13617.5   0.063669
13620.0   0.063627
13622.5   0.063585
13625.0   0.063542
13627.5   0.063500
13630.0   0.063458
13632.5   0.063416
13635.0   0.063374
13637.5   0.063332
13640.0   0.063290
13642.5   0.063248
13645.0   0.063206
13647.5   0.063164
13650.0   0.063122
13652.5   0.063080
13655.0   0.063038
13657.5   0.062996
13660.0   0.062955
13662.5   0.062914
13665.0   0.062872
13667.5   0.062830
13670.0   0.062789
13672.5   0.062748
13675.0   0.062706
13677.5   0.062664
13680.0   0.062623
13682.5   0.062582
13685.0   0.062541
13687.5   0.062500
13690.0   0.062459
13692.5   0.062418
13695.0   0.062377
13697.5   0.062336
13700.0   0.062295
13702.5   0.062255
13705.0   0.062214
13707.5   0.062173
13710.0   0.062132
13712.5   0.062091
13715.0   0.062051
13717.5   0.062011
13720.0   0.061971
13722.5   0.061931
13725.0   0.061890
13727.5   0.061850
13730.0   0.061810
13732.5   0.061770
13735.0   0.061730
13737.5   0.061690
13740.0   0.061650
13742.5   0.061610
13745.0   0.061570
13747.5   0.061531
13750.0   0.061491
13752.5   0.061451
13755.0   0.061411
13757.5   0.061371
13760.0   0.061332
13762.5   0.061292
13765.0   0.061252
13767.5   0.061212
13770.0   0.061173
13772.5   0.061134
13775.0   0.061094
13777.5   0.061055
13780.0   0.061015
13782.5   0.060975
13785.0   0.060936
13787.5   0.060897
13790.0   0.060858
13792.5   0.060819
13795.0   0.060779
13797.5   0.060739
13800.0   0.060700
13802.5   0.060660
13805.0   0.060621
13807.5   0.060582
13810.0   0.060543
13812.5   0.060504
13815.0   0.060464
13817.5   0.060424
13820.0   0.060385
13822.5   0.060346
13825.0   0.060307
13827.5   0.060268
13830.0   0.060228
13832.5   0.060189
13835.0   0.060150
13837.5   0.060111
13840.0   0.060072
13842.5   0.060032
13845.0   0.059993
13847.5   0.059954
13850.0   0.059915
13852.5   0.059876
13855.0   0.059837
13857.5   0.059798
13860.0   0.059759
13862.5   0.059720
13865.0   0.059681
13867.5   0.059642
13870.0   0.059603
13872.5   0.059565
13875.0   0.059526
13877.5   0.059487
13880.0   0.059448
13882.5   0.059409
13885.0   0.059371
13887.5   0.059333
13890.0   0.059294
13892.5   0.059255
13895.0   0.059216
13897.5   0.059178
13900.0   0.059140
13902.5   0.059102
13905.0   0.059063
13907.5   0.059024
13910.0   0.058986
13912.5   0.058948
13915.0   0.058910
13917.5   0.058872
13920.0   0.058834
13922.5   0.058796
13925.0   0.058758
13927.5   0.058720
13930.0   0.058682
13932.5   0.058644
13935.0   0.058606
13937.5   0.058568
13940.0   0.058530
13942.5   0.058492
13945.0   0.058455
13947.5   0.058418
13950.0   0.058380
13952.5   0.058342
13955.0   0.058305
13957.5   0.058267
13960.0   0.058230
13962.5   0.058193
13965.0   0.058155
13967.5   0.058117
13970.0   0.058080
13972.5   0.058043
13975.0   0.058006
13977.5   0.057969
13980.0   0.057932
13982.5   0.057895
13985.0   0.057857
13987.5   0.057820
13990.0   0.057783
13992.5   0.057747
13995.0   0.057710
13997.5   0.057673
14000.0   0.057636
14002.5   0.057599
14005.0   0.057562
14007.5   0.057526
14010.0   0.057489
14012.5   0.057452
14015.0   0.057415
14017.5   0.057378
14020.0   0.057342
14022.5   0.057306
14025.0   0.057269
14027.5   0.057233
14030.0   0.057196
14032.5   0.057159
14035.0   0.057123
14037.5   0.057087
14040.0   0.057051
14042.5   0.057014
14045.0   0.056978
14047.5   0.056942
14050.0   0.056906
14052.5   0.056870
14055.0   0.056833
14057.5   0.056797
14060.0   0.056761
14062.5   0.056725
14065.0   0.056689
14067.5   0.056652
14070.0   0.056616
14072.5   0.056580
14075.0   0.056544
14077.5   0.056508
14080.0   0.056472
14082.5   0.056436
14085.0   0.056400
14087.5   0.056364
14090.0   0.056328
14092.5   0.056293
14095.0   0.056257
14097.5   0.056221
14100.0   0.056185
14102.5   0.056149
14105.0   0.056113
14107.5   0.056077
14110.0   0.056041
14112.5   0.056006
14115.0   0.055970
14117.5   0.055934
14120.0   0.055898
14122.5   0.055862
14125.0   0.055827
14127.5   0.055791
14130.0   0.055755
14132.5   0.055719
14135.0   0.055684
14137.5   0.055649
14140.0   0.055613
14142.5   0.055577
14145.0   0.055542
14147.5   0.055507
14150.0   0.055471
14152.5   0.055435
14155.0   0.055400
14157.5   0.055365
14160.0   0.055329
14162.5   0.055293
14165.0   0.055258
14167.5   0.055223
14170.0   0.055188
14172.5   0.055153
14175.0   0.055117
14177.5   0.055082
14180.0   0.055047
14182.5   0.055012
14185.0   0.054977
14187.5   0.054942
14190.0   0.054907
14192.5   0.054873
14195.0   0.054838
14197.5   0.054803
14200.0   0.054768
14202.5   0.054733
14205.0   0.054699
14207.5   0.054665
14210.0   0.054630
14212.5   0.054595
14215.0   0.054561
14217.5   0.054527
14220.0   0.054492
14222.5   0.054457
14225.0   0.054423
14227.5   0.054389
14230.0   0.054355
14232.5   0.054321
14235.0   0.054287
14237.5   0.054252
14240.0   0.054218
14242.5   0.054184
14245.0   0.054150
14247.5   0.054116
14250.0   0.054082
14252.5   0.054048
14255.0   0.054015
14257.5   0.053981
14260.0   0.053947
14262.5   0.053913
14265.0   0.053879
14267.5   0.053846
14270.0   0.053812
14272.5   0.053778
14275.0   0.053744
14277.5   0.053710
14280.0   0.053677
14282.5   0.053643
14285.0   0.053610
14287.5   0.053577
14290.0   0.053543
14292.5   0.053507
14295.0   0.053475
14297.5   0.053449
14300.0   0.053408
14302.5   0.053341
14305.0   0.053289
14307.5   0.053288
14310.0   0.053315
14312.5   0.053336
14315.0   0.053351
14317.5   0.053365
14320.0   0.053376
14322.5   0.053379
14325.0   0.053371
14327.5   0.053348
14330.0   0.053311
14332.5   0.053261
14335.0   0.053200
14337.5   0.053129
14340.0   0.053048
14342.5   0.052957
14345.0   0.052854
14347.5   0.052737
14350.0   0.052603
14352.5   0.052452
14355.0   0.052284
14357.5   0.052103
14360.0   0.051920
14362.5   0.051751
14365.0   0.051618
14367.5   0.051540
14370.0   0.051525
14372.5   0.051571
14375.0   0.051659
14377.5   0.051769
14380.0   0.051882
14382.5   0.051984
14385.0   0.052070
14387.5   0.052136
14390.0   0.052182
14392.5   0.052208
14395.0   0.052213
14397.5   0.052193
14400.0   0.052145
14402.5   0.052067
14405.0   0.051960
14407.5   0.051825
14410.0   0.051673
14412.5   0.051517
14415.0   0.051371
14417.5   0.051248
14420.0   0.051156
14422.5   0.051101
14425.0   0.051077
14427.5   0.051079
14430.0   0.051109
14432.5   0.051168
14435.0   0.051248
14437.5   0.051338
14440.0   0.051436
14442.5   0.051538
14445.0   0.051633
14447.5   0.051706
14450.0   0.051742
14452.5   0.051727
14455.0   0.051661
14457.5   0.051548
14460.0   0.051409
14462.5   0.051266
14465.0   0.051132
14467.5   0.051018
14470.0   0.050924
14472.5   0.050847
14475.0   0.050781
14477.5   0.050720
14480.0   0.050662
14482.5   0.050605
14485.0   0.050532
14487.5   0.050436
14490.0   0.050372
14492.5   0.050356
14495.0   0.050190
14497.5   0.049738
14500.0   0.049315
14502.5   0.049241
14505.0   0.049392
14507.5   0.049575
14510.0   0.049771
14512.5   0.049991
14515.0   0.050200
14517.5   0.050362
14520.0   0.050473
14522.5   0.050536
14525.0   0.050556
14527.5   0.050535
14530.0   0.050477
14532.5   0.050384
14535.0   0.050262
14537.5   0.050115
14540.0   0.049953
14542.5   0.049787
14545.0   0.049638
14547.5   0.049530
14550.0   0.049478
14552.5   0.049495
14555.0   0.049584
14557.5   0.049742
14560.0   0.049947
14562.5   0.050171
14565.0   0.050387
14567.5   0.050568
14570.0   0.050698
14572.5   0.050762
14575.0   0.050756
14577.5   0.050677
14580.0   0.050526
14582.5   0.050306
14585.0   0.050027
14587.5   0.049699
14590.0   0.049339
14592.5   0.048967
14595.0   0.048606
14597.5   0.048281
14600.0   0.048016
14602.5   0.047829
14605.0   0.047727
14607.5   0.047710
14610.0   0.047765
14612.5   0.047876
14615.0   0.048020
14617.5   0.048176
14620.0   0.048328
14622.5   0.048463
14625.0   0.048576
14627.5   0.048665
14630.0   0.048733
14632.5   0.048788
14635.0   0.048836
14637.5   0.048887
14640.0   0.048947
14642.5   0.049024
14645.0   0.049120
14647.5   0.049234
14650.0   0.049358
14652.5   0.049484
14655.0   0.049598
14657.5   0.049687
14660.0   0.049730
14662.5   0.049712
14665.0   0.049638
14667.5   0.049520
14670.0   0.049366
14672.5   0.049182
14675.0   0.048985
14677.5   0.048789
14680.0   0.048606
14682.5   0.048443
14685.0   0.048307
14687.5   0.048201
14690.0   0.048129
14692.5   0.048092
14695.0   0.048090
14697.5   0.048121
14700.0   0.048183
14702.5   0.048269
14705.0   0.048368
14707.5   0.048466
14710.0   0.048547
14712.5   0.048594
14715.0   0.048599
14717.5   0.048556
14720.0   0.048471
14722.5   0.048352
14725.0   0.048206
14727.5   0.048042
14730.0   0.047863
14732.5   0.047673
14735.0   0.047473
14737.5   0.047264
14740.0   0.047047
14742.5   0.046826
14745.0   0.046609
14747.5   0.046404
14750.0   0.046228
14752.5   0.046097
14755.0   0.046031
14757.5   0.046050
14760.0   0.046166
14762.5   0.046384
14765.0   0.046683
14767.5   0.047035
14770.0   0.047415
14772.5   0.047793
14775.0   0.048110
14777.5   0.048317
14780.0   0.048416
14782.5   0.048421
14785.0   0.048324
14787.5   0.048119
14790.0   0.047821
14792.5   0.047452
14795.0   0.047038
14797.5   0.046610
14800.0   0.046208
14802.5   0.045874
14805.0   0.045643
14807.5   0.045544
14810.0   0.045584
14812.5   0.045756
14815.0   0.046029
14817.5   0.046366
14820.0   0.046723
14822.5   0.047056
14825.0   0.047333
14827.5   0.047525
14830.0   0.047617
14832.5   0.047600
14835.0   0.047476
14837.5   0.047254
14840.0   0.046951
14842.5   0.046590
14845.0   0.046203
14847.5   0.045829
14850.0   0.045508
14852.5   0.045282
14855.0   0.045181
14857.5   0.045229
14860.0   0.045422
14862.5   0.045745
14865.0   0.046157
14867.5   0.046613
14870.0   0.047060
14872.5   0.047449
14875.0   0.047741
14877.5   0.047907
14880.0   0.047933
14882.5   0.047816
14885.0   0.047568
14887.5   0.047208
14890.0   0.046764
14892.5   0.046271
14895.0   0.045771
14897.5   0.045307
14900.0   0.044906
14902.5   0.044592
14905.0   0.044381
14907.5   0.044283
14910.0   0.044291
14912.5   0.044389
14915.0   0.044555
14917.5   0.044762
14920.0   0.044983
14922.5   0.045190
14925.0   0.045361
14927.5   0.045480
14930.0   0.045542
14932.5   0.045545
14935.0   0.045498
14937.5   0.045414
14940.0   0.045314
14942.5   0.045220
14945.0   0.045152
14947.5   0.045128
14950.0   0.045157
14952.5   0.045246
14955.0   0.045388
14957.5   0.045573
14960.0   0.045784
14962.5   0.045999
14965.0   0.046196
14967.5   0.046351
14970.0   0.046444
14972.5   0.046460
14975.0   0.046391
14977.5   0.046236
14980.0   0.046007
14982.5   0.045720
14985.0   0.045398
14987.5   0.045066
14990.0   0.044765
14992.5   0.044525
14995.0   0.044329
14997.5   0.044176
15000.0   0.044184
15002.5   0.044431
15005.0   0.044721
15007.5   0.044839
15010.0   0.044769
15012.5   0.044541
15015.0   0.044174
15017.5   0.043690
15020.0   0.043144
15022.5   0.042590
15025.0   0.042062
15027.5   0.041589
15030.0   0.041208
15032.5   0.040954
15035.0   0.040841
15037.5   0.040874
15040.0   0.041046
15042.5   0.041341
15045.0   0.041721
15047.5   0.042147
15050.0   0.042598
15052.5   0.043051
15055.0   0.043453
15057.5   0.043735
15060.0   0.043806
15062.5   0.043620
15065.0   0.043347
15067.5   0.043162
15070.0   0.043055
15072.5   0.042983
15075.0   0.042951
15077.5   0.042970
15080.0   0.043034
15082.5   0.043130
15085.0   0.043248
15087.5   0.043379
15090.0   0.043509
15092.5   0.043626
15095.0   0.043720
15097.5   0.043781
15100.0   0.043806
15102.5   0.043793
15105.0   0.043743
15107.5   0.043662
15110.0   0.043557
15112.5   0.043439
15115.0   0.043320
15117.5   0.043209
15120.0   0.043117
15122.5   0.043051
15125.0   0.043014
15127.5   0.043010
15130.0   0.043035
15132.5   0.043086
15135.0   0.043154
15137.5   0.043228
15140.0   0.043296
15142.5   0.043348
15145.0   0.043375
15147.5   0.043372
15150.0   0.043336
15152.5   0.043265
15155.0   0.043165
15157.5   0.043042
15160.0   0.042904
15162.5   0.042762
15165.0   0.042625
15167.5   0.042503
15170.0   0.042401
15172.5   0.042324
15175.0   0.042270
15177.5   0.042237
15180.0   0.042218
15182.5   0.042204
15185.0   0.042188
15187.5   0.042161
15190.0   0.042116
15192.5   0.042048
15195.0   0.041957
15197.5   0.041845
15200.0   0.041719
15202.5   0.041587
15205.0   0.041459
15207.5   0.041348
15210.0   0.041264
15212.5   0.041217
15215.0   0.041213
15217.5   0.041254
15220.0   0.041336
15222.5   0.041454
15225.0   0.041597
15227.5   0.041750
15230.0   0.041896
15232.5   0.042017
15235.0   0.042098
15237.5   0.042124
15240.0   0.042087
15242.5   0.041985
15245.0   0.041821
15247.5   0.041605
15250.0   0.041358
15252.5   0.041101
15255.0   0.040851
15257.5   0.040624
15260.0   0.040447
15262.5   0.040348
15265.0   0.040339
15267.5   0.040424
15270.0   0.040590
15272.5   0.040822
15275.0   0.041108
15277.5   0.041436
15280.0   0.041779
15282.5   0.042106
15285.0   0.042390
15287.5   0.042608
15290.0   0.042742
15292.5   0.042779
15295.0   0.042716
15297.5   0.042558
15300.0   0.042319
15302.5   0.042017
15305.0   0.041676
15307.5   0.041320
15310.0   0.040973
15312.5   0.040655
15315.0   0.040381
15317.5   0.040164
15320.0   0.040008
15322.5   0.039912
15325.0   0.039871
15327.5   0.039874
15330.0   0.039907
15332.5   0.039954
15335.0   0.040000
15337.5   0.040033
15340.0   0.040042
15342.5   0.040022
15345.0   0.039973
15347.5   0.039899
15350.0   0.039812
15352.5   0.039723
15355.0   0.039648
15357.5   0.039601
15360.0   0.039594
15362.5   0.039639
15365.0   0.039740
15367.5   0.039900
15370.0   0.040113
15372.5   0.040371
15375.0   0.040659
15377.5   0.040959
15380.0   0.041246
15382.5   0.041499
15385.0   0.041707
15387.5   0.041857
15390.0   0.041914
15392.5   0.041849
15395.0   0.041687
15397.5   0.041460
15400.0   0.041170
15402.5   0.040819
15405.0   0.040429
15407.5   0.040026
15410.0   0.039628
15412.5   0.039250
15415.0   0.038908
15417.5   0.038613
15420.0   0.038372
15422.5   0.038188
15425.0   0.038060
15427.5   0.037987
15430.0   0.037962
15432.5   0.037976
15435.0   0.038021
15437.5   0.038086
15440.0   0.038164
15442.5   0.038247
15445.0   0.038331
15447.5   0.038413
15450.0   0.038493
15452.5   0.038571
15455.0   0.038651
15457.5   0.038735
15460.0   0.038824
15462.5   0.038921
15465.0   0.039026
15467.5   0.039140
15470.0   0.039260
15472.5   0.039382
15475.0   0.039503
15477.5   0.039618
15480.0   0.039723
15482.5   0.039813
15485.0   0.039887
15487.5   0.039942
15490.0   0.039979
15492.5   0.039999
15495.0   0.040004
15497.5   0.039999
15500.0   0.039987
15502.5   0.039972
15505.0   0.039955
15507.5   0.039937
15510.0   0.039918
15512.5   0.039895
15515.0   0.039863
15517.5   0.039816
15520.0   0.039743
15522.5   0.039634
15525.0   0.039488
15527.5   0.039306
15530.0   0.039084
15532.5   0.038817
15535.0   0.038513
15537.5   0.038181
15540.0   0.037833
15542.5   0.037483
15545.0   0.037148
15547.5   0.036843
15550.0   0.036582
15552.5   0.036379
15555.0   0.036241
15557.5   0.036175
15560.0   0.036183
15562.5   0.036262
15565.0   0.036406
15567.5   0.036607
15570.0   0.036853
15572.5   0.037134
15575.0   0.037436
15577.5   0.037747
15580.0   0.038054
15582.5   0.038347
15585.0   0.038617
15587.5   0.038858
15590.0   0.039068
15592.5   0.039245
15595.0   0.039393
15597.5   0.039514
15600.0   0.039615
15602.5   0.039700
15605.0   0.039774
15607.5   0.039840
15610.0   0.039901
15612.5   0.039956
15615.0   0.040003
15617.5   0.040039
15620.0   0.040060
15622.5   0.040060
15625.0   0.040033
15627.5   0.039976
15630.0   0.039887
15632.5   0.039765
15635.0   0.039612
15637.5   0.039433
15640.0   0.039235
15642.5   0.039024
15645.0   0.038807
15647.5   0.038591
15650.0   0.038386
15652.5   0.038201
15655.0   0.038035
15657.5   0.037884
15660.0   0.037749
15662.5   0.037627
15665.0   0.037512
15667.5   0.037395
15670.0   0.037268
15672.5   0.037124
15675.0   0.036954
15677.5   0.036750
15680.0   0.036499
15682.5   0.036193
15685.0   0.035837
15687.5   0.035445
15690.0   0.035046
15692.5   0.034667
15695.0   0.034324
15697.5   0.034029
15700.0   0.033799
15702.5   0.033650
15705.0   0.033593
15707.5   0.033635
15710.0   0.033776
15712.5   0.034013
15715.0   0.034340
15717.5   0.034747
15720.0   0.035221
15722.5   0.035744
15725.0   0.036279
15727.5   0.036792
15730.0   0.037267
15732.5   0.037696
15735.0   0.038072
15737.5   0.038390
15740.0   0.038643
15742.5   0.038826
15745.0   0.038940
15747.5   0.038991
15750.0   0.038987
15752.5   0.038935
15755.0   0.038846
15757.5   0.038730
15760.0   0.038597
15762.5   0.038457
15765.0   0.038316
15767.5   0.038182
15770.0   0.038059
15772.5   0.037952
15775.0   0.037858
15777.5   0.037777
15780.0   0.037713
15782.5   0.037668
15785.0   0.037625
15787.5   0.037567
15790.0   0.037498
15792.5   0.037430
15795.0   0.037395
15797.5   0.037418
15800.0   0.037487
15802.5   0.037585
15805.0   0.037712
15807.5   0.037867
15810.0   0.038041
15812.5   0.038222
15815.0   0.038398
15817.5   0.038554
15820.0   0.038676
15822.5   0.038748
15825.0   0.038758
15827.5   0.038696
15830.0   0.038555
15832.5   0.038334
15835.0   0.038037
15837.5   0.037673
15840.0   0.037252
15842.5   0.036785
15845.0   0.036295
15847.5   0.035808
15850.0   0.035346
15852.5   0.034924
15855.0   0.034530
15857.5   0.034149
15860.0   0.033791
15862.5   0.033472
15865.0   0.033211
15867.5   0.033027
15870.0   0.032920
15872.5   0.032888
15875.0   0.032930
15877.5   0.033041
15880.0   0.033211
15882.5   0.033428
15885.0   0.033678
15887.5   0.033947
15890.0   0.034220
15892.5   0.034485
15895.0   0.034730
15897.5   0.034948
15900.0   0.035134
15902.5   0.035287
15905.0   0.035406
15907.5   0.035490
15910.0   0.035535
15912.5   0.035539
15915.0   0.035524
15917.5   0.035517
15920.0   0.035545
15922.5   0.035629
15925.0   0.035761
15927.5   0.035930
15930.0   0.036138
15932.5   0.036388
15935.0   0.036668
15937.5   0.036964
15940.0   0.037264
15942.5   0.037554
15945.0   0.037820
15947.5   0.038049
15950.0   0.038229
15952.5   0.038353
15955.0   0.038416
15957.5   0.038417
15960.0   0.038359
15962.5   0.038246
15965.0   0.038088
15967.5   0.037895
15970.0   0.037678
15972.5   0.037449
15975.0   0.037220
15977.5   0.037003
15980.0   0.036806
15982.5   0.036637
15985.0   0.036502
15987.5   0.036403
15990.0   0.036342
15992.5   0.036317
15995.0   0.036324
15997.5   0.036360
16000.0   0.036418
16002.5   0.036491
16005.0   0.036573
16007.5   0.036655
16010.0   0.036732
16012.5   0.036798
16015.0   0.036849
16017.5   0.036884
16020.0   0.036902
16022.5   0.036904
16025.0   0.036893
16027.5   0.036871
16030.0   0.036843
16032.5   0.036812
16035.0   0.036782
16037.5   0.036755
16040.0   0.036733
16042.5   0.036717
16045.0   0.036704
16047.5   0.036689
16050.0   0.036673
16052.5   0.036654
16055.0   0.036618
16057.5   0.036553
16060.0   0.036454
16062.5   0.036321
16065.0   0.036153
16067.5   0.035946
16070.0   0.035684
16072.5   0.035352
16075.0   0.034953
16077.5   0.034495
16080.0   0.033995
16082.5   0.033473
16085.0   0.032944
16087.5   0.032423
16090.0   0.031929
16092.5   0.031482
16095.0   0.031098
16097.5   0.030792
16100.0   0.030574
16102.5   0.030455
16105.0   0.030443
16107.5   0.030540
16110.0   0.030735
16112.5   0.031013
16115.0   0.031357
16117.5   0.031748
16120.0   0.032173
16122.5   0.032613
16125.0   0.033033
16127.5   0.033399
16130.0   0.033714
16132.5   0.033989
16135.0   0.034238
16137.5   0.034473
16140.0   0.034688
16142.5   0.034874
16145.0   0.035034
16147.5   0.035173
16150.0   0.035295
16152.5   0.035402
16155.0   0.035499
16157.5   0.035588
16160.0   0.035673
16162.5   0.035755
16165.0   0.035835
16167.5   0.035913
16170.0   0.035988
16172.5   0.036059
16175.0   0.036123
16177.5   0.036178
16180.0   0.036223
16182.5   0.036254
16185.0   0.036269
16187.5   0.036265
16190.0   0.036245
16192.5   0.036210
16195.0   0.036157
16197.5   0.036085
16200.0   0.035996
16202.5   0.035895
16205.0   0.035787
16207.5   0.035677
16210.0   0.035567
16212.5   0.035461
16215.0   0.035362
16217.5   0.035275
16220.0   0.035202
16222.5   0.035145
16225.0   0.035105
16227.5   0.035081
16230.0   0.035072
16232.5   0.035076
16235.0   0.035089
16237.5   0.035109
16240.0   0.035131
16242.5   0.035153
16245.0   0.035170
16247.5   0.035179
16250.0   0.035179
16252.5   0.035167
16255.0   0.035144
16257.5   0.035108
16260.0   0.035061
16262.5   0.035004
16265.0   0.034941
16267.5   0.034874
16270.0   0.034808
16272.5   0.034746
16275.0   0.034691
16277.5   0.034648
16280.0   0.034619
16282.5   0.034606
16285.0   0.034609
16287.5   0.034629
16290.0   0.034662
16292.5   0.034706
16295.0   0.034758
16297.5   0.034812
16300.0   0.034865
16302.5   0.034911
16305.0   0.034945
16307.5   0.034962
16310.0   0.034960
16312.5   0.034936
16315.0   0.034889
16317.5   0.034818
16320.0   0.034727
16322.5   0.034618
16325.0   0.034497
16327.5   0.034369
16330.0   0.034241
16332.5   0.034120
16335.0   0.034008
16337.5   0.033910
16340.0   0.033838
16342.5   0.033801
16345.0   0.033805
16347.5   0.033843
16350.0   0.033882
16352.5   0.033888
16355.0   0.033867
16357.5   0.033830
16360.0   0.033772
16362.5   0.033684
16365.0   0.033558
16367.5   0.033386
16370.0   0.033163
16372.5   0.032888
16375.0   0.032562
16377.5   0.032187
16380.0   0.031770
16382.5   0.031319
16385.0   0.030846
16387.5   0.030365
16390.0   0.029892
16392.5   0.029442
16395.0   0.029031
16397.5   0.028676
16400.0   0.028390
16402.5   0.028185
16405.0   0.028070
16407.5   0.028050
16410.0   0.028126
16412.5   0.028295
16415.0   0.028550
16417.5   0.028880
16420.0   0.029271
16422.5   0.029706
16425.0   0.030167
16427.5   0.030634
16430.0   0.031089
16432.5   0.031514
16435.0   0.031893
16437.5   0.032214
16440.0   0.032469
16442.5   0.032653
16445.0   0.032767
16447.5   0.032813
16450.0   0.032802
16452.5   0.032747
16455.0   0.032663
16457.5   0.032568
16460.0   0.032474
16462.5   0.032394
16465.0   0.032337
16467.5   0.032309
16470.0   0.032314
16472.5   0.032356
16475.0   0.032434
16477.5   0.032543
16480.0   0.032679
16482.5   0.032834
16485.0   0.033000
16487.5   0.033169
16490.0   0.033331
16492.5   0.033478
16495.0   0.033606
16497.5   0.033709
16500.0   0.033786
16502.5   0.033834
16505.0   0.033855
16507.5   0.033852
16510.0   0.033828
16512.5   0.033789
16515.0   0.033739
16517.5   0.033683
16520.0   0.033625
16522.5   0.033569
16525.0   0.033517
16527.5   0.033470
16530.0   0.033426
16532.5   0.033385
16535.0   0.033343
16537.5   0.033297
16540.0   0.033243
16542.5   0.033178
16545.0   0.033098
16547.5   0.033001
16550.0   0.032887
16552.5   0.032756
16555.0   0.032610
16557.5   0.032453
16560.0   0.032290
16562.5   0.032125
16565.0   0.031965
16567.5   0.031817
16570.0   0.031688
16572.5   0.031583
16575.0   0.031506
16577.5   0.031462
16580.0   0.031453
16582.5   0.031478
16585.0   0.031536
16587.5   0.031623
16590.0   0.031734
16592.5   0.031862
16595.0   0.031999
16597.5   0.032138
16600.0   0.032273
16602.5   0.032396
16605.0   0.032502
16607.5   0.032586
16610.0   0.032646
16612.5   0.032680
16615.0   0.032689
16617.5   0.032674
16620.0   0.032638
16622.5   0.032584
16625.0   0.032516
16627.5   0.032439
16630.0   0.032357
16632.5   0.032275
16635.0   0.032196
16637.5   0.032125
16640.0   0.032063
16642.5   0.032010
16645.0   0.031966
16647.5   0.031932
16650.0   0.031906
16652.5   0.031885
16655.0   0.031868
16657.5   0.031853
16660.0   0.031837
16662.5   0.031820
16665.0   0.031800
16667.5   0.031778
16670.0   0.031754
16672.5   0.031729
16675.0   0.031705
16677.5   0.031682
16680.0   0.031662
16682.5   0.031646
16685.0   0.031635
16687.5   0.031629
16690.0   0.031629
16692.5   0.031633
16695.0   0.031640
16697.5   0.031649
16700.0   0.031658
16702.5   0.031665
16705.0   0.031669
16707.5   0.031668
16710.0   0.031661
16712.5   0.031645
16715.0   0.031626
16717.5   0.031607
16720.0   0.031583
16722.5   0.031548
16725.0   0.031502
16727.5   0.031451
16730.0   0.031406
16732.5   0.031377
16735.0   0.031365
16737.5   0.031365
16740.0   0.031374
16742.5   0.031386
16745.0   0.031399
16747.5   0.031409
16750.0   0.031409
16752.5   0.031392
16755.0   0.031351
16757.5   0.031278
16760.0   0.031167
16762.5   0.031014
16765.0   0.030814
16767.5   0.030566
16770.0   0.030271
16772.5   0.029932
16775.0   0.029555
16777.5   0.029147
16780.0   0.028717
16782.5   0.028277
16785.0   0.027842
16787.5   0.027428
16790.0   0.027045
16792.5   0.026703
16795.0   0.026412
16797.5   0.026184
16800.0   0.026025
16802.5   0.025939
16805.0   0.025925
16807.5   0.025982
16810.0   0.026104
16812.5   0.026284
16815.0   0.026511
16817.5   0.026775
16820.0   0.027065
16822.5   0.027368
16825.0   0.027674
16827.5   0.027973
16830.0   0.028258
16832.5   0.028521
16835.0   0.028760
16837.5   0.028973
16840.0   0.029159
16842.5   0.029318
16845.0   0.029460
16847.5   0.029594
16850.0   0.029722
16852.5   0.029843
16855.0   0.029951
16857.5   0.030043
16860.0   0.030121
16862.5   0.030193
16865.0   0.030266
16867.5   0.030347
16870.0   0.030432
16872.5   0.030513
16875.0   0.030586
16877.5   0.030649
16880.0   0.030700
16882.5   0.030735
16885.0   0.030751
16887.5   0.030747
16890.0   0.030725
16892.5   0.030687
16895.0   0.030634
16897.5   0.030570
16900.0   0.030499
16902.5   0.030426
16905.0   0.030357
16907.5   0.030295
16910.0   0.030244
16912.5   0.030206
16915.0   0.030184
16917.5   0.030178
16920.0   0.030188
16922.5   0.030211
16925.0   0.030245
16927.5   0.030287
16930.0   0.030332
16932.5   0.030373
16935.0   0.030408
16937.5   0.030433
16940.0   0.030445
16942.5   0.030444
16945.0   0.030427
16947.5   0.030395
16950.0   0.030350
16952.5   0.030295
16955.0   0.030233
16957.5   0.030169
16960.0   0.030108
16962.5   0.030054
16965.0   0.030011
16967.5   0.029982
16970.0   0.029969
16972.5   0.029974
16975.0   0.029997
16977.5   0.030035
16980.0   0.030086
16982.5   0.030146
16985.0   0.030210
16987.5   0.030274
16990.0   0.030331
16992.5   0.030376
16995.0   0.030406
16997.5   0.030416
17000.0   0.030405
17002.5   0.030371
17005.0   0.030314
17007.5   0.030237
17010.0   0.030144
17012.5   0.030037
17015.0   0.029922
17017.5   0.029804
17020.0   0.029688
17022.5   0.029580
17025.0   0.029483
17027.5   0.029401
17030.0   0.029337
17032.5   0.029292
17035.0   0.029266
17037.5   0.029257
17040.0   0.029263
17042.5   0.029281
17045.0   0.029306
17047.5   0.029334
17050.0   0.029361
17052.5   0.029382
17055.0   0.029394
17057.5   0.029394
17060.0   0.029381
17062.5   0.029355
17065.0   0.029317
17067.5   0.029268
17070.0   0.029211
17072.5   0.029150
17075.0   0.029091
17077.5   0.029038
17080.0   0.028994
17082.5   0.028960
17085.0   0.028940
17087.5   0.028941
17090.0   0.028965
17092.5   0.029014
17095.0   0.029081
17097.5   0.029158
17100.0   0.029245
17102.5   0.029340
17105.0   0.029438
17107.5   0.029531
17110.0   0.029615
17112.5   0.029685
17115.0   0.029736
17117.5   0.029766
17120.0   0.029773
17122.5   0.029756
17125.0   0.029716
17127.5   0.029655
17130.0   0.029576
17132.5   0.029483
17135.0   0.029380
17137.5   0.029271
17140.0   0.029161
17142.5   0.029054
17145.0   0.028953
17147.5   0.028862
17150.0   0.028783
17152.5   0.028717
17155.0   0.028664
17157.5   0.028624
17160.0   0.028595
17162.5   0.028576
17165.0   0.028564
17167.5   0.028555
17170.0   0.028547
17172.5   0.028538
17175.0   0.028526
17177.5   0.028509
17180.0   0.028486
17182.5   0.028458
17185.0   0.028426
17187.5   0.028391
17190.0   0.028354
17192.5   0.028319
17195.0   0.028287
17197.5   0.028261
17200.0   0.028244
17202.5   0.028237
17205.0   0.028242
17207.5   0.028260
17210.0   0.028290
17212.5   0.028332
17215.0   0.028385
17217.5   0.028446
17220.0   0.028511
17222.5   0.028577
17225.0   0.028641
17227.5   0.028698
17230.0   0.028745
17232.5   0.028778
17235.0   0.028794
17237.5   0.028791
17240.0   0.028770
17242.5   0.028733
17245.0   0.028679
17247.5   0.028607
17250.0   0.028519
17252.5   0.028420
17255.0   0.028315
17257.5   0.028211
17260.0   0.028109
17262.5   0.028010
17265.0   0.027918
17267.5   0.027836
17270.0   0.027764
17272.5   0.027706
17275.0   0.027685
17277.5   0.027717
17280.0   0.027776
17282.5   0.027829
17285.0   0.027846
17287.5   0.027810
17290.0   0.027755
17292.5   0.027715
17295.0   0.027683
17297.5   0.027644
17300.0   0.027598
17302.5   0.027546
17305.0   0.027485
17307.5   0.027413
17310.0   0.027328
17312.5   0.027226
17315.0   0.027106
17317.5   0.026966
17320.0   0.026805
17322.5   0.026621
17325.0   0.026414
17327.5   0.026185
17330.0   0.025935
17332.5   0.025667
17335.0   0.025383
17337.5   0.025088
17340.0   0.024786
17342.5   0.024484
17345.0   0.024188
17347.5   0.023904
17350.0   0.023640
17352.5   0.023402
17355.0   0.023198
17357.5   0.023034
17360.0   0.022914
17362.5   0.022844
17365.0   0.022826
17367.5   0.022863
17370.0   0.022956
17372.5   0.023103
17375.0   0.023301
17377.5   0.023546
17380.0   0.023832
17382.5   0.024152
17385.0   0.024497
17387.5   0.024855
17390.0   0.025221
17392.5   0.025586
17395.0   0.025934
17397.5   0.026250
17400.0   0.026539
17402.5   0.026807
17405.0   0.027048
17407.5   0.027243
17410.0   0.027332
17412.5   0.027278
17415.0   0.027174
17417.5   0.027119
17420.0   0.027097
17422.5   0.027072
17425.0   0.027035
17427.5   0.026985
17430.0   0.026935
17432.5   0.026895
17435.0   0.026868
17437.5   0.026854
17440.0   0.026856
17442.5   0.026878
17445.0   0.026920
17447.5   0.026980
17450.0   0.027056
17452.5   0.027144
17455.0   0.027241
17457.5   0.027341
17460.0   0.027439
17462.5   0.027528
17465.0   0.027604
17467.5   0.027661
17470.0   0.027695
17472.5   0.027703
17475.0   0.027684
17477.5   0.027637
17480.0   0.027563
17482.5   0.027466
17485.0   0.027349
17487.5   0.027216
17490.0   0.027073
17492.5   0.026925
17495.0   0.026776
17497.5   0.026631
17500.0   0.026494
17502.5   0.026370
17505.0   0.026260
17507.5   0.026167
17510.0   0.026092
17512.5   0.026035
17515.0   0.025997
17517.5   0.025976
17520.0   0.025972
17522.5   0.025981
17525.0   0.026003
17527.5   0.026034
17530.0   0.026073
17532.5   0.026116
17535.0   0.026161
17537.5   0.026206
17540.0   0.026248
17542.5   0.026287
17545.0   0.026321
17547.5   0.026350
17550.0   0.026372
17552.5   0.026388
17555.0   0.026399
17557.5   0.026405
17560.0   0.026407
17562.5   0.026406
17565.0   0.026402
17567.5   0.026396
17570.0   0.026389
17572.5   0.026382
17575.0   0.026373
17577.5   0.026363
17580.0   0.026351
17582.5   0.026338
17585.0   0.026323
17587.5   0.026306
17590.0   0.026287
17592.5   0.026265
17595.0   0.026239
17597.5   0.026210
17600.0   0.026179
17602.5   0.026145
17605.0   0.026108
17607.5   0.026070
17610.0   0.026030
17612.5   0.025990
17615.0   0.025950
17617.5   0.025911
17620.0   0.025873
17622.5   0.025838
17625.0   0.025805
17627.5   0.025776
17630.0   0.025751
17632.5   0.025730
17635.0   0.025714
17637.5   0.025703
17640.0   0.025697
17642.5   0.025696
17645.0   0.025701
17647.5   0.025710
17650.0   0.025724
17652.5   0.025742
17655.0   0.025764
17657.5   0.025789
17660.0   0.025816
17662.5   0.025845
17665.0   0.025875
17667.5   0.025905
17670.0   0.025933
17672.5   0.025959
17675.0   0.025981
17677.5   0.025999
17680.0   0.026011
17682.5   0.026016
17685.0   0.026013
17687.5   0.026001
17690.0   0.025981
17692.5   0.025951
17695.0   0.025912
17697.5   0.025863
17700.0   0.025805
17702.5   0.025739
17705.0   0.025667
17707.5   0.025590
17710.0   0.025510
17712.5   0.025429
17715.0   0.025350
17717.5   0.025276
17720.0   0.025210
17722.5   0.025154
17725.0   0.025110
17727.5   0.025080
17730.0   0.025065
17732.5   0.025067
17735.0   0.025083
17737.5   0.025113
17740.0   0.025154
17742.5   0.025206
17745.0   0.025268
17747.5   0.025337
17750.0   0.025406
17752.5   0.025470
17755.0   0.025527
17757.5   0.025574
17760.0   0.025610
17762.5   0.025631
17765.0   0.025635
17767.5   0.025621
17770.0   0.025590
17772.5   0.025543
17775.0   0.025482
17777.5   0.025408
17780.0   0.025326
17782.5   0.025240
17785.0   0.025153
17787.5   0.025069
17790.0   0.024995
17792.5   0.024936
17795.0   0.024883
17797.5   0.024834
17800.0   0.024835
17802.5   0.024919
17805.0   0.025012
17807.5   0.025041
17810.0   0.025039
17812.5   0.025055
17815.0   0.025084
17817.5   0.025110
17820.0   0.025133
17822.5   0.025153
17825.0   0.025170
17827.5   0.025180
17830.0   0.025183
17832.5   0.025177
17835.0   0.025161
17837.5   0.025135
17840.0   0.025100
17842.5   0.025056
17845.0   0.025004
17847.5   0.024947
17850.0   0.024887
17852.5   0.024826
17855.0   0.024768
17857.5   0.024715
17860.0   0.024670
17862.5   0.024634
17865.0   0.024607
17867.5   0.024591
17870.0   0.024584
17872.5   0.024586
17875.0   0.024595
17877.5   0.024610
17880.0   0.024628
17882.5   0.024648
17885.0   0.024668
17887.5   0.024686
17890.0   0.024701
17892.5   0.024712
17895.0   0.024718
17897.5   0.024717
17900.0   0.024709
17902.5   0.024693
17905.0   0.024670
17907.5   0.024640
17910.0   0.024603
17912.5   0.024561
17915.0   0.024514
17917.5   0.024462
17920.0   0.024410
17922.5   0.024360
17925.0   0.024316
17927.5   0.024279
17930.0   0.024251
17932.5   0.024233
17935.0   0.024225
17937.5   0.024227
17940.0   0.024238
17942.5   0.024255
17945.0   0.024277
17947.5   0.024301
17950.0   0.024326
17952.5   0.024348
17955.0   0.024367
17957.5   0.024381
17960.0   0.024390
17962.5   0.024392
17965.0   0.024388
17967.5   0.024377
17970.0   0.024359
17972.5   0.024334
17975.0   0.024303
17977.5   0.024266
17980.0   0.024224
17982.5   0.024177
17985.0   0.024128
17987.5   0.024077
17990.0   0.024027
17992.5   0.023978
17995.0   0.023935
17997.5   0.023900
18000.0   0.023875
18002.5   0.023863
18005.0   0.023864
18007.5   0.023880
18010.0   0.023910
18012.5   0.023951
18015.0   0.024001
18017.5   0.024056
18020.0   0.024114
18022.5   0.024170
18025.0   0.024223
18027.5   0.024269
18030.0   0.024309
18032.5   0.024341
18035.0   0.024366
18037.5   0.024382
18040.0   0.024389
18042.5   0.024388
18045.0   0.024379
18047.5   0.024363
18050.0   0.024339
18052.5   0.024308
18055.0   0.024271
18057.5   0.024227
18060.0   0.024177
18062.5   0.024122
18065.0   0.024063
18067.5   0.024001
18070.0   0.023936
18072.5   0.023870
18075.0   0.023805
18077.5   0.023740
18080.0   0.023678
18082.5   0.023618
18085.0   0.023558
18087.5   0.023498
18090.0   0.023447
18092.5   0.023408
18095.0   0.023349
18097.5   0.023243
18100.0   0.023132
18102.5   0.023057
18105.0   0.023000
18107.5   0.022933
18110.0   0.022857
18112.5   0.022781
18115.0   0.022704
18117.5   0.022625
18120.0   0.022545
18122.5   0.022463
18125.0   0.022380
18127.5   0.022296
18130.0   0.022211
18132.5   0.022126
18135.0   0.022041
18137.5   0.021956
18140.0   0.021871
18142.5   0.021787
18145.0   0.021704
18147.5   0.021621
18150.0   0.021540
18152.5   0.021460
18155.0   0.021382
18157.5   0.021306
18160.0   0.021232
18162.5   0.021160
18165.0   0.021091
18167.5   0.021024
18170.0   0.020961
18172.5   0.020901
18175.0   0.020845
18177.5   0.020792
18180.0   0.020744
18182.5   0.020700
18185.0   0.020660
18187.5   0.020625
18190.0   0.020594
18192.5   0.020569
18195.0   0.020549
18197.5   0.020535
18200.0   0.020527
18202.5   0.020525
18205.0   0.020528
18207.5   0.020537
18210.0   0.020551
18212.5   0.020570
18215.0   0.020595
18217.5   0.020624
18220.0   0.020658
18222.5   0.020695
18225.0   0.020736
18227.5   0.020781
18230.0   0.020829
18232.5   0.020880
18235.0   0.020934
18237.5   0.020991
18240.0   0.021050
18242.5   0.021111
18245.0   0.021174
18247.5   0.021239
18250.0   0.021305
18252.5   0.021372
18255.0   0.021439
18257.5   0.021508
18260.0   0.021577
18262.5   0.021646
18265.0   0.021714
18267.5   0.021782
18270.0   0.021850
18272.5   0.021917
18275.0   0.021982
18277.5   0.022046
18280.0   0.022109
18282.5   0.022170
18285.0   0.022228
18287.5   0.022284
18290.0   0.022338
18292.5   0.022389
18295.0   0.022436
18297.5   0.022480
18300.0   0.022521
18302.5   0.022557
18305.0   0.022590
18307.5   0.022619
18310.0   0.022645
18312.5   0.022667
18315.0   0.022686
18317.5   0.022701
18320.0   0.022714
18322.5   0.022724
18325.0   0.022731
18327.5   0.022735
18330.0   0.022737
18332.5   0.022736
18335.0   0.022733
18337.5   0.022728
18340.0   0.022720
18342.5   0.022710
18345.0   0.022699
18347.5   0.022686
18350.0   0.022672
18352.5   0.022656
18355.0   0.022638
18357.5   0.022619
18360.0   0.022599
18362.5   0.022578
18365.0   0.022556
18367.5   0.022533
18370.0   0.022510
18372.5   0.022486
18375.0   0.022462
18377.5   0.022437
18380.0   0.022412
18382.5   0.022388
18385.0   0.022363
18387.5   0.022338
18390.0   0.022313
18392.5   0.022289
18395.0   0.022266
18397.5   0.022243
18400.0   0.022221
18402.5   0.022200
18405.0   0.022179
18407.5   0.022160
18410.0   0.022141
18412.5   0.022123
18415.0   0.022106
18417.5   0.022089
18420.0   0.022073
18422.5   0.022058
18425.0   0.022044
18427.5   0.022030
18430.0   0.022017
18432.5   0.022004
18435.0   0.021992
18437.5   0.021980
18440.0   0.021969
18442.5   0.021958
18445.0   0.021948
18447.5   0.021938
18450.0   0.021929
18452.5   0.021920
18455.0   0.021911
18457.5   0.021903
18460.0   0.021895
18462.5   0.021887
18465.0   0.021880
18467.5   0.021872
18470.0   0.021865
18472.5   0.021858
18475.0   0.021851
18477.5   0.021844
18480.0   0.021838
18482.5   0.021831
18485.0   0.021825
18487.5   0.021819
18490.0   0.021812
18492.5   0.021805
18495.0   0.021798
18497.5   0.021791
18500.0   0.021785
18502.5   0.021778
18505.0   0.021771
18507.5   0.021764
18510.0   0.021756
18512.5   0.021748
18515.0   0.021740
18517.5   0.021732
18520.0   0.021724
18522.5   0.021715
18525.0   0.021706
18527.5   0.021697
18530.0   0.021688
18532.5   0.021679
18535.0   0.021669
18537.5   0.021659
18540.0   0.021648
18542.5   0.021638
18545.0   0.021627
18547.5   0.021616
18550.0   0.021604
18552.5   0.021592
18555.0   0.021579
18557.5   0.021566
18560.0   0.021553
18562.5   0.021540
18565.0   0.021526
18567.5   0.021512
18570.0   0.021497
18572.5   0.021482
18575.0   0.021467
18577.5   0.021451
18580.0   0.021434
18582.5   0.021417
18585.0   0.021400
18587.5   0.021382
18590.0   0.021364
18592.5   0.021345
18595.0   0.021326
18597.5   0.021306
18600.0   0.021285
18602.5   0.021264
18605.0   0.021243
18607.5   0.021221
18610.0   0.021199
18612.5   0.021176
18615.0   0.021152
18617.5   0.021128
18620.0   0.021104
18622.5   0.021080
18625.0   0.021055
18627.5   0.021030
18630.0   0.021004
18632.5   0.020978
18635.0   0.020951
18637.5   0.020925
18640.0   0.020898
18642.5   0.020871
18645.0   0.020843
18647.5   0.020816
18650.0   0.020788
18652.5   0.020760
18655.0   0.020731
18657.5   0.020702
18660.0   0.020674
18662.5   0.020646
18665.0   0.020617
18667.5   0.020588
18670.0   0.020559
18672.5   0.020530
18675.0   0.020501
18677.5   0.020472
18680.0   0.020443
18682.5   0.020414
18685.0   0.020385
18687.5   0.020357
18690.0   0.020328
18692.5   0.020299
18695.0   0.020270
18697.5   0.020241
18700.0   0.020213
18702.5   0.020185
18705.0   0.020157
18707.5   0.020129
18710.0   0.020102
18712.5   0.020075
18715.0   0.020048
18717.5   0.020021
18720.0   0.019995
18722.5   0.019969
18725.0   0.019944
18727.5   0.019919
18730.0   0.019894
18732.5   0.019870
18735.0   0.019847
18737.5   0.019824
18740.0   0.019802
18742.5   0.019780
18745.0   0.019759
18747.5   0.019739
18750.0   0.019720
18752.5   0.019701
18755.0   0.019683
18757.5   0.019666
18760.0   0.019650
18762.5   0.019635
18765.0   0.019620
18767.5   0.019607
18770.0   0.019594
18772.5   0.019582
18775.0   0.019572
18777.5   0.019563
18780.0   0.019555
18782.5   0.019547
18785.0   0.019541
18787.5   0.019536
18790.0   0.019533
18792.5   0.019531
18795.0   0.019530
18797.5   0.019530
18800.0   0.019531
18802.5   0.019534
18805.0   0.019539
18807.5   0.019545
18810.0   0.019551
18812.5   0.019558
18815.0   0.019567
18817.5   0.019577
18820.0   0.019588
18822.5   0.019600
18825.0   0.019612
18827.5   0.019625
18830.0   0.019639
18832.5   0.019653
18835.0   0.019668
18837.5   0.019684
18840.0   0.019700
18842.5   0.019716
18845.0   0.019732
18847.5   0.019749
18850.0   0.019766
18852.5   0.019783
18855.0   0.019800
18857.5   0.019816
18860.0   0.019833
18862.5   0.019850
18865.0   0.019867
18867.5   0.019883
18870.0   0.019899
18872.5   0.019914
18875.0   0.019929
18877.5   0.019943
18880.0   0.019957
18882.5   0.019970
18885.0   0.019983
18887.5   0.019994
18890.0   0.020005
18892.5   0.020015
18895.0   0.020024
18897.5   0.020032
18900.0   0.020038
18902.5   0.020043
18905.0   0.020048
18907.5   0.020052
18910.0   0.020054
18912.5   0.020055
18915.0   0.020055
18917.5   0.020054
18920.0   0.020052
18922.5   0.020049
18925.0   0.020046
18927.5   0.020042
18930.0   0.020037
18932.5   0.020031
18935.0   0.020025
18937.5   0.020018
18940.0   0.020010
18942.5   0.020001
18945.0   0.019992
18947.5   0.019983
18950.0   0.019973
18952.5   0.019962
18955.0   0.019951
18957.5   0.019940
18960.0   0.019929
18962.5   0.019917
18965.0   0.019904
18967.5   0.019891
18970.0   0.019879
18972.5   0.019867
18975.0   0.019854
18977.5   0.019841
18980.0   0.019828
18982.5   0.019815
18985.0   0.019801
18987.5   0.019788
18990.0   0.019775
18992.5   0.019762
18995.0   0.019750
18997.5   0.019737
19000.0   0.019725
19002.5   0.019713
19005.0   0.019701
19007.5   0.019690
19010.0   0.019679
19012.5   0.019668
19015.0   0.019657
19017.5   0.019646
19020.0   0.019636
19022.5   0.019626
19025.0   0.019616
19027.5   0.019606
19030.0   0.019596
19032.5   0.019586
19035.0   0.019577
19037.5   0.019568
19040.0   0.019559
19042.5   0.019550
19045.0   0.019541
19047.5   0.019532
19050.0   0.019523
19052.5   0.019514
19055.0   0.019506
19057.5   0.019498
19060.0   0.019489
19062.5   0.019480
19065.0   0.019472
19067.5   0.019464
19070.0   0.019455
19072.5   0.019447
19075.0   0.019438
19077.5   0.019429
19080.0   0.019421
19082.5   0.019413
19085.0   0.019404
19087.5   0.019395
19090.0   0.019386
19092.5   0.019377
19095.0   0.019368
19097.5   0.019359
19100.0   0.019350
19102.5   0.019341
19105.0   0.019331
19107.5   0.019321
19110.0   0.019312
19112.5   0.019303
19115.0   0.019293
19117.5   0.019283
19120.0   0.019273
19122.5   0.019263
19125.0   0.019253
19127.5   0.019243
19130.0   0.019233
19132.5   0.019222
19135.0   0.019212
19137.5   0.019202
19140.0   0.019192
19142.5   0.019182
19145.0   0.019171
19147.5   0.019161
19150.0   0.019151
19152.5   0.019141
19155.0   0.019131
19157.5   0.019121
19160.0   0.019111
19162.5   0.019101
19165.0   0.019091
19167.5   0.019081
19170.0   0.019071
19172.5   0.019061
19175.0   0.019052
19177.5   0.019042
19180.0   0.019033
19182.5   0.019024
19185.0   0.019015
19187.5   0.019007
19190.0   0.018998
19192.5   0.018989
19195.0   0.018980
19197.5   0.018972
19200.0   0.018964
19202.5   0.018956
19205.0   0.018948
19207.5   0.018940
19210.0   0.018933
19212.5   0.018925
19215.0   0.018918
19217.5   0.018911
19220.0   0.018904
19222.5   0.018897
19225.0   0.018889
19227.5   0.018882
19230.0   0.018874
19232.5   0.018866
19235.0   0.018858
19237.5   0.018850
19240.0   0.018842
19242.5   0.018834
19245.0   0.018825
19247.5   0.018816
19250.0   0.018806
19252.5   0.018797
19255.0   0.018787
19257.5   0.018777
19260.0   0.018766
19262.5   0.018755
19265.0   0.018743
19267.5   0.018731
19270.0   0.018718
19272.5   0.018705
19275.0   0.018691
19277.5   0.018677
19280.0   0.018662
19282.5   0.018646
19285.0   0.018630
19287.5   0.018613
19290.0   0.018596
19292.5   0.018577
19295.0   0.018558
19297.5   0.018538
19300.0   0.018518
19302.5   0.018496
19305.0   0.018474
19307.5   0.018451
19310.0   0.018427
19312.5   0.018402
19315.0   0.018377
19317.5   0.018351
19320.0   0.018325
19322.5   0.018298
19325.0   0.018271
19327.5   0.018243
19330.0   0.018215
19332.5   0.018186
19335.0   0.018157
19337.5   0.018128
19340.0   0.018098
19342.5   0.018069
19345.0   0.018039
19347.5   0.018009
19350.0   0.017979
19352.5   0.017948
19355.0   0.017918
19357.5   0.017888
19360.0   0.017858
19362.5   0.017828
19365.0   0.017798
19367.5   0.017768
19370.0   0.017739
19372.5   0.017709
19375.0   0.017680
19377.5   0.017651
19380.0   0.017623
19382.5   0.017596
19385.0   0.017568
19387.5   0.017538
19390.0   0.017514
19392.5   0.017497
19395.0   0.017463
19397.5   0.017404
19400.0   0.017414
19402.5   0.017558
19405.0   0.017682
19407.5   0.017638
19410.0   0.017510
19412.5   0.017412
19415.0   0.017338
19417.5   0.017260
19420.0   0.017181
19422.5   0.017110
19425.0   0.017046
19427.5   0.016986
19430.0   0.016932
19432.5   0.016885
19435.0   0.016846
19437.5   0.016815
19440.0   0.016793
19442.5   0.016781
19445.0   0.016778
19447.5   0.016786
19450.0   0.016803
19452.5   0.016830
19455.0   0.016866
19457.5   0.016911
19460.0   0.016962
19462.5   0.017018
19465.0   0.017076
19467.5   0.017135
19470.0   0.017193
19472.5   0.017247
19475.0   0.017296
19477.5   0.017338
19480.0   0.017374
19482.5   0.017403
19485.0   0.017426
19487.5   0.017443
19490.0   0.017455
19492.5   0.017463
19495.0   0.017467
19497.5   0.017469
19500.0   0.017471
19502.5   0.017473
19505.0   0.017475
19507.5   0.017478
19510.0   0.017484
19512.5   0.017492
19515.0   0.017504
19517.5   0.017519
19520.0   0.017538
19522.5   0.017561
19525.0   0.017589
19527.5   0.017622
19530.0   0.017659
19532.5   0.017701
19535.0   0.017748
19537.5   0.017799
19540.0   0.017853
19542.5   0.017908
19545.0   0.017962
19547.5   0.018013
19550.0   0.018059
19552.5   0.018096
19555.0   0.018122
19557.5   0.018135
19560.0   0.018134
19562.5   0.018120
19565.0   0.018095
19567.5   0.018061
19570.0   0.018020
19572.5   0.017976
19575.0   0.017931
19577.5   0.017888
19580.0   0.017849
19582.5   0.017814
19585.0   0.017784
19587.5   0.017760
19590.0   0.017742
19592.5   0.017729
19595.0   0.017720
19597.5   0.017716
19600.0   0.017717
19602.5   0.017721
19605.0   0.017728
19607.5   0.017737
19610.0   0.017747
19612.5   0.017758
19615.0   0.017770
19617.5   0.017782
19620.0   0.017792
19622.5   0.017799
19625.0   0.017800
19627.5   0.017795
19630.0   0.017784
19632.5   0.017767
19635.0   0.017745
19637.5   0.017716
19640.0   0.017681
19642.5   0.017641
19645.0   0.017596
19647.5   0.017548
19650.0   0.017498
19652.5   0.017448
19655.0   0.017400
19657.5   0.017353
19660.0   0.017310
19662.5   0.017271
19665.0   0.017235
19667.5   0.017203
19670.0   0.017176
19672.5   0.017153
19675.0   0.017135
19677.5   0.017121
19680.0   0.017110
19682.5   0.017102
19685.0   0.017098
19687.5   0.017097
19690.0   0.017098
19692.5   0.017102
19695.0   0.017107
19697.5   0.017114
19700.0   0.017123
19702.5   0.017133
19705.0   0.017143
19707.5   0.017153
19710.0   0.017163
19712.5   0.017172
19715.0   0.017181
19717.5   0.017188
19720.0   0.017194
19722.5   0.017198
19725.0   0.017199
19727.5   0.017199
19730.0   0.017196
19732.5   0.017191
19735.0   0.017184
19737.5   0.017176
19740.0   0.017167
19742.5   0.017156
19745.0   0.017144
19747.5   0.017131
19750.0   0.017117
19752.5   0.017103
19755.0   0.017089
19757.5   0.017074
19760.0   0.017059
19762.5   0.017044
19765.0   0.017029
19767.5   0.017014
19770.0   0.017000
19772.5   0.016986
19775.0   0.016972
19777.5   0.016959
19780.0   0.016946
19782.5   0.016935
19785.0   0.016924
19787.5   0.016914
19790.0   0.016906
19792.5   0.016899
19795.0   0.016894
19797.5   0.016890
19800.0   0.016886
19802.5   0.016883
19805.0   0.016881
19807.5   0.016879
19810.0   0.016878
19812.5   0.016876
19815.0   0.016874
19817.5   0.016871
19820.0   0.016866
19822.5   0.016860
19825.0   0.016853
19827.5   0.016845
19830.0   0.016835
19832.5   0.016823
19835.0   0.016808
19837.5   0.016791
19840.0   0.016772
19842.5   0.016752
19845.0   0.016730
19847.5   0.016707
19850.0   0.016684
19852.5   0.016660
19855.0   0.016635
19857.5   0.016610
19860.0   0.016586
19862.5   0.016562
19865.0   0.016540
19867.5   0.016520
19870.0   0.016502
19872.5   0.016486
19875.0   0.016473
19877.5   0.016463
19880.0   0.016457
19882.5   0.016453
19885.0   0.016452
19887.5   0.016453
19890.0   0.016455
19892.5   0.016459
19895.0   0.016463
19897.5   0.016467
19900.0   0.016470
19902.5   0.016472
19905.0   0.016472
19907.5   0.016470
19910.0   0.016466
19912.5   0.016459
19915.0   0.016450
19917.5   0.016438
19920.0   0.016424
19922.5   0.016408
19925.0   0.016389
19927.5   0.016369
19930.0   0.016347
19932.5   0.016325
19935.0   0.016302
19937.5   0.016279
19940.0   0.016258
19942.5   0.016238
19945.0   0.016221
19947.5   0.016206
19950.0   0.016194
19952.5   0.016187
19955.0   0.016185
19957.5   0.016188
19960.0   0.016196
19962.5   0.016210
19965.0   0.016231
19967.5   0.016258
19970.0   0.016291
19972.5   0.016330
19975.0   0.016374
19977.5   0.016423
19980.0   0.016477
19982.5   0.016535
19985.0   0.016595
19987.5   0.016657
19990.0   0.016719
19992.5   0.016782
19995.0   0.016844
19997.5   0.016904
20000.0   0.016960
20002.5   0.017012
20005.0   0.017058
20007.5   0.017097
20010.0   0.017126
20012.5   0.017145
20015.0   0.017151
20017.5   0.017142
20020.0   0.017117
20022.5   0.017074
20025.0   0.017012
20027.5   0.016932
20030.0   0.016835
20032.5   0.016726
20035.0   0.016607
20037.5   0.016483
20040.0   0.016356
20042.5   0.016232
20045.0   0.016118
20047.5   0.016022
20050.0   0.015948
20052.5   0.015898
20055.0   0.015865
20057.5   0.015844
20060.0   0.015833
20062.5   0.015831
20065.0   0.015837
20067.5   0.015851
20070.0   0.015871
20072.5   0.015894
20075.0   0.015919
20077.5   0.015945
20080.0   0.015972
20082.5   0.015998
20085.0   0.016022
20087.5   0.016045
20090.0   0.016066
20092.5   0.016084
20095.0   0.016100
20097.5   0.016113
20100.0   0.016122
20102.5   0.016127
20105.0   0.016128
20107.5   0.016125
20110.0   0.016118
20112.5   0.016106
20115.0   0.016090
20117.5   0.016069
20120.0   0.016045
20122.5   0.016017
20125.0   0.015986
20127.5   0.015953
20130.0   0.015919
20132.5   0.015885
20135.0   0.015852
20137.5   0.015821
20140.0   0.015793
20142.5   0.015768
20145.0   0.015747
20147.5   0.015730
20150.0   0.015716
20152.5   0.015706
20155.0   0.015700
20157.5   0.015696
20160.0   0.015695
20162.5   0.015695
20165.0   0.015697
20167.5   0.015700
20170.0   0.015703
20172.5   0.015706
20175.0   0.015709
20177.5   0.015712
20180.0   0.015715
20182.5   0.015716
20185.0   0.015717
20187.5   0.015717
20190.0   0.015716
20192.5   0.015714
20195.0   0.015710
20197.5   0.015705
20200.0   0.015700
20202.5   0.015694
20205.0   0.015686
20207.5   0.015677
20210.0   0.015668
20212.5   0.015658
20215.0   0.015647
20217.5   0.015636
20220.0   0.015624
20222.5   0.015613
20225.0   0.015601
20227.5   0.015589
20230.0   0.015576
20232.5   0.015564
20235.0   0.015552
20237.5   0.015541
20240.0   0.015530
20242.5   0.015519
20245.0   0.015509
20247.5   0.015500
20250.0   0.015492
20252.5   0.015485
20255.0   0.015478
20257.5   0.015473
20260.0   0.015468
20262.5   0.015464
20265.0   0.015462
20267.5   0.015461
20270.0   0.015462
20272.5   0.015464
20275.0   0.015468
20277.5   0.015473
20280.0   0.015478
20282.5   0.015483
20285.0   0.015489
20287.5   0.015496
20290.0   0.015502
20292.5   0.015507
20295.0   0.015512
20297.5   0.015516
20300.0   0.015519
20302.5   0.015519
20305.0   0.015518
20307.5   0.015515
20310.0   0.015510
20312.5   0.015503
20315.0   0.015493
20317.5   0.015481
20320.0   0.015467
20322.5   0.015451
20325.0   0.015433
20327.5   0.015414
20330.0   0.015393
20332.5   0.015371
20335.0   0.015349
20337.5   0.015326
20340.0   0.015304
20342.5   0.015282
20345.0   0.015260
20347.5   0.015239
20350.0   0.015219
20352.5   0.015200
20355.0   0.015183
20357.5   0.015168
20360.0   0.015155
20362.5   0.015144
20365.0   0.015134
20367.5   0.015126
20370.0   0.015119
20372.5   0.015114
20375.0   0.015111
20377.5   0.015109
20380.0   0.015108
20382.5   0.015107
20385.0   0.015105
20387.5   0.015104
20390.0   0.015102
20392.5   0.015100
20395.0   0.015096
20397.5   0.015091
20400.0   0.015084
20402.5   0.015076
20405.0   0.015066
20407.5   0.015054
20410.0   0.015041
20412.5   0.015027
20415.0   0.015011
20417.5   0.014994
20420.0   0.014977
20422.5   0.014960
20425.0   0.014943
20427.5   0.014926
20430.0   0.014910
20432.5   0.014895
20435.0   0.014882
20437.5   0.014871
20440.0   0.014862
20442.5   0.014855
20445.0   0.014851
20447.5   0.014850
20450.0   0.014852
20452.5   0.014857
20455.0   0.014864
20457.5   0.014874
20460.0   0.014887
20462.5   0.014902
20465.0   0.014918
20467.5   0.014936
20470.0   0.014956
20472.5   0.014976
20475.0   0.014997
20477.5   0.015018
20480.0   0.015038
20482.5   0.015057
20485.0   0.015076
20487.5   0.015094
20490.0   0.015109
20492.5   0.015121
20495.0   0.015129
20497.5   0.015134
20500.0   0.015135
20502.5   0.015133
20505.0   0.015129
20507.5   0.015122
20510.0   0.015111
20512.5   0.015097
20515.0   0.015079
20517.5   0.015058
20520.0   0.015034
20522.5   0.015008
20525.0   0.014980
20527.5   0.014951
20530.0   0.014921
20532.5   0.014890
20535.0   0.014860
20537.5   0.014830
20540.0   0.014802
20542.5   0.014775
20545.0   0.014750
20547.5   0.014727
20550.0   0.014706
20552.5   0.014688
20555.0   0.014672
20557.5   0.014658
20560.0   0.014646
20562.5   0.014636
20565.0   0.014627
20567.5   0.014619
20570.0   0.014612
20572.5   0.014606
20575.0   0.014600
20577.5   0.014595
20580.0   0.014589
20582.5   0.014583
20585.0   0.014576
20587.5   0.014569
20590.0   0.014561
20592.5   0.014552
20595.0   0.014543
20597.5   0.014533
20600.0   0.014523
20602.5   0.014512
20605.0   0.014500
20607.5   0.014488
20610.0   0.014476
20612.5   0.014464
20615.0   0.014451
20617.5   0.014439
20620.0   0.014427
20622.5   0.014416
20625.0   0.014406
20627.5   0.014397
20630.0   0.014389
20632.5   0.014382
20635.0   0.014377
20637.5   0.014373
20640.0   0.014371
20642.5   0.014371
20645.0   0.014372
20647.5   0.014375
20650.0   0.014379
20652.5   0.014385
20655.0   0.014393
20657.5   0.014402
20660.0   0.014411
20662.5   0.014421
20665.0   0.014432
20667.5   0.014443
20670.0   0.014453
20672.5   0.014463
20675.0   0.014473
20677.5   0.014482
20680.0   0.014489
20682.5   0.014495
20685.0   0.014499
20687.5   0.014502
20690.0   0.014503
20692.5   0.014502
20695.0   0.014499
20697.5   0.014495
20700.0   0.014488
20702.5   0.014479
20705.0   0.014468
20707.5   0.014456
20710.0   0.014442
20712.5   0.014426
20715.0   0.014409
20717.5   0.014391
20720.0   0.014372
20722.5   0.014352
20725.0   0.014332
20727.5   0.014311
20730.0   0.014289
20732.5   0.014268
20735.0   0.014248
20737.5   0.014229
20740.0   0.014210
20742.5   0.014192
20745.0   0.014176
20747.5   0.014161
20750.0   0.014147
20752.5   0.014135
20755.0   0.014125
20757.5   0.014116
20760.0   0.014108
20762.5   0.014102
20765.0   0.014098
20767.5   0.014095
20770.0   0.014094
20772.5   0.014093
20775.0   0.014093
20777.5   0.014094
20780.0   0.014095
20782.5   0.014097
20785.0   0.014099
20787.5   0.014101
20790.0   0.014102
20792.5   0.014103
20795.0   0.014104
20797.5   0.014104
20800.0   0.014104
20802.5   0.014102
20805.0   0.014099
20807.5   0.014095
20810.0   0.014091
20812.5   0.014086
20815.0   0.014079
20817.5   0.014071
20820.0   0.014062
20822.5   0.014052
20825.0   0.014042
20827.5   0.014031
20830.0   0.014019
20832.5   0.014007
20835.0   0.013994
20837.5   0.013981
20840.0   0.013967
20842.5   0.013953
20845.0   0.013939
20847.5   0.013925
20850.0   0.013912
20852.5   0.013898
20855.0   0.013885
20857.5   0.013872
20860.0   0.013859
20862.5   0.013846
20865.0   0.013834
20867.5   0.013821
20870.0   0.013809
20872.5   0.013797
20875.0   0.013785
20877.5   0.013774
20880.0   0.013763
20882.5   0.013752
20885.0   0.013741
20887.5   0.013731
20890.0   0.013721
20892.5   0.013712
20895.0   0.013703
20897.5   0.013695
20900.0   0.013688
20902.5   0.013682
20905.0   0.013677
20907.5   0.013673
20910.0   0.013670
20912.5   0.013669
20915.0   0.013669
20917.5   0.013670
20920.0   0.013672
20922.5   0.013676
20925.0   0.013682
20927.5   0.013689
20930.0   0.013696
20932.5   0.013705
20935.0   0.013714
20937.5   0.013723
20940.0   0.013733
20942.5   0.013743
20945.0   0.013753
20947.5   0.013763
20950.0   0.013772
20952.5   0.013780
20955.0   0.013786
20957.5   0.013790
20960.0   0.013791
20962.5   0.013791
20965.0   0.013788
20967.5   0.013783
20970.0   0.013776
20972.5   0.013767
20975.0   0.013756
20977.5   0.013742
20980.0   0.013726
20982.5   0.013709
20985.0   0.013690
20987.5   0.013670
20990.0   0.013648
20992.5   0.013626
20995.0   0.013604
20997.5   0.013582
21000.0   0.013560
21002.5   0.013539
21005.0   0.013520
21007.5   0.013502
21010.0   0.013486
21012.5   0.013472
21015.0   0.013460
21017.5   0.013451
21020.0   0.013444
21022.5   0.013440
21025.0   0.013438
21027.5   0.013439
21030.0   0.013442
21032.5   0.013448
21035.0   0.013455
21037.5   0.013463
21040.0   0.013473
21042.5   0.013484
21045.0   0.013495
21047.5   0.013506
21050.0   0.013516
21052.5   0.013526
21055.0   0.013534
21057.5   0.013541
21060.0   0.013546
21062.5   0.013549
21065.0   0.013550
21067.5   0.013548
21070.0   0.013544
21072.5   0.013537
21075.0   0.013528
21077.5   0.013516
21080.0   0.013502
21082.5   0.013486
21085.0   0.013468
21087.5   0.013449
21090.0   0.013428
21092.5   0.013407
21095.0   0.013385
21097.5   0.013363
21100.0   0.013342
21102.5   0.013321
21105.0   0.013301
21107.5   0.013283
21110.0   0.013266
21112.5   0.013252
21115.0   0.013239
21117.5   0.013228
21120.0   0.013220
21122.5   0.013214
21125.0   0.013210
21127.5   0.013208
21130.0   0.013208
21132.5   0.013209
21135.0   0.013212
21137.5   0.013216
21140.0   0.013221
21142.5   0.013226
21145.0   0.013232
21147.5   0.013237
21150.0   0.013242
21152.5   0.013246
21155.0   0.013248
21157.5   0.013249
21160.0   0.013249
21162.5   0.013247
21165.0   0.013243
21167.5   0.013237
21170.0   0.013229
21172.5   0.013219
21175.0   0.013208
21177.5   0.013195
21180.0   0.013180
21182.5   0.013164
21185.0   0.013146
21187.5   0.013128
21190.0   0.013109
21192.5   0.013090
21195.0   0.013072
21197.5   0.013054
21200.0   0.013036
21202.5   0.013019
21205.0   0.013004
21207.5   0.012990
21210.0   0.012977
21212.5   0.012966
21215.0   0.012957
21217.5   0.012950
21220.0   0.012944
21222.5   0.012940
21225.0   0.012938
21227.5   0.012937
21230.0   0.012938
21232.5   0.012940
21235.0   0.012942
21237.5   0.012945
21240.0   0.012949
21242.5   0.012953
21245.0   0.012956
21247.5   0.012959
21250.0   0.012962
21252.5   0.012964
21255.0   0.012966
21257.5   0.012966
21260.0   0.012965
21262.5   0.012963
21265.0   0.012960
21267.5   0.012955
21270.0   0.012949
21272.5   0.012942
21275.0   0.012934
21277.5   0.012924
21280.0   0.012914
21282.5   0.012903
21285.0   0.012892
21287.5   0.012880
21290.0   0.012867
21292.5   0.012854
21295.0   0.012842
21297.5   0.012830
21300.0   0.012819
21302.5   0.012808
21305.0   0.012797
21307.5   0.012787
21310.0   0.012778
21312.5   0.012770
21315.0   0.012762
21317.5   0.012756
21320.0   0.012750
21322.5   0.012745
21325.0   0.012741
21327.5   0.012738
21330.0   0.012735
21332.5   0.012733
21335.0   0.012732
21337.5   0.012731
21340.0   0.012730
21342.5   0.012729
21345.0   0.012729
21347.5   0.012729
21350.0   0.012728
21352.5   0.012727
21355.0   0.012726
21357.5   0.012725
21360.0   0.012723
21362.5   0.012721
21365.0   0.012719
21367.5   0.012716
21370.0   0.012713
21372.5   0.012709
21375.0   0.012705
21377.5   0.012701
21380.0   0.012696
21382.5   0.012691
21385.0   0.012686
21387.5   0.012680
21390.0   0.012674
21392.5   0.012668
21395.0   0.012662
21397.5   0.012655
21400.0   0.012648
21402.5   0.012641
21405.0   0.012635
21407.5   0.012628
21410.0   0.012621
21412.5   0.012614
21415.0   0.012608
21417.5   0.012601
21420.0   0.012594
21422.5   0.012587
21425.0   0.012581
21427.5   0.012574
21430.0   0.012567
21432.5   0.012560
21435.0   0.012554
21437.5   0.012548
21440.0   0.012542
21442.5   0.012535
21445.0   0.012529
21447.5   0.012523
21450.0   0.012518
21452.5   0.012512
21455.0   0.012506
21457.5   0.012500
21460.0   0.012495
21462.5   0.012490
21465.0   0.012485
21467.5   0.012480
21470.0   0.012474
21472.5   0.012469
21475.0   0.012463
21477.5   0.012457
21480.0   0.012451
21482.5   0.012445
21485.0   0.012438
21487.5   0.012431
21490.0   0.012424
21492.5   0.012417
21495.0   0.012409
21497.5   0.012401
21500.0   0.012392
21502.5   0.012383
21505.0   0.012374
21507.5   0.012365
21510.0   0.012355
21512.5   0.012345
21515.0   0.012335
21517.5   0.012325
21520.0   0.012316
21522.5   0.012307
21525.0   0.012297
21527.5   0.012287
21530.0   0.012278
21532.5   0.012269
21535.0   0.012261
21537.5   0.012253
21540.0   0.012245
21542.5   0.012238
21545.0   0.012231
21547.5   0.012224
21550.0   0.012217
21552.5   0.012210
21555.0   0.012202
21557.5   0.012195
21560.0   0.012187
21562.5   0.012179
21565.0   0.012170
21567.5   0.012160
21570.0   0.012147
21572.5   0.012131
21575.0   0.012114
21577.5   0.012099
21580.0   0.012089
21582.5   0.012086
21585.0   0.012086
21587.5   0.012086
21590.0   0.012083
21592.5   0.012075
21595.0   0.012059
21597.5   0.012035
21600.0   0.012003
21602.5   0.011962
21605.0   0.011915
21607.5   0.011863
21610.0   0.011808
21612.5   0.011750
21615.0   0.011689
21617.5   0.011625
21620.0   0.011559
21622.5   0.011491
21625.0   0.011422
21627.5   0.011354
21630.0   0.011287
21632.5   0.011222
21635.0   0.011160
21637.5   0.011102
21640.0   0.011048
21642.5   0.010999
21645.0   0.010957
21647.5   0.010921
21650.0   0.010892
21652.5   0.010869
21655.0   0.010854
21657.5   0.010846
21660.0   0.010845
21662.5   0.010850
21665.0   0.010862
21667.5   0.010880
21670.0   0.010903
21672.5   0.010931
21675.0   0.010964
21677.5   0.010999
21680.0   0.011037
21682.5   0.011076
21685.0   0.011117
21687.5   0.011158
21690.0   0.011198
21692.5   0.011235
21695.0   0.011269
21697.5   0.011299
21700.0   0.011324
21702.5   0.011345
21705.0   0.011361
21707.5   0.011374
21710.0   0.011384
21712.5   0.011393
21715.0   0.011400
21717.5   0.011405
21720.0   0.011409
21722.5   0.011412
21725.0   0.011414
21727.5   0.011415
21730.0   0.011416
21732.5   0.011417
21735.0   0.011419
21737.5   0.011421
21740.0   0.011423
21742.5   0.011427
21745.0   0.011432
21747.5   0.011439
21750.0   0.011448
21752.5   0.011459
21755.0   0.011473
21757.5   0.011490
21760.0   0.011510
21762.5   0.011533
21765.0   0.011557
21767.5   0.011582
21770.0   0.011608
21772.5   0.011633
21775.0   0.011658
21777.5   0.011682
21780.0   0.011705
21782.5   0.011726
21785.0   0.011746
21787.5   0.011764
21790.0   0.011779
21792.5   0.011792
21795.0   0.011803
21797.5   0.011811
21800.0   0.011816
21802.5   0.011818
21805.0   0.011818
21807.5   0.011816
21810.0   0.011811
21812.5   0.011804
21815.0   0.011795
21817.5   0.011785
21820.0   0.011774
21822.5   0.011762
21825.0   0.011749
21827.5   0.011736
21830.0   0.011723
21832.5   0.011711
21835.0   0.011699
21837.5   0.011689
21840.0   0.011680
21842.5   0.011672
21845.0   0.011666
21847.5   0.011662
21850.0   0.011660
21852.5   0.011660
21855.0   0.011662
21857.5   0.011665
21860.0   0.011670
21862.5   0.011677
21865.0   0.011685
21867.5   0.011694
21870.0   0.011704
21872.5   0.011714
21875.0   0.011724
21877.5   0.011734
21880.0   0.011743
21882.5   0.011751
21885.0   0.011758
21887.5   0.011764
21890.0   0.011768
21892.5   0.011770
21895.0   0.011770
21897.5   0.011768
21900.0   0.011763
21902.5   0.011757
21905.0   0.011748
21907.5   0.011737
21910.0   0.011723
21912.5   0.011707
21915.0   0.011689
21917.5   0.011670
21920.0   0.011649
21922.5   0.011627
21925.0   0.011605
21927.5   0.011582
21930.0   0.011557
21932.5   0.011531
21935.0   0.011506
21937.5   0.011482
21940.0   0.011462
21942.5   0.011445
21945.0   0.011430
21947.5   0.011415
21950.0   0.011399
21952.5   0.011382
21955.0   0.011364
21957.5   0.011347
21960.0   0.011332
21962.5   0.011319
21965.0   0.011309
21967.5   0.011301
21970.0   0.011294
21972.5   0.011290
21975.0   0.011287
21977.5   0.011286
21980.0   0.011286
21982.5   0.011287
21985.0   0.011289
21987.5   0.011292
21990.0   0.011296
21992.5   0.011300
21995.0   0.011304
21997.5   0.011309
22000.0   0.011313
22002.5   0.011317
22005.0   0.011320
22007.5   0.011323
22010.0   0.011326
22012.5   0.011327
22015.0   0.011328
22017.5   0.011328
22020.0   0.011328
22022.5   0.011327
22025.0   0.011326
22027.5   0.011324
22030.0   0.011321
22032.5   0.011318
22035.0   0.011315
22037.5   0.011311
22040.0   0.011307
22042.5   0.011303
22045.0   0.011300
22047.5   0.011299
22050.0   0.011301
22052.5   0.011304
22055.0   0.011309
22057.5   0.011315
22060.0   0.011321
22062.5   0.011326
22065.0   0.011329
22067.5   0.011329
22070.0   0.011327
22072.5   0.011323
22075.0   0.011319
22077.5   0.011315
22080.0   0.011311
22082.5   0.011307
22085.0   0.011303
22087.5   0.011298
22090.0   0.011292
22092.5   0.011285
22095.0   0.011277
22097.5   0.011269
22100.0   0.011261
22102.5   0.011251
22105.0   0.011241
22107.5   0.011230
22110.0   0.011219
22112.5   0.011207
22115.0   0.011195
22117.5   0.011183
22120.0   0.011170
22122.5   0.011157
22125.0   0.011145
22127.5   0.011133
22130.0   0.011121
22132.5   0.011109
22135.0   0.011098
22137.5   0.011088
22140.0   0.011079
22142.5   0.011070
22145.0   0.011062
22147.5   0.011055
22150.0   0.011048
22152.5   0.011043
22155.0   0.011038
22157.5   0.011034
22160.0   0.011031
22162.5   0.011028
22165.0   0.011026
22167.5   0.011024
22170.0   0.011023
22172.5   0.011022
22175.0   0.011021
22177.5   0.011020
22180.0   0.011019
22182.5   0.011018
22185.0   0.011017
22187.5   0.011015
22190.0   0.011013
22192.5   0.011011
22195.0   0.011008
22197.5   0.011005
22200.0   0.011001
22202.5   0.010996
22205.0   0.010991
22207.5   0.010985
22210.0   0.010978
22212.5   0.010972
22215.0   0.010965
22217.5   0.010958
22220.0   0.010951
22222.5   0.010944
22225.0   0.010937
22227.5   0.010930
22230.0   0.010924
22232.5   0.010918
22235.0   0.010913
22237.5   0.010909
22240.0   0.010905
22242.5   0.010902
22245.0   0.010899
22247.5   0.010898
22250.0   0.010897
22252.5   0.010897
22255.0   0.010897
22257.5   0.010898
22260.0   0.010900
22262.5   0.010902
22265.0   0.010905
22267.5   0.010908
22270.0   0.010911
22272.5   0.010914
22275.0   0.010917
22277.5   0.010919
22280.0   0.010921
22282.5   0.010922
22285.0   0.010923
22287.5   0.010923
22290.0   0.010922
22292.5   0.010920
22295.0   0.010917
22297.5   0.010913
22300.0   0.010908
22302.5   0.010902
22305.0   0.010894
22307.5   0.010886
22310.0   0.010876
22312.5   0.010865
22315.0   0.010854
22317.5   0.010842
22320.0   0.010830
22322.5   0.010817
22325.0   0.010804
22327.5   0.010791
22330.0   0.010778
22332.5   0.010765
22335.0   0.010753
22337.5   0.010742
22340.0   0.010731
22342.5   0.010721
22345.0   0.010712
22347.5   0.010704
22350.0   0.010698
22352.5   0.010693
22355.0   0.010688
22357.5   0.010684
22360.0   0.010682
22362.5   0.010681
22365.0   0.010681
22367.5   0.010681
22370.0   0.010682
22372.5   0.010684
22375.0   0.010686
22377.5   0.010689
22380.0   0.010692
22382.5   0.010695
22385.0   0.010697
22387.5   0.010699
22390.0   0.010701
22392.5   0.010703
22395.0   0.010703
22397.5   0.010702
22400.0   0.010700
22402.5   0.010698
22405.0   0.010694
22407.5   0.010689
22410.0   0.010682
22412.5   0.010675
22415.0   0.010666
22417.5   0.010656
22420.0   0.010645
22422.5   0.010633
22425.0   0.010620
22427.5   0.010607
22430.0   0.010593
22432.5   0.010579
22435.0   0.010564
22437.5   0.010550
22440.0   0.010536
22442.5   0.010523
22445.0   0.010510
22447.5   0.010498
22450.0   0.010486
22452.5   0.010476
22455.0   0.010467
22457.5   0.010459
22460.0   0.010452
22462.5   0.010446
22465.0   0.010441
22467.5   0.010437
22470.0   0.010435
22472.5   0.010434
22475.0   0.010434
22477.5   0.010436
22480.0   0.010439
22482.5   0.010442
22485.0   0.010445
22487.5   0.010449
22490.0   0.010453
22492.5   0.010457
22495.0   0.010461
22497.5   0.010465
22500.0   0.010469
22502.5   0.010472
22505.0   0.010475
22507.5   0.010477
22510.0   0.010479
22512.5   0.010480
22515.0   0.010480
22517.5   0.010479
22520.0   0.010478
22522.5   0.010476
22525.0   0.010472
22527.5   0.010467
22530.0   0.010462
22532.5   0.010456
22535.0   0.010450
22537.5   0.010444
22540.0   0.010437
22542.5   0.010430
22545.0   0.010422
22547.5   0.010414
22550.0   0.010407
22552.5   0.010400
22555.0   0.010393
22557.5   0.010386
22560.0   0.010380
22562.5   0.010375
22565.0   0.010370
22567.5   0.010365
22570.0   0.010361
22572.5   0.010358
22575.0   0.010355
22577.5   0.010353
22580.0   0.010351
22582.5   0.010350
22585.0   0.010349
22587.5   0.010348
22590.0   0.010347
22592.5   0.010346
22595.0   0.010345
22597.5   0.010344
22600.0   0.010342
22602.5   0.010339
22605.0   0.010336
22607.5   0.010333
22610.0   0.010329
22612.5   0.010324
22615.0   0.010318
22617.5   0.010311
22620.0   0.010303
22622.5   0.010294
22625.0   0.010285
22627.5   0.010275
22630.0   0.010264
22632.5   0.010253
22635.0   0.010241
22637.5   0.010229
22640.0   0.010216
22642.5   0.010203
22645.0   0.010191
22647.5   0.010179
22650.0   0.010167
22652.5   0.010155
22655.0   0.010144
22657.5   0.010134
22660.0   0.010125
22662.5   0.010117
22665.0   0.010109
22667.5   0.010103
22670.0   0.010097
22672.5   0.010092
22675.0   0.010089
22677.5   0.010087
22680.0   0.010086
22682.5   0.010086
22685.0   0.010086
22687.5   0.010087
22690.0   0.010089
22692.5   0.010092
22695.0   0.010095
22697.5   0.010098
22700.0   0.010101
22702.5   0.010104
22705.0   0.010108
22707.5   0.010112
22710.0   0.010115
22712.5   0.010117
22715.0   0.010119
22717.5   0.010120
22720.0   0.010121
22722.5   0.010121
22725.0   0.010120
22727.5   0.010118
22730.0   0.010115
22732.5   0.010112
22735.0   0.010108
22737.5   0.010103
22740.0   0.010097
22742.5   0.010091
22745.0   0.010085
22747.5   0.010078
22750.0   0.010070
22752.5   0.010062
22755.0   0.010055
22757.5   0.010047
22760.0   0.010040
22762.5   0.010033
22765.0   0.010026
22767.5   0.010019
22770.0   0.010013
22772.5   0.010008
22775.0   0.010003
22777.5   0.009999
22780.0   0.009995
22782.5   0.009992
22785.0   0.009990
22787.5   0.009988
22790.0   0.009986
22792.5   0.009985
22795.0   0.009984
22797.5   0.009983
22800.0   0.009983
22802.5   0.009983
22805.0   0.009982
22807.5   0.009981
22810.0   0.009980
22812.5   0.009978
22815.0   0.009976
22817.5   0.009974
22820.0   0.009971
22822.5   0.009967
22825.0   0.009962
22827.5   0.009956
22830.0   0.009950
22832.5   0.009943
22835.0   0.009935
22837.5   0.009926
22840.0   0.009917
22842.5   0.009907
22845.0   0.009897
22847.5   0.009886
22850.0   0.009875
22852.5   0.009864
22855.0   0.009853
22857.5   0.009842
22860.0   0.009831
22862.5   0.009821
22865.0   0.009811
22867.5   0.009802
22870.0   0.009793
22872.5   0.009785
22875.0   0.009778
22877.5   0.009772
22880.0   0.009766
22882.5   0.009762
22885.0   0.009758
22887.5   0.009755
22890.0   0.009753
22892.5   0.009752
22895.0   0.009752
22897.5   0.009753
22900.0   0.009754
22902.5   0.009756
22905.0   0.009758
22907.5   0.009760
22910.0   0.009763
22912.5   0.009765
22915.0   0.009768
22917.5   0.009771
22920.0   0.009773
22922.5   0.009775
22925.0   0.009777
22927.5   0.009778
22930.0   0.009779
22932.5   0.009779
22935.0   0.009778
22937.5   0.009776
22940.0   0.009774
22942.5   0.009771
22945.0   0.009767
22947.5   0.009762
22950.0   0.009757
22952.5   0.009752
22955.0   0.009746
22957.5   0.009740
22960.0   0.009733
22962.5   0.009727
22965.0   0.009720
22967.5   0.009713
22970.0   0.009706
22972.5   0.009700
22975.0   0.009694
22977.5   0.009688
22980.0   0.009683
22982.5   0.009678
22985.0   0.009673
22987.5   0.009669
22990.0   0.009665
22992.5   0.009662
22995.0   0.009659
22997.5   0.009657
23000.0   0.009655
23002.5   0.009653
23005.0   0.009652
23007.5   0.009651
23010.0   0.009649
23012.5   0.009647
23015.0   0.009646
23017.5   0.009645
23020.0   0.009643
23022.5   0.009641
23025.0   0.009638
23027.5   0.009634
23030.0   0.009630
23032.5   0.009624
23035.0   0.009618
23037.5   0.009611
23040.0   0.009603
23042.5   0.009594
23045.0   0.009585
23047.5   0.009575
23050.0   0.009565
23052.5   0.009555
23055.0   0.009544
23057.5   0.009532
23060.0   0.009520
23062.5   0.009508
23065.0   0.009497
23067.5   0.009485
23070.0   0.009474
23072.5   0.009463
23075.0   0.009453
23077.5   0.009443
23080.0   0.009434
23082.5   0.009426
23085.0   0.009418
23087.5   0.009412
23090.0   0.009406
23092.5   0.009401
23095.0   0.009397
23097.5   0.009394
23100.0   0.009392
23102.5   0.009391
23105.0   0.009390
23107.5   0.009391
23110.0   0.009392
23112.5   0.009394
23115.0   0.009396
23117.5   0.009399
23120.0   0.009402
23122.5   0.009405
23125.0   0.009409
23127.5   0.009413
23130.0   0.009417
23132.5   0.009421
23135.0   0.009426
23137.5   0.009430
23140.0   0.009434
23142.5   0.009437
23145.0   0.009440
23147.5   0.009443
23150.0   0.009445
23152.5   0.009447
23155.0   0.009448
23157.5   0.009449
23160.0   0.009449
23162.5   0.009448
23165.0   0.009447
23167.5   0.009446
23170.0   0.009444
23172.5   0.009442
23175.0   0.009439
23177.5   0.009437
23180.0   0.009434
23182.5   0.009431
23185.0   0.009428
23187.5   0.009424
23190.0   0.009421
23192.5   0.009418
23195.0   0.009415
23197.5   0.009412
23200.0   0.009409
23202.5   0.009406
23205.0   0.009403
23207.5   0.009400
23210.0   0.009397
23212.5   0.009394
23215.0   0.009390
23217.5   0.009387
23220.0   0.009383
23222.5   0.009379
23225.0   0.009374
23227.5   0.009369
23230.0   0.009364
23232.5   0.009358
23235.0   0.009352
23237.5   0.009345
23240.0   0.009337
23242.5   0.009329
23245.0   0.009320
23247.5   0.009311
23250.0   0.009301
23252.5   0.009291
23255.0   0.009280
23257.5   0.009269
23260.0   0.009257
23262.5   0.009246
23265.0   0.009234
23267.5   0.009222
23270.0   0.009210
23272.5   0.009199
23275.0   0.009188
23277.5   0.009177
23280.0   0.009167
23282.5   0.009158
23285.0   0.009149
23287.5   0.009141
23290.0   0.009134
23292.5   0.009127
23295.0   0.009122
23297.5   0.009118
23300.0   0.009115
23302.5   0.009113
23305.0   0.009111
23307.5   0.009110
23310.0   0.009110
23312.5   0.009111
23315.0   0.009112
23317.5   0.009114
23320.0   0.009116
23322.5   0.009118
23325.0   0.009121
23327.5   0.009124
23330.0   0.009126
23332.5   0.009128
23335.0   0.009130
23337.5   0.009131
23340.0   0.009131
23342.5   0.009131
23345.0   0.009129
23347.5   0.009126
23350.0   0.009122
23352.5   0.009117
23355.0   0.009111
23357.5   0.009104
23360.0   0.009096
23362.5   0.009087
23365.0   0.009077
23367.5   0.009066
23370.0   0.009054
23372.5   0.009042
23375.0   0.009030
23377.5   0.009017
23380.0   0.009004
23382.5   0.008992
23385.0   0.008980
23387.5   0.008968
23390.0   0.008957
23392.5   0.008947
23395.0   0.008938
23397.5   0.008931
23400.0   0.008925
23402.5   0.008920
23405.0   0.008917
23407.5   0.008916
23410.0   0.008916
23412.5   0.008918
23415.0   0.008921
23417.5   0.008926
23420.0   0.008933
23422.5   0.008941
23425.0   0.008951
23427.5   0.008962
23430.0   0.008973
23432.5   0.008985
23435.0   0.008998
23437.5   0.009011
23440.0   0.009025
23442.5   0.009038
23445.0   0.009051
23447.5   0.009063
23450.0   0.009074
23452.5   0.009084
23455.0   0.009093
23457.5   0.009100
23460.0   0.009106
23462.5   0.009110
23465.0   0.009111
23467.5   0.009110
23470.0   0.009108
23472.5   0.009104
23475.0   0.009097
23477.5   0.009088
23480.0   0.009077
23482.5   0.009064
23485.0   0.009050
23487.5   0.009034
23490.0   0.009016
23492.5   0.008997
23495.0   0.008978
23497.5   0.008958
23500.0   0.008938
23502.5   0.008918
23505.0   0.008898
23507.5   0.008878
23510.0   0.008859
23512.5   0.008841
23515.0   0.008825
23517.5   0.008810
23520.0   0.008796
23522.5   0.008784
23525.0   0.008774
23527.5   0.008766
23530.0   0.008760
23532.5   0.008756
23535.0   0.008754
23537.5   0.008754
23540.0   0.008755
23542.5   0.008758
23545.0   0.008763
23547.5   0.008769
23550.0   0.008776
23552.5   0.008784
23555.0   0.008794
23557.5   0.008804
23560.0   0.008814
23562.5   0.008824
23565.0   0.008833
23567.5   0.008843
23570.0   0.008852
23572.5   0.008860
23575.0   0.008866
23577.5   0.008872
23580.0   0.008876
23582.5   0.008879
23585.0   0.008880
23587.5   0.008879
23590.0   0.008877
23592.5   0.008873
23595.0   0.008867
23597.5   0.008860
23600.0   0.008852
23602.5   0.008842
23605.0   0.008831
23607.5   0.008819
23610.0   0.008806
23612.5   0.008793
23615.0   0.008779
23617.5   0.008765
23620.0   0.008750
23622.5   0.008736
23625.0   0.008722
23627.5   0.008708
23630.0   0.008695
23632.5   0.008682
23635.0   0.008671
23637.5   0.008661
23640.0   0.008652
23642.5   0.008643
23645.0   0.008636
23647.5   0.008630
23650.0   0.008626
23652.5   0.008622
23655.0   0.008620
23657.5   0.008619
23660.0   0.008620
23662.5   0.008621
23665.0   0.008623
23667.5   0.008626
23670.0   0.008629
23672.5   0.008633
23675.0   0.008638
23677.5   0.008643
23680.0   0.008647
23682.5   0.008652
23685.0   0.008656
23687.5   0.008660
23690.0   0.008663
23692.5   0.008665
23695.0   0.008666
23697.5   0.008666
23700.0   0.008664
23702.5   0.008662
23705.0   0.008658
23707.5   0.008652
23710.0   0.008645
23712.5   0.008637
23715.0   0.008628
23717.5   0.008618
23720.0   0.008606
23722.5   0.008593
23725.0   0.008580
23727.5   0.008567
23730.0   0.008553
23732.5   0.008539
23735.0   0.008525
23737.5   0.008512
23740.0   0.008499
23742.5   0.008487
23745.0   0.008475
23747.5   0.008464
23750.0   0.008454
23752.5   0.008445
23755.0   0.008438
23757.5   0.008431
23760.0   0.008426
23762.5   0.008422
23765.0   0.008419
23767.5   0.008417
23770.0   0.008417
23772.5   0.008418
23775.0   0.008419
23777.5   0.008421
23780.0   0.008424
23782.5   0.008428
23785.0   0.008433
23787.5   0.008438
23790.0   0.008444
23792.5   0.008450
23795.0   0.008456
23797.5   0.008462
23800.0   0.008468
23802.5   0.008474
23805.0   0.008480
23807.5   0.008485
23810.0   0.008490
23812.5   0.008494
23815.0   0.008498
23817.5   0.008501
23820.0   0.008503
23822.5   0.008504
23825.0   0.008504
23827.5   0.008503
23830.0   0.008501
23832.5   0.008498
23835.0   0.008495
23837.5   0.008490
23840.0   0.008485
23842.5   0.008479
23845.0   0.008473
23847.5   0.008466
23850.0   0.008458
23852.5   0.008450
23855.0   0.008442
23857.5   0.008434
23860.0   0.008426
23862.5   0.008418
23865.0   0.008410
23867.5   0.008402
23870.0   0.008395
23872.5   0.008389
23875.0   0.008383
23877.5   0.008377
23880.0   0.008372
23882.5   0.008368
23885.0   0.008364
23887.5   0.008361
23890.0   0.008359
23892.5   0.008357
23895.0   0.008355
23897.5   0.008354
23900.0   0.008353
23902.5   0.008353
23905.0   0.008353
23907.5   0.008353
23910.0   0.008353
23912.5   0.008353
23915.0   0.008354
23917.5   0.008354
23920.0   0.008354
23922.5   0.008354
23925.0   0.008353
23927.5   0.008352
23930.0   0.008351
23932.5   0.008349
23935.0   0.008346
23937.5   0.008343
23940.0   0.008340
23942.5   0.008336
23945.0   0.008332
23947.5   0.008327
23950.0   0.008322
23952.5   0.008316
23955.0   0.008310
23957.5   0.008303
23960.0   0.008296
23962.5   0.008288
23965.0   0.008280
23967.5   0.008272
23970.0   0.008264
23972.5   0.008256
23975.0   0.008247
23977.5   0.008238
23980.0   0.008230
23982.5   0.008222
23985.0   0.008213
23987.5   0.008204
23990.0   0.008196
23992.5   0.008188
23995.0   0.008180
23997.5   0.008172
24000.0   0.008164
24002.5   0.008157
24005.0   0.008150
24007.5   0.008143
24010.0   0.008136
24012.5   0.008129
24015.0   0.008123
24017.5   0.008117
24020.0   0.008111
24022.5   0.008105
24025.0   0.008100
24027.5   0.008095
24030.0   0.008090
24032.5   0.008086
24035.0   0.008082
24037.5   0.008078
24040.0   0.008074
24042.5   0.008071
24045.0   0.008068
24047.5   0.008065
24050.0   0.008062
24052.5   0.008060
24055.0   0.008059
24057.5   0.008057
24060.0   0.008056
24062.5   0.008055
24065.0   0.008055
24067.5   0.008055
24070.0   0.008056
24072.5   0.008057
24075.0   0.008058
24077.5   0.008059
24080.0   0.008060
24082.5   0.008062
24085.0   0.008064
24087.5   0.008066
24090.0   0.008068
24092.5   0.008070
24095.0   0.008072
24097.5   0.008074
24100.0   0.008076
24102.5   0.008077
24105.0   0.008078
24107.5   0.008079
24110.0   0.008080
24112.5   0.008080
24115.0   0.008080
24117.5   0.008079
24120.0   0.008078
24122.5   0.008076
24125.0   0.008074
24127.5   0.008071
24130.0   0.008068
24132.5   0.008064
24135.0   0.008059
24137.5   0.008054
24140.0   0.008049
24142.5   0.008043
24145.0   0.008037
24147.5   0.008031
24150.0   0.008024
24152.5   0.008017
24155.0   0.008010
24157.5   0.008003
24160.0   0.007996
24162.5   0.007989
24165.0   0.007983
24167.5   0.007976
24170.0   0.007970
24172.5   0.007965
24175.0   0.007960
24177.5   0.007956
24180.0   0.007952
24182.5   0.007949
24185.0   0.007947
24187.5   0.007946
24190.0   0.007946
24192.5   0.007946
24195.0   0.007947
24197.5   0.007949
24200.0   0.007951
