 1200.0  17.721020
 1202.5  13.757142
 1205.0   9.695179
 1207.5   7.076017
 1210.0   5.745954
 1212.5   5.317669
 1215.0   6.163960
 1217.5   8.616220
 1220.0  12.080103
 1222.5  15.785626
 1225.0  19.185986
 1227.5  21.958920
 1230.0  24.457176
 1232.5  27.025047
 1235.0  29.298016
 1237.5  30.817524
 1240.0  31.457657
 1242.5  31.267490
 1245.0  30.663395
 1247.5  30.088093
 1250.0  29.722422
 1252.5  29.581684
 1255.0  29.280947
 1257.5  28.521654
 1260.0  27.750990
 1262.5  27.499311
 1265.0  27.883957
 1267.5  28.776779
 1270.0  29.480719
 1272.5  29.431009
 1275.0  29.160965
 1277.5  29.277899
 1280.0  29.587063
 1282.5  29.719465
 1285.0  29.411196
 1287.5  28.480881
 1290.0  26.972240
 1292.5  25.055769
 1295.0  23.183989
 1297.5  21.804504
 1300.0  21.063238
 1302.5  21.024097
 1305.0  21.724607
 1307.5  23.138092
 1310.0  25.007467
 1312.5  26.949780
 1315.0  28.309021
 1317.5  28.564157
 1320.0  28.007080
 1322.5  27.077135
 1325.0  25.990555
 1327.5  24.874527
 1330.0  23.723190
 1332.5  22.648003
 1335.0  22.362755
 1337.5  23.380768
 1340.0  24.811134
 1342.5  25.660334
 1345.0  25.928602
 1347.5  25.848042
 1350.0  25.584450
 1352.5  25.272219
 1355.0  24.986406
 1357.5  24.753773
 1360.0  24.467216
 1362.5  24.051172
 1365.0  23.690077
 1367.5  23.555502
 1370.0  23.507584
 1372.5  23.370693
 1375.0  23.137611
 1377.5  22.849150
 1380.0  22.569839
 1382.5  22.322964
 1385.0  21.943096
 1387.5  21.292837
 1390.0  20.535585
 1392.5  19.907331
 1395.0  19.633612
 1397.5  19.836813
 1400.0  20.237179
 1402.5  20.522724
 1405.0  20.654678
 1407.5  20.659035
 1410.0  20.547613
 1412.5  20.359661
 1415.0  20.258307
 1417.5  20.370087
 1420.0  20.551321
 1422.5  20.640045
 1425.0  20.671408
 1427.5  20.707567
 1430.0  20.721645
 1432.5  20.695400
 1435.0  20.734180
 1437.5  20.922161
 1440.0  21.135206
 1442.5  21.242254
 1445.0  21.292837
 1447.5  21.355524
 1450.0  21.394447
 1452.5  21.363262
 1455.0  21.278160
 1457.5  21.169321
 1460.0  21.060345
 1462.5  20.965588
 1465.0  20.869003
 1467.5  20.752043
 1470.0  20.616579
 1472.5  20.479506
 1475.0  20.397402
 1477.5  20.403923
 1480.0  20.401340
 1482.5  20.315748
 1485.0  20.299938
 1487.5  20.470963
 1490.0  20.576220
 1492.5  20.361893
 1495.0  19.938946
 1497.5  19.486458
 1500.0  19.091181
 1502.5  18.796158
 1505.0  18.561932
 1507.5  18.328794
 1510.0  18.038551
 1512.5  17.700130
 1515.0  17.589436
 1517.5  17.896631
 1520.0  18.201942
 1522.5  18.072948
 1525.0  17.636599
 1527.5  17.147732
 1530.0  16.813377
 1532.5  16.769733
 1535.0  16.917498
 1537.5  17.108213
 1540.0  17.232340
 1542.5  17.228237
 1545.0  17.186981
 1547.5  17.202648
 1550.0  17.228636
 1552.5  17.193962
 1555.0  17.070843
 1557.5  16.871044
 1560.0  16.721367
 1562.5  16.731979
 1565.0  16.831522
 1567.5  16.918598
 1570.0  16.953222
 1572.5  16.920237
 1575.0  16.842409
 1577.5  16.759636
 1580.0  16.742388
 1582.5  16.833094
 1585.0  16.931471
 1587.5  16.926802
 1590.0  16.809368
 1592.5  16.597708
 1595.0  16.322369
 1597.5  16.028721
 1600.0  15.809428
 1602.5  15.726333
 1605.0  15.670732
 1607.5  15.548210
 1610.0  15.492072
 1612.5  15.622440
 1615.0  15.779003
 1617.5  15.785800
 1620.0  15.684700
 1622.5  15.560336
 1625.0  15.450562
 1627.5  15.374740
 1630.0  15.325065
 1632.5  15.283503
 1635.0  15.218274
 1637.5  15.121928
 1640.0  15.098079
 1642.5  15.220038
 1645.0  15.328860
 1647.5  15.260518
 1650.0  15.062925
 1652.5  14.832336
 1655.0  14.646425
 1657.5  14.566607
 1660.0  14.607845
 1662.5  14.740876
 1665.0  14.805967
 1667.5  14.688811
 1670.0  14.587255
 1672.5  14.696828
 1675.0  14.891651
 1677.5  15.002869
 1680.0  15.011142
 1682.5  14.936144
 1685.0  14.804092
 1687.5  14.647017
 1690.0  14.513647
 1692.5  14.439874
 1695.0  14.393522
 1697.5  14.326841
 1700.0  14.197844
 1702.5  13.986175
 1705.0  13.752257
 1707.5  13.562490
 1710.0  13.426402
 1712.5  13.324824
 1715.0  13.180688
 1717.5  12.949005
 1720.0  12.771022
 1722.5  12.793072
 1725.0  12.995604
 1727.5  13.302475
 1730.0  13.577050
 1732.5  13.699222
 1735.0  13.675479
 1737.5  13.554483
 1740.0  13.426980
 1742.5  13.368959
 1745.0  13.355306
 1747.5  13.350235
 1750.0  13.376396
 1752.5  13.443806
 1755.0  13.453515
 1757.5  13.331479
 1760.0  13.212234
 1762.5  13.228907
 1765.0  13.300427
 1767.5  13.309461
 1770.0  13.207828
 1772.5  13.006562
 1775.0  12.884406
 1777.5  12.975042
 1780.0  13.064225
 1782.5  12.896287
 1785.0  12.397820
 1787.5  11.665692
 1790.0  11.295619
 1792.5  11.753167
 1795.0  12.484447
 1797.5  12.854884
 1800.0  12.926625
 1802.5  12.905707
 1805.0  12.877028
 1807.5  12.874131
 1810.0  12.846282
 1812.5  12.748032
 1815.0  12.639359
 1817.5  12.587300
 1820.0  12.581686
 1822.5  12.591434
 1825.0  12.578995
 1827.5  12.514038
 1830.0  12.401571
 1832.5  12.253616
 1835.0  12.074924
 1837.5  11.873429
 1840.0  11.677075
 1842.5  11.510837
 1845.0  11.367785
 1847.5  11.233035
 1850.0  11.091774
 1852.5  10.946473
 1855.0  10.868664
 1857.5  10.917591
 1860.0  11.034284
 1862.5  11.152617
 1865.0  11.296078
 1867.5  11.485004
 1870.0  11.637557
 1872.5  11.666350
 1875.0  11.564006
 1877.5  11.352107
 1880.0  11.088074
 1882.5  10.830045
 1885.0  10.603195
 1887.5  10.424695
 1890.0  10.312652
 1892.5  10.280536
 1895.0  10.322340
 1897.5  10.413322
 1900.0  10.473283
 1902.5  10.432998
 1905.0  10.322605
 1907.5  10.190494
 1910.0  10.058705
 1912.5   9.940592
 1915.0   9.841105
 1917.5   9.763399
 1920.0   9.711845
 1922.5   9.692390
 1925.0   9.716064
 1927.5   9.788068
 1930.0   9.885206
 1932.5   9.976269
 1935.0  10.026383
 1937.5  10.019314
 1940.0  10.017025
 1942.5  10.068737
 1945.0  10.094479
 1947.5  10.012276
 1950.0   9.861340
 1952.5   9.694743
 1955.0   9.499817
 1957.5   9.269921
 1960.0   9.088276
 1962.5   9.035758
 1965.0   9.094008
 1967.5   9.219368
 1970.0   9.366223
 1972.5   9.497746
 1975.0   9.614190
 1977.5   9.724286
 1980.0   9.833552
 1982.5   9.919495
 1985.0   9.850756
 1987.5   9.535296
 1990.0   9.147198
 1992.5   8.883824
 1995.0   8.769544
 1997.5   8.777372
 2000.0   8.847930
 2002.5   8.922387
 2005.0   8.976512
 2007.5   9.003352
 2010.0   9.030476
 2012.5   9.082629
 2015.0   9.138763
 2017.5   9.176600
 2020.0   9.214747
 2022.5   9.273821
 2025.0   9.341574
 2027.5   9.392190
 2030.0   9.378438
 2032.5   9.276207
 2035.0   9.175292
 2037.5   9.149355
 2040.0   9.093633
 2042.5   8.920696
 2045.0   8.790895
 2047.5   8.853892
 2050.0   8.968829
 2052.5   8.962267
 2055.0   8.820972
 2057.5   8.593602
 2060.0   8.416173
 2062.5   8.410289
 2065.0   8.552556
 2067.5   8.778193
 2070.0   9.001864
 2072.5   9.146079
 2075.0   9.185249
 2077.5   9.120234
 2080.0   9.005774
 2082.5   8.909676
 2085.0   8.898130
 2087.5   8.991313
 2090.0   9.026948
 2092.5   8.862978
 2095.0   8.620667
 2097.5   8.457901
 2100.0   8.415735
 2102.5   8.482334
 2105.0   8.551138
 2107.5   8.536113
 2110.0   8.528068
 2112.5   8.610972
 2115.0   8.664607
 2117.5   8.572437
 2120.0   8.436861
 2122.5   8.382856
 2125.0   8.406786
 2127.5   8.463985
 2130.0   8.474295
 2132.5   8.381841
 2135.0   8.263382
 2137.5   8.208081
 2140.0   8.222071
 2142.5   8.275599
 2145.0   8.278399
 2147.5   8.167044
 2150.0   8.045949
 2152.5   8.029168
 2155.0   8.101456
 2157.5   8.209249
 2160.0   8.275020
 2162.5   8.240304
 2165.0   8.146863
 2167.5   8.046599
 2170.0   7.931754
 2172.5   7.793124
 2175.0   7.675393
 2177.5   7.628145
 2180.0   7.666683
 2182.5   7.778586
 2185.0   7.874801
 2187.5   7.878306
 2190.0   7.836823
 2192.5   7.814173
 2195.0   7.813819
 2197.5   7.819886
 2200.0   7.799505
 2202.5   7.726089
 2205.0   7.615160
 2207.5   7.487205
 2210.0   7.340442
 2212.5   7.182718
 2215.0   7.082657
 2217.5   7.090176
 2220.0   7.119599
 2222.5   7.081060
 2225.0   7.003537
 2227.5   6.934833
 2230.0   6.879211
 2232.5   6.834478
 2235.0   6.816163
 2237.5   6.831092
 2240.0   6.833563
 2242.5   6.795335
 2245.0   6.810544
 2247.5   6.954702
 2250.0   7.106459
 2252.5   7.135300
 2255.0   7.070928
 2257.5   6.978690
 2260.0   6.906289
 2262.5   6.884516
 2265.0   6.894146
 2267.5   6.906816
 2270.0   6.907609
 2272.5   6.890701
 2275.0   6.873181
 2277.5   6.870403
 2280.0   6.867875
 2282.5   6.854574
 2285.0   6.863197
 2287.5   6.916961
 2290.0   6.957437
 2292.5   6.926561
 2295.0   6.849367
 2297.5   6.758889
 2300.0   6.637064
 2302.5   6.487352
 2305.0   6.450411
 2307.5   6.632722
 2310.0   6.866865
 2312.5   6.963170
 2315.0   6.916873
 2317.5   6.775112
 2320.0   6.607712
 2322.5   6.477048
 2325.0   6.393002
 2327.5   6.354164
 2330.0   6.366454
 2332.5   6.423421
 2335.0   6.461786
 2337.5   6.424426
 2340.0   6.335679
 2342.5   6.243443
 2345.0   6.208396
 2347.5   6.268269
 2350.0   6.356216
 2352.5   6.400946
 2355.0   6.417956
 2357.5   6.432303
 2360.0   6.420489
 2362.5   6.365465
 2365.0   6.324545
 2367.5   6.348969
 2370.0   6.391330
 2372.5   6.390244
 2375.0   6.327062
 2377.5   6.210235
 2380.0   6.113898
 2382.5   6.093244
 2385.0   6.062019
 2387.5   5.945167
 2390.0   5.853863
 2392.5   5.898264
 2395.0   5.998220
 2397.5   6.050170
 2400.0   6.047224
 2402.5   6.006165
 2405.0   5.941816
 2407.5   5.872780
 2410.0   5.834746
 2412.5   5.851984
 2415.0   5.886011
 2417.5   5.894312
 2420.0   5.880982
 2422.5   5.864298
 2425.0   5.872650
 2427.5   5.922344
 2430.0   5.971228
 2432.5   5.976164
 2435.0   5.948529
 2437.5   5.912232
 2440.0   5.886805
 2442.5   5.885106
 2445.0   5.897670
 2447.5   5.916875
 2450.0   5.964781
 2452.5   6.055007
 2455.0   6.137732
 2457.5   6.162635
 2460.0   6.140841
 2462.5   6.094614
 2465.0   6.029321
 2467.5   5.947794
 2470.0   5.859599
 2472.5   5.778938
 2475.0   5.731822
 2477.5   5.734527
 2480.0   5.752573
 2482.5   5.750865
 2485.0   5.742595
 2487.5   5.741645
 2490.0   5.716381
 2492.5   5.648564
 2495.0   5.619045
 2497.5   5.693096
 2500.0   5.774584
 2502.5   5.765615
 2505.0   5.722672
 2507.5   5.715013
 2510.0   5.708639
 2512.5   5.664806
 2515.0   5.629040
 2517.5   5.644241
 2520.0   5.658534
 2522.5   5.621506
 2525.0   5.583370
 2527.5   5.599319
 2530.0   5.643823
 2532.5   5.674646
 2535.0   5.663450
 2537.5   5.598104
 2540.0   5.517419
 2542.5   5.464848
 2545.0   5.451471
 2547.5   5.469244
 2550.0   5.465988
 2552.5   5.406566
 2555.0   5.368155
 2557.5   5.423227
 2560.0   5.513126
 2562.5   5.559821
 2565.0   5.538910
 2567.5   5.457826
 2570.0   5.397697
 2572.5   5.411256
 2575.0   5.363949
 2577.5   5.141200
 2580.0   4.895626
 2582.5   4.804939
 2585.0   4.880027
 2587.5   5.072558
 2590.0   5.264149
 2592.5   5.357862
 2595.0   5.412610
 2597.5   5.491719
 2600.0   5.520313
 2602.5   5.430306
 2605.0   5.318967
 2607.5   5.293667
 2610.0   5.336840
 2612.5   5.398968
 2615.0   5.427650
 2617.5   5.394532
 2620.0   5.370316
 2622.5   5.414716
 2625.0   5.444432
 2627.5   5.379244
 2630.0   5.294271
 2632.5   5.274769
 2635.0   5.291219
 2637.5   5.297956
 2640.0   5.299521
 2642.5   5.307785
 2645.0   5.313751
 2647.5   5.306670
 2650.0   5.289651
 2652.5   5.268678
 2655.0   5.247368
 2657.5   5.224039
 2660.0   5.178174
 2662.5   5.097441
 2665.0   5.021075
 2667.5   4.990054
 2670.0   5.000759
 2672.5   5.037405
 2675.0   5.080135
 2677.5   5.110874
 2680.0   5.122729
 2682.5   5.115047
 2685.0   5.100965
 2687.5   5.088081
 2690.0   5.048073
 2692.5   4.956696
 2695.0   4.841952
 2697.5   4.746665
 2700.0   4.720706
 2702.5   4.792122
 2705.0   4.894629
 2707.5   4.952322
 2710.0   4.945157
 2712.5   4.878798
 2715.0   4.805868
 2717.5   4.772019
 2720.0   4.748075
 2722.5   4.701825
 2725.0   4.663761
 2727.5   4.668263
 2730.0   4.702555
 2732.5   4.743658
 2735.0   4.774931
 2737.5   4.781263
 2740.0   4.747327
 2742.5   4.672867
 2745.0   4.618148
 2747.5   4.633199
 2750.0   4.666606
 2752.5   4.659540
 2755.0   4.624969
 2757.5   4.596860
 2760.0   4.621388
 2762.5   4.716222
 2765.0   4.772823
 2767.5   4.699177
 2770.0   4.595603
 2772.5   4.575465
 2775.0   4.611989
 2777.5   4.649235
 2780.0   4.654745
 2782.5   4.613004
 2785.0   4.552776
 2787.5   4.510561
 2790.0   4.509508
 2792.5   4.551440
 2795.0   4.566204
 2797.5   4.495647
 2800.0   4.401586
 2802.5   4.357529
 2805.0   4.363791
 2807.5   4.402255
 2810.0   4.454272
 2812.5   4.503014
 2815.0   4.539470
 2817.5   4.556389
 2820.0   4.545746
 2822.5   4.501823
 2825.0   4.428907
 2827.5   4.337315
 2830.0   4.251487
 2832.5   4.199977
 2835.0   4.213688
 2837.5   4.302187
 2840.0   4.387358
 2842.5   4.400098
 2845.0   4.395038
 2847.5   4.428949
 2850.0   4.443414
 2852.5   4.382335
 2855.0   4.314068
 2857.5   4.312133
 2860.0   4.346256
 2862.5   4.371079
 2865.0   4.384715
 2867.5   4.392944
 2870.0   4.388760
 2872.5   4.366872
 2875.0   4.341649
 2877.5   4.330637
 2880.0   4.344430
 2882.5   4.382243
 2885.0   4.404702
 2887.5   4.382403
 2890.0   4.364393
 2892.5   4.395860
 2895.0   4.428099
 2897.5   4.407126
 2900.0   4.351735
 2902.5   4.296473
 2905.0   4.266114
 2907.5   4.274800
 2910.0   4.303893
 2912.5   4.328918
 2915.0   4.334833
 2917.5   4.314365
 2920.0   4.281896
 2922.5   4.253587
 2925.0   4.231071
 2927.5   4.212808
 2930.0   4.199085
 2932.5   4.189923
 2935.0   4.182442
 2937.5   4.175376
 2940.0   4.176818
 2942.5   4.188317
 2945.0   4.175901
 2947.5   4.117898
 2950.0   4.077354
 2952.5   4.114409
 2955.0   4.192864
 2957.5   4.257545
 2960.0   4.273727
 2962.5   4.226768
 2965.0   4.161897
 2967.5   4.128114
 2970.0   4.129616
 2972.5   4.155447
 2975.0   4.178843
 2977.5   4.176307
 2980.0   4.153203
 2982.5   4.119904
 2985.0   4.077954
 2987.5   4.027825
 2990.0   3.974545
 2992.5   3.927097
 2995.0   3.905742
 2997.5   3.923922
 3000.0   3.956516
 3002.5   3.975888
 3005.0   3.982907
 3007.5   3.982076
 3010.0   3.963912
 3012.5   3.922486
 3015.0   3.880053
 3017.5   3.860450
 3020.0   3.865638
 3022.5   3.886862
 3025.0   3.894362
 3027.5   3.865000
 3030.0   3.823115
 3032.5   3.798204
 3035.0   3.792896
 3037.5   3.801808
 3040.0   3.814362
 3042.5   3.819620
 3045.0   3.810411
 3047.5   3.788021
 3050.0   3.783811
 3052.5   3.816474
 3055.0   3.823944
 3057.5   3.752396
 3060.0   3.661724
 3062.5   3.621104
 3065.0   3.623108
 3067.5   3.640796
 3070.0   3.645772
 3072.5   3.623480
 3075.0   3.616172
 3077.5   3.661953
 3080.0   3.725528
 3082.5   3.763240
 3085.0   3.771389
 3087.5   3.760366
 3090.0   3.756975
 3092.5   3.776937
 3095.0   3.775247
 3097.5   3.713912
 3100.0   3.643733
 3102.5   3.620127
 3105.0   3.628192
 3107.5   3.640931
 3110.0   3.653302
 3112.5   3.666592
 3115.0   3.685449
 3117.5   3.713120
 3120.0   3.743898
 3122.5   3.768801
 3125.0   3.774720
 3127.5   3.753602
 3130.0   3.721758
 3132.5   3.698628
 3135.0   3.691823
 3137.5   3.701238
 3140.0   3.707745
 3142.5   3.699556
 3145.0   3.713259
 3147.5   3.778901
 3150.0   3.851987
 3152.5   3.876036
 3155.0   3.821174
 3157.5   3.684368
 3160.0   3.543354
 3162.5   3.473480
 3165.0   3.459764
 3167.5   3.469453
 3170.0   3.489033
 3172.5   3.510119
 3175.0   3.525613
 3177.5   3.530675
 3180.0   3.528223
 3182.5   3.522852
 3185.0   3.518119
 3187.5   3.519535
 3190.0   3.541450
 3192.5   3.588447
 3195.0   3.617182
 3197.5   3.592469
 3200.0   3.559664
 3202.5   3.566111
 3205.0   3.586546
 3207.5   3.586865
 3210.0   3.570199
 3212.5   3.547222
 3215.0   3.521537
 3217.5   3.495646
 3220.0   3.474725
 3222.5   3.463270
 3225.0   3.460381
 3227.5   3.463855
 3230.0   3.471681
 3232.5   3.481687
 3235.0   3.490854
 3237.5   3.495957
 3240.0   3.493783
 3242.5   3.482435
 3245.0   3.465260
 3247.5   3.446918
 3250.0   3.432070
 3252.5   3.424086
 3255.0   3.421185
 3257.5   3.420298
 3260.0   3.418353
 3262.5   3.412461
 3265.0   3.400449
 3267.5   3.380325
 3270.0   3.350098
 3272.5   3.309705
 3275.0   3.266796
 3277.5   3.230953
 3280.0   3.211754
 3282.5   3.215333
 3285.0   3.234024
 3287.5   3.256716
 3290.0   3.272294
 3292.5   3.272491
 3295.0   3.260417
 3297.5   3.242025
 3300.0   3.223271
 3302.5   3.209064
 3305.0   3.200132
 3307.5   3.196159
 3310.0   3.196829
 3312.5   3.201503
 3315.0   3.208260
 3317.5   3.214858
 3320.0   3.219054
 3322.5   3.219165
 3325.0   3.215755
 3327.5   3.209950
 3330.0   3.202874
 3332.5   3.195396
 3335.0   3.187368
 3337.5   3.178386
 3340.0   3.168046
 3342.5   3.156425
 3345.0   3.145523
 3347.5   3.137824
 3350.0   3.135809
 3352.5   3.140651
 3355.0   3.148282
 3357.5   3.153328
 3360.0   3.150411
 3362.5   3.136060
 3365.0   3.114419
 3367.5   3.091540
 3370.0   3.073470
 3372.5   3.064663
 3375.0   3.063184
 3377.5   3.065502
 3380.0   3.068086
 3382.5   3.067992
 3385.0   3.064630
 3387.5   3.057996
 3390.0   3.048087
 3392.5   3.035409
 3395.0   3.022504
 3397.5   3.012424
 3400.0   3.008220
 3402.5   3.011606
 3405.0   3.018951
 3407.5   3.025285
 3410.0   3.025638
 3412.5   3.016704
 3415.0   3.001834
 3417.5   2.986041
 3420.0   2.974339
 3422.5   2.970149
 3425.0   2.970523
 3427.5   2.970920
 3430.0   2.966797
 3432.5   2.955149
 3435.0   2.939104
 3437.5   2.923327
 3440.0   2.912483
 3442.5   2.909740
 3445.0   2.912286
 3447.5   2.915816
 3450.0   2.916022
 3452.5   2.909961
 3455.0   2.900131
 3457.5   2.890393
 3460.0   2.884606
 3462.5   2.885263
 3465.0   2.889383
 3467.5   2.892614
 3470.0   2.890605
 3472.5   2.880431
 3475.0   2.864868
 3477.5   2.848114
 3480.0   2.834363
 3482.5   2.826668
 3485.0   2.823527
 3487.5   2.822277
 3490.0   2.820174
 3492.5   2.814999
 3495.0   2.806724
 3497.5   2.795579
 3500.0   2.780643
 3502.5   2.762179
 3505.0   2.746334
 3507.5   2.738639
 3510.0   2.736266
 3512.5   2.735328
 3515.0   2.736048
 3517.5   2.739608
 3520.0   2.746903
 3522.5   2.756634
 3525.0   2.759000
 3527.5   2.746667
 3530.0   2.730653
 3532.5   2.722762
 3535.0   2.719580
 3537.5   2.715725
 3540.0   2.713162
 3542.5   2.713985
 3545.0   2.713468
 3547.5   2.707179
 3550.0   2.698697
 3552.5   2.692335
 3555.0   2.687329
 3557.5   2.682059
 3560.0   2.676552
 3562.5   2.670531
 3565.0   2.660841
 3567.5   2.645799
 3570.0   2.632478
 3572.5   2.626516
 3575.0   2.619043
 3577.5   2.601740
 3580.0   2.582984
 3582.5   2.572037
 3585.0   2.565006
 3587.5   2.556909
 3590.0   2.551552
 3592.5   2.552890
 3595.0   2.556665
 3597.5   2.558703
 3600.0   2.563362
 3602.5   2.571739
 3605.0   2.563361
 3607.5   2.524504
 3610.0   2.490030
 3612.5   2.492151
 3615.0   2.503907
 3617.5   2.496653
 3620.0   2.494170
 3622.5   2.521057
 3625.0   2.552752
 3627.5   2.560472
 3630.0   2.547717
 3632.5   2.527479
 3635.0   2.518447
 3637.5   2.533273
 3640.0   2.554760
 3642.5   2.562038
 3645.0   2.549387
 3647.5   2.519048
 3650.0   2.489963
 3652.5   2.479099
 3655.0   2.478839
 3657.5   2.478195
 3660.0   2.477290
 3662.5   2.476440
 3665.0   2.465636
 3667.5   2.439656
 3670.0   2.422749
 3672.5   2.436795
 3675.0   2.464737
 3677.5   2.483751
 3680.0   2.486899
 3682.5   2.473196
 3685.0   2.449574
 3687.5   2.425520
 3690.0   2.412822
 3692.5   2.418847
 3695.0   2.430993
 3697.5   2.434902
 3700.0   2.429179
 3702.5   2.417205
 3705.0   2.408517
 3707.5   2.411824
 3710.0   2.426377
 3712.5   2.445900
 3715.0   2.451469
 3717.5   2.430631
 3720.0   2.409457
 3722.5   2.416551
 3725.0   2.452132
 3727.5   2.498255
 3730.0   2.492712
 3732.5   2.402945
 3735.0   2.359264
 3737.5   2.475244
 3740.0   2.634647
 3742.5   2.691386
 3745.0   2.609802
 3747.5   2.418553
 3750.0   2.293136
 3752.5   2.385759
 3755.0   2.608634
 3757.5   2.826491
 3760.0   2.954125
 3762.5   2.933208
 3765.0   2.762844
 3767.5   2.490094
 3770.0   2.296398
 3772.5   2.343116
 3775.0   2.576893
 3777.5   2.889833
 3780.0   3.170585
 3782.5   3.327532
 3785.0   3.351454
 3787.5   3.252454
 3790.0   3.035541
 3792.5   2.726995
 3795.0   2.443274
 3797.5   2.307345
 3800.0   2.378041
 3802.5   2.661085
 3805.0   3.013901
 3807.5   3.285998
 3810.0   3.443532
 3812.5   3.486302
 3815.0   3.432026
 3817.5   3.316171
 3820.0   3.227279
 3822.5   3.223482
 3825.0   3.188194
 3827.5   3.001154
 3830.0   2.702127
 3832.5   2.388454
 3835.0   2.227773
 3837.5   2.346495
 3840.0   2.635837
 3842.5   2.947177
 3845.0   3.207731
 3847.5   3.377672
 3850.0   3.473169
 3852.5   3.522222
 3855.0   3.544153
 3857.5   3.552181
 3860.0   3.543777
 3862.5   3.514804
 3865.0   3.470426
 3867.5   3.418814
 3870.0   3.370861
 3872.5   3.330797
 3875.0   3.273494
 3877.5   3.165503
 3880.0   2.969469
 3882.5   2.672148
 3885.0   2.360652
 3887.5   2.145084
 3890.0   2.127159
 3892.5   2.358696
 3895.0   2.700310
 3897.5   2.994635
 3900.0   3.203598
 3902.5   3.326682
 3905.0   3.394311
 3907.5   3.438176
 3910.0   3.464101
 3912.5   3.470639
 3915.0   3.453123
 3917.5   3.410632
 3920.0   3.360442
 3922.5   3.319514
 3925.0   3.285361
 3927.5   3.254404
 3930.0   3.238145
 3932.5   3.249083
 3935.0   3.288610
 3937.5   3.348200
 3940.0   3.390767
 3942.5   3.384941
 3945.0   3.350771
 3947.5   3.313661
 3950.0   3.269003
 3952.5   3.206090
 3955.0   3.119823
 3957.5   3.001847
 3960.0   2.825186
 3962.5   2.572402
 3965.0   2.282819
 3967.5   2.024766
 3970.0   1.925824
 3972.5   2.076344
 3975.0   2.358512
 3977.5   2.627139
 3980.0   2.835714
 3982.5   2.971039
 3985.0   3.054482
 3987.5   3.110770
 3990.0   3.143480
 3992.5   3.154042
 3995.0   3.156434
 3997.5   3.160465
 4000.0   3.146700
 4002.5   3.097853
 4005.0   3.034484
 4007.5   2.984505
 4010.0   2.967404
 4012.5   2.989514
 4015.0   3.012992
 4017.5   2.995748
 4020.0   2.922886
 4022.5   2.804685
 4025.0   2.724925
 4027.5   2.756295
 4030.0   2.853624
 4032.5   2.950700
 4035.0   3.015009
 4037.5   3.032630
 4040.0   3.030313
 4042.5   3.035974
 4045.0   3.041512
 4047.5   3.034550
 4050.0   3.021606
 4052.5   3.012188
 4055.0   3.008871
 4057.5   3.010013
 4060.0   3.004046
 4062.5   2.981623
 4065.0   2.952215
 4067.5   2.928576
 4070.0   2.917780
 4072.5   2.921387
 4075.0   2.924573
 4077.5   2.912707
 4080.0   2.888310
 4082.5   2.856786
 4085.0   2.817917
 4087.5   2.764527
 4090.0   2.667233
 4092.5   2.498770
 4095.0   2.262539
 4097.5   1.990046
 4100.0   1.794532
 4102.5   1.777735
 4105.0   1.913638
 4107.5   2.138444
 4110.0   2.364995
 4112.5   2.519566
 4115.0   2.605530
 4117.5   2.646292
 4120.0   2.668295
 4122.5   2.692532
 4125.0   2.715167
 4127.5   2.728942
 4130.0   2.737748
 4132.5   2.744103
 4135.0   2.733899
 4137.5   2.695612
 4140.0   2.644686
 4142.5   2.603797
 4145.0   2.597587
 4147.5   2.639276
 4150.0   2.694438
 4152.5   2.726542
 4155.0   2.738288
 4157.5   2.740479
 4160.0   2.737101
 4162.5   2.729787
 4165.0   2.717587
 4167.5   2.700690
 4170.0   2.686424
 4172.5   2.681568
 4175.0   2.683566
 4177.5   2.686847
 4180.0   2.683127
 4182.5   2.667136
 4185.0   2.648388
 4187.5   2.637379
 4190.0   2.633761
 4192.5   2.634152
 4195.0   2.633898
 4197.5   2.629223
 4200.0   2.621143
 4202.5   2.612156
 4205.0   2.605884
 4207.5   2.604677
 4210.0   2.604672
 4212.5   2.601460
 4215.0   2.594669
 4217.5   2.584986
 4220.0   2.573302
 4222.5   2.561280
 4225.0   2.553482
 4227.5   2.552536
 4230.0   2.550446
 4232.5   2.540415
 4235.0   2.531052
 4237.5   2.531338
 4240.0   2.536340
 4242.5   2.538730
 4245.0   2.535518
 4247.5   2.525645
 4250.0   2.511440
 4252.5   2.495921
 4255.0   2.481486
 4257.5   2.469630
 4260.0   2.458851
 4262.5   2.447585
 4265.0   2.437020
 4267.5   2.429192
 4270.0   2.426771
 4272.5   2.431355
 4275.0   2.439618
 4277.5   2.447226
 4280.0   2.450742
 4282.5   2.447810
 4285.0   2.439488
 4287.5   2.428766
 4290.0   2.422938
 4292.5   2.427210
 4295.0   2.434139
 4297.5   2.435249
 4300.0   2.430593
 4302.5   2.421893
 4305.0   2.409024
 4307.5   2.392312
 4310.0   2.375741
 4312.5   2.362729
 4315.0   2.350765
 4317.5   2.336518
 4320.0   2.319305
 4322.5   2.296502
 4325.0   2.255063
 4327.5   2.182159
 4330.0   2.076256
 4332.5   1.938669
 4335.0   1.770826
 4337.5   1.590327
 4340.0   1.479347
 4342.5   1.508675
 4345.0   1.638990
 4347.5   1.807456
 4350.0   1.967291
 4352.5   2.085464
 4355.0   2.167900
 4357.5   2.226969
 4360.0   2.261876
 4362.5   2.272127
 4365.0   2.271580
 4367.5   2.274223
 4370.0   2.280192
 4372.5   2.286152
 4375.0   2.288730
 4377.5   2.282183
 4380.0   2.251333
 4382.5   2.188486
 4385.0   2.125321
 4387.5   2.096776
 4390.0   2.111439
 4392.5   2.163687
 4395.0   2.217393
 4397.5   2.239442
 4400.0   2.239258
 4402.5   2.233580
 4405.0   2.225871
 4407.5   2.216963
 4410.0   2.210438
 4412.5   2.208382
 4415.0   2.204139
 4417.5   2.191604
 4420.0   2.175623
 4422.5   2.161799
 4425.0   2.147827
 4427.5   2.130271
 4430.0   2.109094
 4432.5   2.087007
 4435.0   2.074316
 4437.5   2.079913
 4440.0   2.099449
 4442.5   2.124568
 4445.0   2.144129
 4447.5   2.150066
 4450.0   2.149401
 4452.5   2.149913
 4455.0   2.147334
 4457.5   2.135886
 4460.0   2.115809
 4462.5   2.085923
 4465.0   2.033346
 4467.5   1.954898
 4470.0   1.897902
 4472.5   1.904795
 4475.0   1.947950
 4477.5   1.989539
 4480.0   2.020987
 4482.5   2.042465
 4485.0   2.059874
 4487.5   2.077957
 4490.0   2.091089
 4492.5   2.093344
 4495.0   2.087947
 4497.5   2.080139
 4500.0   2.074076
 4502.5   2.072190
 4505.0   2.071098
 4507.5   2.067073
 4510.0   2.060829
 4512.5   2.054240
 4515.0   2.049373
 4517.5   2.047577
 4520.0   2.047136
 4522.5   2.045765
 4525.0   2.041970
 4527.5   2.035475
 4530.0   2.030078
 4532.5   2.028555
 4535.0   2.025507
 4537.5   2.015538
 4540.0   2.001442
 4542.5   1.987630
 4545.0   1.976805
 4547.5   1.971051
 4550.0   1.971684
 4552.5   1.978682
 4555.0   1.987447
 4557.5   1.993011
 4560.0   1.993515
 4562.5   1.988476
 4565.0   1.979813
 4567.5   1.969967
 4570.0   1.961082
 4572.5   1.955350
 4575.0   1.955474
 4577.5   1.962041
 4580.0   1.966684
 4582.5   1.961625
 4585.0   1.950413
 4587.5   1.938984
 4590.0   1.931490
 4592.5   1.930262
 4595.0   1.932144
 4597.5   1.932686
 4600.0   1.927761
 4602.5   1.915951
 4605.0   1.906346
 4607.5   1.907313
 4610.0   1.913828
 4612.5   1.918564
 4615.0   1.918373
 4617.5   1.912482
 4620.0   1.905428
 4622.5   1.901010
 4625.0   1.894777
 4627.5   1.882626
 4630.0   1.870108
 4632.5   1.863072
 4635.0   1.858903
 4637.5   1.854736
 4640.0   1.855171
 4642.5   1.863693
 4645.0   1.871877
 4647.5   1.871968
 4650.0   1.870811
 4652.5   1.875392
 4655.0   1.878660
 4657.5   1.873228
 4660.0   1.864412
 4662.5   1.859226
 4665.0   1.858785
 4667.5   1.861562
 4670.0   1.861371
 4672.5   1.853485
 4675.0   1.843665
 4677.5   1.838068
 4680.0   1.833958
 4682.5   1.828179
 4685.0   1.824789
 4687.5   1.827144
 4690.0   1.828571
 4692.5   1.822581
 4695.0   1.813454
 4697.5   1.807000
 4700.0   1.804382
 4702.5   1.804088
 4705.0   1.798553
 4707.5   1.781783
 4710.0   1.760133
 4712.5   1.742448
 4715.0   1.735192
 4717.5   1.740730
 4720.0   1.747421
 4722.5   1.744084
 4725.0   1.735389
 4727.5   1.728805
 4730.0   1.727139
 4732.5   1.730716
 4735.0   1.734609
 4737.5   1.734330
 4740.0   1.732414
 4742.5   1.732162
 4745.0   1.732915
 4747.5   1.733240
 4750.0   1.732578
 4752.5   1.730800
 4755.0   1.728628
 4757.5   1.726521
 4760.0   1.723038
 4762.5   1.717133
 4765.0   1.711231
 4767.5   1.707351
 4770.0   1.702406
 4772.5   1.693376
 4775.0   1.682609
 4777.5   1.673724
 4780.0   1.670071
 4782.5   1.673288
 4785.0   1.678452
 4787.5   1.680606
 4790.0   1.681230
 4792.5   1.682246
 4795.0   1.680904
 4797.5   1.675013
 4800.0   1.669282
 4802.5   1.668248
 4805.0   1.668846
 4807.5   1.666775
 4810.0   1.660379
 4812.5   1.649785
 4815.0   1.639604
 4817.5   1.634434
 4820.0   1.634323
 4822.5   1.637625
 4825.0   1.640452
 4827.5   1.639509
 4830.0   1.636099
 4832.5   1.631913
 4835.0   1.625604
 4837.5   1.615031
 4840.0   1.597924
 4842.5   1.572149
 4845.0   1.536246
 4847.5   1.488322
 4850.0   1.424078
 4852.5   1.340109
 4855.0   1.238995
 4857.5   1.132957
 4860.0   1.066785
 4862.5   1.079145
 4865.0   1.151652
 4867.5   1.251794
 4870.0   1.347618
 4872.5   1.414710
 4875.0   1.458268
 4877.5   1.489048
 4880.0   1.510443
 4882.5   1.524116
 4885.0   1.532185
 4887.5   1.536686
 4890.0   1.538888
 4892.5   1.539863
 4895.0   1.540676
 4897.5   1.542720
 4900.0   1.548709
 4902.5   1.559781
 4905.0   1.569455
 4907.5   1.571335
 4910.0   1.566980
 4912.5   1.557809
 4915.0   1.536737
 4917.5   1.500051
 4920.0   1.466047
 4922.5   1.454836
 4925.0   1.471794
 4927.5   1.513294
 4930.0   1.554449
 4932.5   1.571924
 4935.0   1.569869
 4937.5   1.558955
 4940.0   1.548462
 4942.5   1.544996
 4945.0   1.545867
 4947.5   1.546485
 4950.0   1.543961
 4952.5   1.537274
 4955.0   1.531182
 4957.5   1.529778
 4960.0   1.528717
 4962.5   1.523311
 4965.0   1.515951
 4967.5   1.509540
 4970.0   1.501948
 4972.5   1.491674
 4975.0   1.484763
 4977.5   1.486239
 4980.0   1.489499
 4982.5   1.488269
 4985.0   1.489218
 4987.5   1.498143
 4990.0   1.504398
 4992.5   1.498091
 4995.0   1.488778
 4997.5   1.486891
 5000.0   1.486923
 5002.5   1.481524
 5005.0   1.471899
 5007.5   1.460244
 5010.0   1.444148
 5012.5   1.422662
 5015.0   1.405277
 5017.5   1.400914
 5020.0   1.405767
 5022.5   1.413406
 5025.0   1.419643
 5027.5   1.421714
 5030.0   1.420329
 5032.5   1.417850
 5035.0   1.419791
 5037.5   1.429332
 5040.0   1.437171
 5042.5   1.434237
 5045.0   1.424876
 5047.5   1.415456
 5050.0   1.407022
 5052.5   1.399743
 5055.0   1.395612
 5057.5   1.395817
 5060.0   1.396487
 5062.5   1.394041
 5065.0   1.391101
 5067.5   1.390821
 5070.0   1.392288
 5072.5   1.393880
 5075.0   1.395216
 5077.5   1.396127
 5080.0   1.396058
 5082.5   1.394396
 5085.0   1.390684
 5087.5   1.385057
 5090.0   1.379880
 5092.5   1.377373
 5095.0   1.376962
 5097.5   1.377076
 5100.0   1.374942
 5102.5   1.368696
 5105.0   1.361301
 5107.5   1.356208
 5110.0   1.354001
 5112.5   1.354381
 5115.0   1.356383
 5117.5   1.359036
 5120.0   1.362004
 5122.5   1.364552
 5125.0   1.363700
 5127.5   1.357450
 5130.0   1.349971
 5132.5   1.345728
 5135.0   1.344213
 5137.5   1.343543
 5140.0   1.341309
 5142.5   1.336152
 5145.0   1.331441
 5147.5   1.329901
 5150.0   1.326942
 5152.5   1.318679
 5155.0   1.311358
 5157.5   1.311049
 5160.0   1.313003
 5162.5   1.311525
 5165.0   1.307966
 5167.5   1.305120
 5170.0   1.304504
 5172.5   1.306312
 5175.0   1.306725
 5177.5   1.302363
 5180.0   1.295598
 5182.5   1.289879
 5185.0   1.287195
 5187.5   1.288419
 5190.0   1.291426
 5192.5   1.293764
 5195.0   1.294675
 5197.5   1.294155
 5200.0   1.293521
 5202.5   1.293673
 5205.0   1.292505
 5207.5   1.288268
 5210.0   1.283633
 5212.5   1.281224
 5215.0   1.279056
 5217.5   1.274785
 5220.0   1.269233
 5222.5   1.263851
 5225.0   1.259441
 5227.5   1.256474
 5230.0   1.254744
 5232.5   1.253728
 5235.0   1.252312
 5237.5   1.249592
 5240.0   1.246105
 5242.5   1.242518
 5245.0   1.238572
 5247.5   1.233906
 5250.0   1.228668
 5252.5   1.223549
 5255.0   1.220913
 5257.5   1.221974
 5260.0   1.221686
 5262.5   1.215693
 5265.0   1.208658
 5267.5   1.205813
 5270.0   1.205649
 5272.5   1.205589
 5275.0   1.205527
 5277.5   1.205786
 5280.0   1.205937
 5282.5   1.205351
 5285.0   1.203365
 5287.5   1.200025
 5290.0   1.198255
 5292.5   1.200025
 5295.0   1.200599
 5297.5   1.195606
 5300.0   1.188826
 5302.5   1.185245
 5305.0   1.186511
 5307.5   1.191927
 5310.0   1.194746
 5312.5   1.189188
 5315.0   1.179391
 5317.5   1.171173
 5320.0   1.167138
 5322.5   1.167829
 5325.0   1.168741
 5327.5   1.165582
 5330.0   1.159947
 5332.5   1.154516
 5335.0   1.150422
 5337.5   1.147964
 5340.0   1.145648
 5342.5   1.142415
 5345.0   1.140727
 5347.5   1.142713
 5350.0   1.145635
 5352.5   1.146496
 5355.0   1.146133
 5357.5   1.145753
 5360.0   1.144218
 5362.5   1.140549
 5365.0   1.136760
 5367.5   1.134748
 5370.0   1.132946
 5372.5   1.129971
 5375.0   1.128643
 5377.5   1.131100
 5380.0   1.132565
 5382.5   1.128294
 5385.0   1.120603
 5387.5   1.113417
 5390.0   1.110027
 5392.5   1.111964
 5395.0   1.114362
 5397.5   1.112643
 5400.0   1.109790
 5402.5   1.109452
 5405.0   1.110378
 5407.5   1.110409
 5410.0   1.108641
 5412.5   1.104792
 5415.0   1.099823
 5417.5   1.095361
 5420.0   1.094454
 5422.5   1.098700
 5425.0   1.102483
 5427.5   1.100259
 5430.0   1.093995
 5432.5   1.087275
 5435.0   1.082653
 5437.5   1.081335
 5440.0   1.080178
 5442.5   1.076576
 5445.0   1.074416
 5447.5   1.076876
 5450.0   1.077803
 5452.5   1.071729
 5455.0   1.065251
 5457.5   1.065278
 5460.0   1.067909
 5462.5   1.067995
 5465.0   1.066195
 5467.5   1.064301
 5470.0   1.062812
 5472.5   1.061623
 5475.0   1.059494
 5477.5   1.055623
 5480.0   1.052085
 5482.5   1.050373
 5485.0   1.046761
 5487.5   1.038597
 5490.0   1.032729
 5492.5   1.035712
 5495.0   1.043428
 5497.5   1.049618
 5500.0   1.050150
 5502.5   1.043063
 5505.0   1.032965
 5507.5   1.025266
 5510.0   1.022005
 5512.5   1.023272
 5515.0   1.024724
 5517.5   1.022410
 5520.0   1.018377
 5522.5   1.015553
 5525.0   1.014406
 5527.5   1.014354
 5530.0   1.013080
 5532.5   1.008650
 5535.0   1.002390
 5537.5   0.996703
 5540.0   0.995045
 5542.5   0.999597
 5545.0   1.006383
 5547.5   1.010409
 5550.0   1.008754
 5552.5   1.000907
 5555.0   0.993917
 5557.5   0.994194
 5560.0   0.998041
 5562.5   1.000175
 5565.0   0.999070
 5567.5   0.994985
 5570.0   0.991563
 5572.5   0.991698
 5575.0   0.991893
 5577.5   0.988527
 5580.0   0.983871
 5582.5   0.981084
 5585.0   0.980972
 5587.5   0.983337
 5590.0   0.986314
 5592.5   0.987990
 5595.0   0.987916
 5597.5   0.985920
 5600.0   0.981487
 5602.5   0.974769
 5605.0   0.968937
 5607.5   0.966583
 5610.0   0.964954
 5612.5   0.961101
 5615.0   0.956628
 5617.5   0.953888
 5620.0   0.953680
 5622.5   0.955560
 5625.0   0.955671
 5627.5   0.950903
 5630.0   0.944550
 5632.5   0.940753
 5635.0   0.940623
 5637.5   0.943878
 5640.0   0.947682
 5642.5   0.949168
 5645.0   0.947879
 5647.5   0.944240
 5650.0   0.939779
 5652.5   0.936009
 5655.0   0.933294
 5657.5   0.931601
 5660.0   0.930475
 5662.5   0.929204
 5665.0   0.926482
 5667.5   0.921740
 5670.0   0.917957
 5672.5   0.917966
 5675.0   0.920472
 5677.5   0.922899
 5680.0   0.921666
 5682.5   0.915232
 5685.0   0.911209
 5687.5   0.916269
 5690.0   0.924183
 5692.5   0.927111
 5695.0   0.923685
 5697.5   0.914985
 5700.0   0.905429
 5702.5   0.899243
 5705.0   0.896557
 5707.5   0.896382
 5710.0   0.897343
 5712.5   0.897809
 5715.0   0.895515
 5717.5   0.889320
 5720.0   0.883214
 5722.5   0.881133
 5725.0   0.881655
 5727.5   0.882471
 5730.0   0.883066
 5732.5   0.882971
 5735.0   0.880092
 5737.5   0.873316
 5740.0   0.867077
 5742.5   0.865655
 5745.0   0.867172
 5747.5   0.868871
 5750.0   0.870628
 5752.5   0.872506
 5755.0   0.872672
 5757.5   0.869662
 5760.0   0.865374
 5762.5   0.862177
 5765.0   0.860956
 5767.5   0.861692
 5770.0   0.862235
 5772.5   0.860064
 5775.0   0.853292
 5777.5   0.841971
 5780.0   0.833259
 5782.5   0.833649
 5785.0   0.839872
 5787.5   0.846607
 5790.0   0.850104
 5792.5   0.848315
 5795.0   0.844438
 5797.5   0.842351
 5800.0   0.843417
 5802.5   0.847649
 5805.0   0.852191
 5807.5   0.853939
 5810.0   0.851679
 5812.5   0.845670
 5815.0   0.840175
 5817.5   0.839039
 5820.0   0.840436
 5822.5   0.841648
 5825.0   0.842067
 5827.5   0.841620
 5830.0   0.840272
 5832.5   0.838291
 5835.0   0.837110
 5837.5   0.837809
 5840.0   0.838904
 5842.5   0.838714
 5845.0   0.837348
 5847.5   0.835382
 5850.0   0.833486
 5852.5   0.832382
 5855.0   0.832909
 5857.5   0.835366
 5860.0   0.837790
 5862.5   0.838091
 5865.0   0.835951
 5867.5   0.830399
 5870.0   0.816095
 5872.5   0.791384
 5875.0   0.773741
 5877.5   0.778506
 5880.0   0.793371
 5882.5   0.802047
 5885.0   0.799984
 5887.5   0.787652
 5890.0   0.773859
 5892.5   0.767465
 5895.0   0.769205
 5897.5   0.777479
 5900.0   0.789478
 5902.5   0.802122
 5905.0   0.812453
 5907.5   0.818098
 5910.0   0.818899
 5912.5   0.815665
 5915.0   0.810845
 5917.5   0.806708
 5920.0   0.803162
 5922.5   0.799459
 5925.0   0.794598
 5927.5   0.788084
 5930.0   0.781695
 5932.5   0.777575
 5935.0   0.777045
 5937.5   0.780262
 5940.0   0.783534
 5942.5   0.783401
 5945.0   0.781186
 5947.5   0.779026
 5950.0   0.777545
 5952.5   0.776753
 5955.0   0.775734
 5957.5   0.773916
 5960.0   0.773036
 5962.5   0.774308
 5965.0   0.774540
 5967.5   0.770847
 5970.0   0.765983
 5972.5   0.763069
 5975.0   0.761045
 5977.5   0.758575
 5980.0   0.757397
 5982.5   0.758964
 5985.0   0.760515
 5987.5   0.759338
 5990.0   0.757142
 5992.5   0.756166
 5995.0   0.756342
 5997.5   0.757454
 6000.0   0.760994
 6002.5   0.767484
 6005.0   0.771847
 6007.5   0.769976
 6010.0   0.767233
 6012.5   0.768900
 6015.0   0.770452
 6017.5   0.766879
 6020.0   0.761025
 6022.5   0.756740
 6025.0   0.754031
 6027.5   0.751963
 6030.0   0.749663
 6032.5   0.746901
 6035.0   0.745953
 6037.5   0.748118
 6040.0   0.748280
 6042.5   0.742223
 6045.0   0.735750
 6047.5   0.734876
 6050.0   0.736439
 6052.5   0.736293
 6055.0   0.735525
 6057.5   0.735841
 6060.0   0.736178
 6062.5   0.735457
 6065.0   0.735287
 6067.5   0.737010
 6070.0   0.738203
 6072.5   0.736425
 6075.0   0.732940
 6077.5   0.729766
 6080.0   0.728241
 6082.5   0.728955
 6085.0   0.730172
 6087.5   0.730063
 6090.0   0.728733
 6092.5   0.726686
 6095.0   0.724074
 6097.5   0.721067
 6100.0   0.718250
 6102.5   0.716272
 6105.0   0.715617
 6107.5   0.716253
 6110.0   0.716259
 6112.5   0.714248
 6115.0   0.712857
 6117.5   0.714434
 6120.0   0.716132
 6122.5   0.715044
 6125.0   0.713218
 6127.5   0.712974
 6130.0   0.712779
 6132.5   0.710844
 6135.0   0.708209
 6137.5   0.706251
 6140.0   0.704858
 6142.5   0.703685
 6145.0   0.702954
 6147.5   0.702777
 6150.0   0.702256
 6152.5   0.700636
 6155.0   0.698737
 6157.5   0.697461
 6160.0   0.696460
 6162.5   0.695351
 6165.0   0.694869
 6167.5   0.695484
 6170.0   0.695500
 6172.5   0.693354
 6175.0   0.690182
 6177.5   0.687591
 6180.0   0.686378
 6182.5   0.686772
 6185.0   0.687543
 6187.5   0.687570
 6190.0   0.687613
 6192.5   0.688418
 6195.0   0.688787
 6197.5   0.687586
 6200.0   0.685869
 6202.5   0.684821
 6205.0   0.683968
 6207.5   0.682629
 6210.0   0.680965
 6212.5   0.679377
 6215.0   0.678379
 6217.5   0.678109
 6220.0   0.677085
 6222.5   0.674242
 6225.0   0.671795
 6227.5   0.672047
 6230.0   0.674369
 6232.5   0.677282
 6235.0   0.678849
 6237.5   0.677692
 6240.0   0.675121
 6242.5   0.672936
 6245.0   0.672218
 6247.5   0.673223
 6250.0   0.673642
 6252.5   0.671358
 6255.0   0.667591
 6257.5   0.664224
 6260.0   0.662452
 6262.5   0.662654
 6265.0   0.662623
 6267.5   0.660087
 6270.0   0.655101
 6272.5   0.648404
 6275.0   0.641127
 6277.5   0.634696
 6280.0   0.631305
 6282.5   0.632531
 6285.0   0.636707
 6287.5   0.641340
 6290.0   0.643875
 6292.5   0.642856
 6295.0   0.641291
 6297.5   0.642080
 6300.0   0.643233
 6302.5   0.642471
 6305.0   0.641256
 6307.5   0.641319
 6310.0   0.641738
 6312.5   0.641224
 6315.0   0.639663
 6317.5   0.637577
 6320.0   0.636857
 6322.5   0.638820
 6325.0   0.641107
 6327.5   0.641175
 6330.0   0.639413
 6332.5   0.636827
 6335.0   0.633958
 6337.5   0.631024
 6340.0   0.627401
 6342.5   0.622864
 6345.0   0.619612
 6347.5   0.619720
 6350.0   0.622327
 6352.5   0.625636
 6355.0   0.627038
 6357.5   0.624929
 6360.0   0.622534
 6362.5   0.622850
 6365.0   0.623127
 6367.5   0.620563
 6370.0   0.617887
 6372.5   0.617901
 6375.0   0.618173
 6377.5   0.616164
 6380.0   0.614131
 6382.5   0.614563
 6385.0   0.616066
 6387.5   0.616855
 6390.0   0.617469
 6392.5   0.618366
 6395.0   0.617374
 6397.5   0.613043
 6400.0   0.609454
 6402.5   0.610460
 6405.0   0.613481
 6407.5   0.615187
 6410.0   0.615681
 6412.5   0.615651
 6415.0   0.614688
 6417.5   0.612555
 6420.0   0.610809
 6422.5   0.610799
 6425.0   0.611239
 6427.5   0.610648
 6430.0   0.609393
 6432.5   0.608210
 6435.0   0.607449
 6437.5   0.607111
 6440.0   0.606186
 6442.5   0.603889
 6445.0   0.601350
 6447.5   0.599847
 6450.0   0.599325
 6452.5   0.599383
 6455.0   0.599565
 6457.5   0.599381
 6460.0   0.598271
 6462.5   0.596015
 6465.0   0.593820
 6467.5   0.592821
 6470.0   0.592434
 6472.5   0.591766
 6475.0   0.590417
 6477.5   0.588381
 6480.0   0.586728
 6482.5   0.586258
 6485.0   0.585607
 6487.5   0.583511
 6490.0   0.581265
 6492.5   0.580458
 6495.0   0.581291
 6497.5   0.583459
 6500.0   0.586006
 6502.5   0.587881
 6505.0   0.588291
 6507.5   0.586936
 6510.0   0.585224
 6512.5   0.584559
 6515.0   0.584624
 6517.5   0.584642
 6520.0   0.583727
 6522.5   0.581475
 6525.0   0.579526
 6527.5   0.579074
 6530.0   0.577485
 6532.5   0.572575
 6535.0   0.567788
 6537.5   0.566257
 6540.0   0.564234
 6542.5   0.557539
 6545.0   0.547138
 6547.5   0.535105
 6550.0   0.522812
 6552.5   0.509946
 6555.0   0.490172
 6557.5   0.459622
 6560.0   0.430326
 6562.5   0.416134
 6565.0   0.422269
 6567.5   0.448418
 6570.0   0.480745
 6572.5   0.505182
 6575.0   0.520248
 6577.5   0.528117
 6580.0   0.533004
 6582.5   0.538696
 6585.0   0.545219
 6587.5   0.551418
 6590.0   0.555162
 6592.5   0.555189
 6595.0   0.554704
 6597.5   0.556747
 6600.0   0.559251
 6602.5   0.559706
 6605.0   0.558955
 6607.5   0.558242
 6610.0   0.557072
 6612.5   0.554930
 6615.0   0.552970
 6617.5   0.552421
 6620.0   0.553148
 6622.5   0.554517
 6625.0   0.555259
 6627.5   0.554333
 6630.0   0.552236
 6632.5   0.549767
 6635.0   0.547379
 6637.5   0.545488
 6640.0   0.544695
 6642.5   0.545355
 6645.0   0.546655
 6647.5   0.547585
 6650.0   0.547503
 6652.5   0.546140
 6655.0   0.544349
 6657.5   0.542886
 6660.0   0.541012
 6662.5   0.538259
 6665.0   0.536744
 6667.5   0.537418
 6670.0   0.533990
 6672.5   0.521786
 6675.0   0.509858
 6677.5   0.507639
 6680.0   0.512364
 6682.5   0.518871
 6685.0   0.524611
 6687.5   0.528051
 6690.0   0.529101
 6692.5   0.528367
 6695.0   0.527796
 6697.5   0.528883
 6700.0   0.529976
 6702.5   0.529395
 6705.0   0.528497
 6707.5   0.528652
 6710.0   0.528241
 6712.5   0.525607
 6715.0   0.521915
 6717.5   0.518658
 6720.0   0.515813
 6722.5   0.513375
 6725.0   0.512941
 6727.5   0.515506
 6730.0   0.518072
 6732.5   0.517838
 6735.0   0.516786
 6737.5   0.517191
 6740.0   0.517709
 6742.5   0.516742
 6745.0   0.515287
 6747.5   0.514565
 6750.0   0.514103
 6752.5   0.513258
 6755.0   0.512407
 6757.5   0.512083
 6760.0   0.512412
 6762.5   0.513193
 6765.0   0.513336
 6767.5   0.511948
 6770.0   0.509831
 6772.5   0.507987
 6775.0   0.506538
 6777.5   0.505464
 6780.0   0.505062
 6782.5   0.505462
 6785.0   0.505816
 6787.5   0.505368
 6790.0   0.504718
 6792.5   0.504347
 6795.0   0.502919
 6797.5   0.499609
 6800.0   0.497464
 6802.5   0.499094
 6805.0   0.501485
 6807.5   0.501386
 6810.0   0.500203
 6812.5   0.499764
 6815.0   0.498915
 6817.5   0.496452
 6820.0   0.493959
 6822.5   0.493242
 6825.0   0.494223
 6827.5   0.496036
 6830.0   0.496562
 6832.5   0.494389
 6835.0   0.492182
 6837.5   0.492528
 6840.0   0.493623
 6842.5   0.493292
 6845.0   0.492259
 6847.5   0.491647
 6850.0   0.491267
 6852.5   0.490711
 6855.0   0.489991
 6857.5   0.489150
 6860.0   0.487925
 6862.5   0.486235
 6865.0   0.485021
 6867.5   0.485073
 6870.0   0.485552
 6872.5   0.485496
 6875.0   0.485074
 6877.5   0.484607
 6880.0   0.483894
 6882.5   0.482779
 6885.0   0.481796
 6887.5   0.481413
 6890.0   0.481135
 6892.5   0.480454
 6895.0   0.479758
 6897.5   0.479484
 6900.0   0.479352
 6902.5   0.479003
 6905.0   0.478465
 6907.5   0.477857
 6910.0   0.477271
 6912.5   0.476755
 6915.0   0.476196
 6917.5   0.475490
 6920.0   0.474731
 6922.5   0.474051
 6925.0   0.473541
 6927.5   0.473241
 6930.0   0.473042
 6932.5   0.472807
 6935.0   0.472448
 6937.5   0.471926
 6940.0   0.471344
 6942.5   0.470829
 6945.0   0.470445
 6947.5   0.470203
 6950.0   0.469948
 6952.5   0.469537
 6955.0   0.469027
 6957.5   0.468499
 6960.0   0.467921
 6962.5   0.467255
 6965.0   0.466559
 6967.5   0.465943
 6970.0   0.465648
 6972.5   0.466046
 6975.0   0.467918
 6977.5   0.471252
 6980.0   0.472465
 6982.5   0.468709
 6985.0   0.463655
 6987.5   0.461399
 6990.0   0.461208
 6992.5   0.461278
 6995.0   0.460341
 6997.5   0.457813
 7000.0   0.455312
 7002.5   0.454347
 7005.0   0.453803
 7007.5   0.452611
 7010.0   0.452516
 7012.5   0.454944
 7015.0   0.457215
 7017.5   0.456796
 7020.0   0.455831
 7022.5   0.456786
 7025.0   0.458729
 7027.5   0.459935
 7030.0   0.458900
 7032.5   0.454932
 7035.0   0.450369
 7037.5   0.447692
 7040.0   0.446921
 7042.5   0.447426
 7045.0   0.448439
 7047.5   0.449300
 7050.0   0.449911
 7052.5   0.450072
 7055.0   0.448625
 7057.5   0.444816
 7060.0   0.440474
 7062.5   0.437848
 7065.0   0.438290
 7067.5   0.441999
 7070.0   0.445473
 7072.5   0.445433
 7075.0   0.443204
 7077.5   0.441031
 7080.0   0.440242
 7082.5   0.441543
 7085.0   0.444060
 7087.5   0.446359
 7090.0   0.446347
 7092.5   0.442611
 7095.0   0.437114
 7097.5   0.432851
 7100.0   0.433552
 7102.5   0.440644
 7105.0   0.445598
 7107.5   0.441003
 7110.0   0.433876
 7112.5   0.432303
 7115.0   0.434221
 7117.5   0.436028
 7120.0   0.438107
 7122.5   0.441227
 7125.0   0.443720
 7127.5   0.444064
 7130.0   0.443771
 7132.5   0.444515
 7135.0   0.445586
 7137.5   0.445810
 7140.0   0.444532
 7142.5   0.441580
 7145.0   0.438201
 7147.5   0.435799
 7150.0   0.435000
 7152.5   0.435921
 7155.0   0.437418
 7157.5   0.438029
 7160.0   0.436289
 7162.5   0.431544
 7165.0   0.426406
 7167.5   0.423493
 7170.0   0.422197
 7172.5   0.421073
 7175.0   0.418547
 7177.5   0.413685
 7180.0   0.408243
 7182.5   0.404411
 7185.0   0.403428
 7187.5   0.405593
 7190.0   0.408400
 7192.5   0.409285
 7195.0   0.408262
 7197.5   0.406247
 7200.0   0.405184
 7202.5   0.406981
 7205.0   0.412386
 7207.5   0.420957
 7210.0   0.428664
 7212.5   0.431939
 7215.0   0.432666
 7217.5   0.433242
 7220.0   0.432668
 7222.5   0.429821
 7225.0   0.426470
 7227.5   0.424137
 7230.0   0.420452
 7232.5   0.413645
 7235.0   0.408242
 7237.5   0.408532
 7240.0   0.411563
 7242.5   0.413384
 7245.0   0.413287
 7247.5   0.411588
 7250.0   0.409456
 7252.5   0.408458
 7255.0   0.410904
 7257.5   0.417372
 7260.0   0.420781
 7262.5   0.415346
 7265.0   0.408146
 7267.5   0.406553
 7270.0   0.406263
 7272.5   0.402314
 7275.0   0.398778
 7277.5   0.400223
 7280.0   0.404155
 7282.5   0.406724
 7285.0   0.405719
 7287.5   0.400871
 7290.0   0.398056
 7292.5   0.401977
 7295.0   0.406509
 7297.5   0.405187
 7300.0   0.401019
 7302.5   0.398307
 7305.0   0.397070
 7307.5   0.396474
 7310.0   0.396559
 7312.5   0.397491
 7315.0   0.399072
 7317.5   0.401054
 7320.0   0.403348
 7322.5   0.405724
 7325.0   0.407229
 7327.5   0.406587
 7330.0   0.401945
 7332.5   0.393269
 7335.0   0.388393
 7337.5   0.393462
 7340.0   0.400011
 7342.5   0.399237
 7345.0   0.395586
 7347.5   0.395029
 7350.0   0.396394
 7352.5   0.397249
 7355.0   0.397259
 7357.5   0.396557
 7360.0   0.395057
 7362.5   0.392803
 7365.0   0.390581
 7367.5   0.389156
 7370.0   0.388475
 7372.5   0.388231
 7375.0   0.387922
 7377.5   0.387185
 7380.0   0.386397
 7382.5   0.385964
 7385.0   0.385670
 7387.5   0.385308
 7390.0   0.385315
 7392.5   0.385981
 7395.0   0.386346
 7397.5   0.385478
 7400.0   0.383797
 7402.5   0.381885
 7405.0   0.379608
 7407.5   0.376931
 7410.0   0.374922
 7412.5   0.374589
 7415.0   0.375602
 7417.5   0.377356
 7420.0   0.379501
 7422.5   0.381599
 7425.0   0.382620
 7427.5   0.381949
 7430.0   0.381241
 7432.5   0.381958
 7435.0   0.382529
 7437.5   0.381520
 7440.0   0.381067
 7442.5   0.383018
 7445.0   0.384492
 7447.5   0.382623
 7450.0   0.379338
 7452.5   0.377218
 7455.0   0.376654
 7457.5   0.377260
 7460.0   0.377731
 7462.5   0.376986
 7465.0   0.375770
 7467.5   0.374990
 7470.0   0.374384
 7472.5   0.373551
 7475.0   0.372718
 7477.5   0.372093
 7480.0   0.371187
 7482.5   0.369933
 7485.0   0.370657
 7487.5   0.374708
 7490.0   0.377147
 7492.5   0.373610
 7495.0   0.368320
 7497.5   0.366217
 7500.0   0.366531
 7502.5   0.367311
 7505.0   0.367597
 7507.5   0.366972
 7510.0   0.366207
 7512.5   0.366020
 7515.0   0.365727
 7517.5   0.364568
 7520.0   0.362884
 7522.5   0.361352
 7525.0   0.360904
 7527.5   0.361948
 7530.0   0.362551
 7532.5   0.361178
 7535.0   0.360243
 7537.5   0.361909
 7540.0   0.363402
 7542.5   0.362020
 7545.0   0.360293
 7547.5   0.360945
 7550.0   0.362257
 7552.5   0.362102
 7555.0   0.361165
 7557.5   0.360539
 7560.0   0.360125
 7562.5   0.359612
 7565.0   0.359022
 7567.5   0.358440
 7570.0   0.357881
 7572.5   0.357337
 7575.0   0.356777
 7577.5   0.356173
 7580.0   0.355515
 7582.5   0.354825
 7585.0   0.354225
 7587.5   0.353826
 7590.0   0.353587
 7592.5   0.353390
 7595.0   0.352964
 7597.5   0.352120
 7600.0   0.351137
 7602.5   0.350322
 7605.0   0.349622
 7607.5   0.348952
 7610.0   0.348457
 7612.5   0.348271
 7615.0   0.348262
 7617.5   0.348244
 7620.0   0.348093
 7622.5   0.347740
 7625.0   0.347264
 7627.5   0.346779
 7630.0   0.346389
 7632.5   0.346150
 7635.0   0.345923
 7637.5   0.345568
 7640.0   0.345131
 7642.5   0.344690
 7645.0   0.344272
 7647.5   0.343891
 7650.0   0.343546
 7652.5   0.343238
 7655.0   0.342970
 7657.5   0.342741
 7660.0   0.342512
 7662.5   0.342251
 7665.0   0.341976
 7667.5   0.341708
 7670.0   0.341416
 7672.5   0.341068
 7675.0   0.340661
 7677.5   0.340215
 7680.0   0.339796
 7682.5   0.339467
 7685.0   0.339232
 7687.5   0.339069
 7690.0   0.338912
 7692.5   0.338698
 7695.0   0.338417
 7697.5   0.338082
 7700.0   0.337756
 7702.5   0.337480
 7705.0   0.337153
 7707.5   0.336677
 7710.0   0.336088
 7712.5   0.335476
 7715.0   0.334998
 7717.5   0.334769
 7720.0   0.334677
 7722.5   0.334538
 7725.0   0.334099
 7727.5   0.333287
 7730.0   0.332825
 7732.5   0.333246
 7735.0   0.333519
 7737.5   0.332720
 7740.0   0.331926
 7742.5   0.331947
 7745.0   0.330531
 7747.5   0.326049
 7750.0   0.322426
 7752.5   0.323340
 7755.0   0.325910
 7757.5   0.326810
 7760.0   0.327478
 7762.5   0.329368
 7765.0   0.329231
 7767.5   0.324261
 7770.0   0.318135
 7772.5   0.315156
 7775.0   0.315646
 7777.5   0.318660
 7780.0   0.322182
 7782.5   0.324496
 7785.0   0.326168
 7787.5   0.327704
 7790.0   0.327078
 7792.5   0.322769
 7795.0   0.317788
 7797.5   0.315481
 7800.0   0.315986
 7802.5   0.318321
 7805.0   0.320234
 7807.5   0.319989
 7810.0   0.319190
 7812.5   0.319521
 7815.0   0.319642
 7817.5   0.318188
 7820.0   0.316705
 7822.5   0.316878
 7825.0   0.318036
 7827.5   0.318993
 7830.0   0.318873
 7832.5   0.317253
 7835.0   0.315212
 7837.5   0.313887
 7840.0   0.313137
 7842.5   0.312626
 7845.0   0.312505
 7847.5   0.312838
 7850.0   0.312840
 7852.5   0.311908
 7855.0   0.311005
 7857.5   0.311030
 7860.0   0.311076
 7862.5   0.310147
 7865.0   0.308713
 7867.5   0.307778
 7870.0   0.309013
 7872.5   0.313064
 7875.0   0.315816
 7877.5   0.313688
 7880.0   0.310002
 7882.5   0.308536
 7885.0   0.307973
 7887.5   0.306439
 7890.0   0.304912
 7892.5   0.304662
 7895.0   0.305287
 7897.5   0.305923
 7900.0   0.305530
 7902.5   0.303562
 7905.0   0.301617
 7907.5   0.301326
 7910.0   0.302317
 7912.5   0.303795
 7915.0   0.305267
 7917.5   0.306247
 7920.0   0.305969
 7922.5   0.304181
 7925.0   0.302969
 7927.5   0.304146
 7930.0   0.306104
 7932.5   0.306870
 7935.0   0.306430
 7937.5   0.305354
 7940.0   0.304581
 7942.5   0.304708
 7945.0   0.304598
 7947.5   0.302982
 7950.0   0.299811
 7952.5   0.295914
 7955.0   0.294422
 7957.5   0.297520
 7960.0   0.301323
 7962.5   0.301895
 7965.0   0.301173
 7967.5   0.301649
 7970.0   0.302154
 7972.5   0.301194
 7975.0   0.299642
 7977.5   0.298721
 7980.0   0.298672
 7982.5   0.299313
 7985.0   0.299736
 7987.5   0.299248
 7990.0   0.298736
 7992.5   0.299070
 7995.0   0.299472
 7997.5   0.299161
 8000.0   0.298986
 8002.5   0.299620
 8005.0   0.299383
 8007.5   0.296935
 8010.0   0.294634
 8012.5   0.294748
 8015.0   0.295492
 8017.5   0.294897
 8020.0   0.294320
 8022.5   0.295010
 8025.0   0.294462
 8027.5   0.290622
 8030.0   0.286990
 8032.5   0.287279
 8035.0   0.290492
 8037.5   0.294417
 8040.0   0.296701
 8042.5   0.295903
 8045.0   0.294373
 8047.5   0.294520
 8050.0   0.295187
 8052.5   0.294973
 8055.0   0.295057
 8057.5   0.296609
 8060.0   0.298185
 8062.5   0.298121
 8065.0   0.296480
 8067.5   0.294001
 8070.0   0.292406
 8072.5   0.292826
 8075.0   0.293034
 8077.5   0.291095
 8080.0   0.289584
 8082.5   0.290926
 8085.0   0.292420
 8087.5   0.291181
 8090.0   0.288709
 8092.5   0.287047
 8095.0   0.286013
 8097.5   0.285144
 8100.0   0.285073
 8102.5   0.286526
 8105.0   0.289499
 8107.5   0.293255
 8110.0   0.294851
 8112.5   0.292176
 8115.0   0.288656
 8117.5   0.287808
 8120.0   0.287970
 8122.5   0.286899
 8125.0   0.285189
 8127.5   0.283960
 8130.0   0.283588
 8132.5   0.283882
 8135.0   0.283130
 8137.5   0.280182
 8140.0   0.277654
 8142.5   0.277961
 8145.0   0.278952
 8147.5   0.278164
 8150.0   0.276451
 8152.5   0.275190
 8155.0   0.274542
 8157.5   0.274281
 8160.0   0.273845
 8162.5   0.272873
 8165.0   0.272154
 8167.5   0.272443
 8170.0   0.273223
 8172.5   0.273857
 8175.0   0.274495
 8177.5   0.275109
 8180.0   0.274168
 8182.5   0.270933
 8185.0   0.269319
 8187.5   0.272545
 8190.0   0.276379
 8192.5   0.276440
 8195.0   0.275212
 8197.5   0.275882
 8200.0   0.277587
 8202.5   0.278764
 8205.0   0.279110
 8207.5   0.278765
 8210.0   0.278383
 8212.5   0.278406
 8215.0   0.277908
 8217.5   0.275909
 8220.0   0.272570
 8222.5   0.268380
 8225.0   0.263999
 8227.5   0.260371
 8230.0   0.259412
 8232.5   0.262353
 8235.0   0.266717
 8237.5   0.269513
 8240.0   0.269413
 8242.5   0.266498
 8245.0   0.264813
 8247.5   0.267525
 8250.0   0.270320
 8252.5   0.268903
 8255.0   0.266529
 8257.5   0.267124
 8260.0   0.269761
 8262.5   0.272176
 8265.0   0.271618
 8267.5   0.266711
 8270.0   0.262068
 8272.5   0.261953
 8275.0   0.263244
 8277.5   0.262326
 8280.0   0.260981
 8282.5   0.261463
 8285.0   0.262498
 8287.5   0.262472
 8290.0   0.261924
 8292.5   0.261705
 8295.0   0.261752
 8297.5   0.261764
 8300.0   0.261415
 8302.5   0.260594
 8305.0   0.260080
 8307.5   0.260530
 8310.0   0.261227
 8312.5   0.261275
 8315.0   0.260451
 8317.5   0.259016
 8320.0   0.258509
 8322.5   0.259954
 8325.0   0.261030
 8327.5   0.259498
 8330.0   0.256798
 8332.5   0.255159
 8335.0   0.256304
 8337.5   0.260586
 8340.0   0.263387
 8342.5   0.260747
 8345.0   0.256296
 8347.5   0.254334
 8350.0   0.254252
 8352.5   0.254433
 8355.0   0.254138
 8357.5   0.253188
 8360.0   0.252770
 8362.5   0.253672
 8365.0   0.253723
 8367.5   0.251135
 8370.0   0.248612
 8372.5   0.248963
 8375.0   0.250917
 8377.5   0.252550
 8380.0   0.253412
 8382.5   0.253445
 8385.0   0.252673
 8387.5   0.251392
 8390.0   0.250899
 8392.5   0.252072
 8395.0   0.253120
 8397.5   0.252388
 8400.0   0.251436
 8402.5   0.251854
 8405.0   0.252141
 8407.5   0.250732
 8410.0   0.248915
 8412.5   0.247979
 8415.0   0.246376
 8417.5   0.243119
 8420.0   0.242296
 8422.5   0.247082
 8425.0   0.251916
 8427.5   0.251263
 8430.0   0.248416
 8432.5   0.247621
 8435.0   0.248091
 8437.5   0.248023
 8440.0   0.246568
 8442.5   0.243769
 8445.0   0.242292
 8447.5   0.244179
 8450.0   0.246351
 8452.5   0.245647
 8455.0   0.243698
 8457.5   0.242609
 8460.0   0.241597
 8462.5   0.239736
 8465.0   0.238432
 8467.5   0.238989
 8470.0   0.239992
 8472.5   0.239850
 8475.0   0.238998
 8477.5   0.238273
 8480.0   0.238084
 8482.5   0.238544
 8485.0   0.238993
 8487.5   0.238934
 8490.0   0.239286
 8492.5   0.240727
 8495.0   0.241561
 8497.5   0.240250
 8500.0   0.238264
 8502.5   0.237271
 8505.0   0.236713
 8507.5   0.235777
 8510.0   0.234847
 8512.5   0.234541
 8515.0   0.235215
 8517.5   0.236860
 8520.0   0.238283
 8522.5   0.238311
 8525.0   0.237043
 8527.5   0.235054
 8530.0   0.233542
 8532.5   0.233407
 8535.0   0.233722
 8537.5   0.233346
 8540.0   0.232103
 8542.5   0.230277
 8545.0   0.229031
 8547.5   0.229333
 8550.0   0.230483
 8552.5   0.231514
 8555.0   0.232064
 8557.5   0.232063
 8560.0   0.231998
 8562.5   0.232395
 8565.0   0.233379
 8567.5   0.234529
 8570.0   0.233651
 8572.5   0.229613
 8575.0   0.227294
 8577.5   0.230669
 8580.0   0.234074
 8582.5   0.231837
 8585.0   0.227886
 8587.5   0.226927
 8590.0   0.227188
 8592.5   0.226062
 8595.0   0.224087
 8597.5   0.222546
 8600.0   0.222559
 8602.5   0.224660
 8605.0   0.227208
 8607.5   0.228675
 8610.0   0.230154
 8612.5   0.232760
 8615.0   0.235070
 8617.5   0.235732
 8620.0   0.236227
 8622.5   0.237981
 8625.0   0.239369
 8627.5   0.238743
 8630.0   0.237422
 8632.5   0.236910
 8635.0   0.236475
 8637.5   0.235172
 8640.0   0.233424
 8642.5   0.231615
 8645.0   0.228594
 8647.5   0.223500
 8650.0   0.218159
 8652.5   0.214675
 8655.0   0.213583
 8657.5   0.214558
 8660.0   0.215413
 8662.5   0.214334
 8665.0   0.212849
 8667.5   0.212864
 8670.0   0.214448
 8672.5   0.217223
 8675.0   0.220863
 8677.5   0.225006
 8680.0   0.229091
 8682.5   0.232466
 8685.0   0.234328
 8687.5   0.234301
 8690.0   0.233876
 8692.5   0.234533
 8695.0   0.235826
 8697.5   0.237028
 8700.0   0.238199
 8702.5   0.239336
 8705.0   0.239406
 8707.5   0.237652
 8710.0   0.235466
 8712.5   0.234332
 8715.0   0.233963
 8717.5   0.233634
 8720.0   0.232643
 8722.5   0.230826
 8725.0   0.230157
 8727.5   0.231839
 8730.0   0.231850
 8732.5   0.226533
 8735.0   0.218923
 8737.5   0.212862
 8740.0   0.208724
 8742.5   0.205995
 8745.0   0.204079
 8747.5   0.202525
 8750.0   0.201552
 8752.5   0.201535
 8755.0   0.202802
 8757.5   0.205468
 8760.0   0.208858
 8762.5   0.212270
 8765.0   0.215692
 8767.5   0.219081
 8770.0   0.221574
 8772.5   0.222480
 8775.0   0.222623
 8777.5   0.223046
 8780.0   0.224170
 8782.5   0.226087
 8785.0   0.228201
 8787.5   0.229833
 8790.0   0.230648
 8792.5   0.230611
 8795.0   0.230543
 8797.5   0.231215
 8800.0   0.232341
 8802.5   0.233316
 8805.0   0.233330
 8807.5   0.231923
 8810.0   0.230254
 8812.5   0.229405
 8815.0   0.228548
 8817.5   0.226822
 8820.0   0.225158
 8822.5   0.224430
 8825.0   0.223480
 8827.5   0.221143
 8830.0   0.218246
 8832.5   0.215899
 8835.0   0.214359
 8837.5   0.213393
 8840.0   0.211660
 8842.5   0.208192
 8845.0   0.204615
 8847.5   0.202482
 8850.0   0.200441
 8852.5   0.196949
 8855.0   0.192587
 8857.5   0.188492
 8860.0   0.185902
 8862.5   0.185722
 8865.0   0.187420
 8867.5   0.190291
 8870.0   0.194366
 8872.5   0.199425
 8875.0   0.203492
 8877.5   0.205146
 8880.0   0.206923
 8882.5   0.211186
 8885.0   0.215641
 8887.5   0.217712
 8890.0   0.218344
 8892.5   0.218987
 8895.0   0.219594
 8897.5   0.219957
 8900.0   0.220720
 8902.5   0.222369
 8905.0   0.223903
 8907.5   0.224316
 8910.0   0.224064
 8912.5   0.223672
 8915.0   0.222493
 8917.5   0.220212
 8920.0   0.219018
 8922.5   0.220566
 8925.0   0.221864
 8927.5   0.220075
 8930.0   0.217642
 8932.5   0.217225
 8935.0   0.217083
 8937.5   0.215403
 8940.0   0.214477
 8942.5   0.216169
 8945.0   0.216522
 8947.5   0.212036
 8950.0   0.206848
 8952.5   0.205572
 8955.0   0.207084
 8957.5   0.209470
 8960.0   0.213376
 8962.5   0.218731
 8965.0   0.220024
 8967.5   0.213228
 8970.0   0.205696
 8972.5   0.204849
 8975.0   0.207010
 8977.5   0.206924
 8980.0   0.204112
 8982.5   0.199273
 8985.0   0.193037
 8987.5   0.186279
 8990.0   0.180924
 8992.5   0.178529
 8995.0   0.178147
 8997.5   0.178253
 9000.0   0.177536
 9002.5   0.175365
 9005.0   0.173631
 9007.5   0.173937
 9010.0   0.174200
 9012.5   0.172735
 9015.0   0.173121
 9017.5   0.178158
 9020.0   0.182274
 9022.5   0.180905
 9025.0   0.181900
 9027.5   0.192483
 9030.0   0.204978
 9032.5   0.210683
 9035.0   0.211696
 9037.5   0.211829
 9040.0   0.210951
 9042.5   0.208914
 9045.0   0.209446
 9047.5   0.215050
 9050.0   0.219440
 9052.5   0.216757
 9055.0   0.211626
 9057.5   0.209447
 9060.0   0.208242
 9062.5   0.205269
 9065.0   0.202108
 9067.5   0.200732
 9070.0   0.200375
 9072.5   0.199801
 9075.0   0.198644
 9077.5   0.196897
 9080.0   0.195135
 9082.5   0.193995
 9085.0   0.193780
 9087.5   0.194483
 9090.0   0.195177
 9092.5   0.195092
 9095.0   0.194990
 9097.5   0.195683
 9100.0   0.196636
 9102.5   0.197203
 9105.0   0.197645
 9107.5   0.198300
 9110.0   0.198899
 9112.5   0.199448
 9115.0   0.201653
 9117.5   0.205992
 9120.0   0.206314
 9122.5   0.198056
 9125.0   0.189625
 9127.5   0.189348
 9130.0   0.192266
 9132.5   0.192131
 9135.0   0.190817
 9137.5   0.191298
 9140.0   0.192814
 9142.5   0.193717
 9145.0   0.192545
 9147.5   0.188822
 9150.0   0.185835
 9152.5   0.186473
 9155.0   0.188283
 9157.5   0.188608
 9160.0   0.189326
 9162.5   0.192209
 9165.0   0.194063
 9167.5   0.192016
 9170.0   0.189431
 9172.5   0.189836
 9175.0   0.191170
 9177.5   0.190990
 9180.0   0.190922
 9182.5   0.192939
 9185.0   0.196329
 9187.5   0.199238
 9190.0   0.197935
 9192.5   0.190695
 9195.0   0.185684
 9197.5   0.190011
 9200.0   0.196663
 9202.5   0.197366
 9205.0   0.192927
 9207.5   0.186338
 9210.0   0.180242
 9212.5   0.176487
 9215.0   0.174094
 9217.5   0.171641
 9220.0   0.168751
 9222.5   0.165433
 9225.0   0.162184
 9227.5   0.159845
 9230.0   0.160145
 9232.5   0.164119
 9235.0   0.169150
 9237.5   0.172580
 9240.0   0.175241
 9242.5   0.178275
 9245.0   0.180573
 9247.5   0.181149
 9250.0   0.181754
 9252.5   0.184173
 9255.0   0.187595
 9257.5   0.190633
 9260.0   0.192192
 9262.5   0.191762
 9265.0   0.190870
 9267.5   0.190774
 9270.0   0.189622
 9272.5   0.186338
 9275.0   0.186065
 9277.5   0.192594
 9280.0   0.198085
 9282.5   0.195544
 9285.0   0.192997
 9287.5   0.198474
 9290.0   0.204988
 9292.5   0.204078
 9295.0   0.196395
 9297.5   0.185954
 9300.0   0.181119
 9302.5   0.187648
 9305.0   0.196537
 9307.5   0.197369
 9310.0   0.188839
 9312.5   0.173595
 9315.0   0.160993
 9317.5   0.158880
 9320.0   0.162347
 9322.5   0.165219
 9325.0   0.168994
 9327.5   0.174877
 9330.0   0.175214
 9332.5   0.164473
 9335.0   0.154459
 9337.5   0.156803
 9340.0   0.165107
 9342.5   0.170746
 9345.0   0.174203
 9347.5   0.177662
 9350.0   0.180985
 9352.5   0.182687
 9355.0   0.178214
 9357.5   0.165810
 9360.0   0.157984
 9362.5   0.164587
 9365.0   0.170567
 9367.5   0.161458
 9370.0   0.150031
 9372.5   0.151334
 9375.0   0.162281
 9377.5   0.175260
 9380.0   0.182677
 9382.5   0.180282
 9385.0   0.177188
 9387.5   0.182483
 9390.0   0.191807
 9392.5   0.198986
 9395.0   0.204035
 9397.5   0.207584
 9400.0   0.206532
 9402.5   0.198936
 9405.0   0.191212
 9407.5   0.189767
 9410.0   0.192607
 9412.5   0.195570
 9415.0   0.194238
 9417.5   0.185477
 9420.0   0.171565
 9422.5   0.157907
 9425.0   0.157012
 9427.5   0.176190
 9430.0   0.194853
 9432.5   0.192259
 9435.0   0.174933
 9437.5   0.155765
 9440.0   0.145829
 9442.5   0.151818
 9445.0   0.164712
 9447.5   0.173686
 9450.0   0.176415
 9452.5   0.172677
 9455.0   0.162173
 9457.5   0.147297
 9460.0   0.141305
 9462.5   0.154180
 9465.0   0.171968
 9467.5   0.179178
 9470.0   0.178113
 9472.5   0.174503
 9475.0   0.169985
 9477.5   0.166193
 9480.0   0.168842
 9482.5   0.180506
 9485.0   0.187101
 9487.5   0.176743
 9490.0   0.163003
 9492.5   0.160610
 9495.0   0.163462
 9497.5   0.163480
 9500.0   0.165511
 9502.5   0.173319
 9505.0   0.173421
 9507.5   0.155760
 9510.0   0.141231
 9512.5   0.149596
 9515.0   0.165140
 9517.5   0.168972
 9520.0   0.164984
 9522.5   0.160832
 9525.0   0.156451
 9527.5   0.151036
 9530.0   0.148526
 9532.5   0.152253
 9535.0   0.158358
 9537.5   0.161377
 9540.0   0.156609
 9542.5   0.142936
 9545.0   0.132810
 9547.5   0.137141
 9550.0   0.147094
 9552.5   0.151832
 9555.0   0.152249
 9557.5   0.151713
 9560.0   0.151758
 9562.5   0.153317
 9565.0   0.156744
 9567.5   0.161870
 9570.0   0.167006
 9572.5   0.170020
 9575.0   0.168516
 9577.5   0.162082
 9580.0   0.158505
 9582.5   0.164445
 9585.0   0.173849
 9587.5   0.178367
 9590.0   0.173162
 9592.5   0.158205
 9595.0   0.149169
 9597.5   0.158487
 9600.0   0.169920
 9602.5   0.166972
 9605.0   0.160782
 9607.5   0.163807
 9610.0   0.166145
 9612.5   0.157591
 9615.0   0.149100
 9617.5   0.152192
 9620.0   0.159499
 9622.5   0.161588
 9625.0   0.159671
 9627.5   0.157366
 9630.0   0.157275
 9632.5   0.160280
 9635.0   0.161394
 9637.5   0.156945
 9640.0   0.154380
 9642.5   0.160204
 9645.0   0.166048
 9647.5   0.163301
 9650.0   0.157276
 9652.5   0.155016
 9655.0   0.156564
 9657.5   0.159547
 9660.0   0.158929
 9662.5   0.151947
 9665.0   0.147593
 9667.5   0.154062
 9670.0   0.164602
 9672.5   0.170673
 9675.0   0.171518
 9677.5   0.168512
 9680.0   0.163786
 9682.5   0.159435
 9685.0   0.156661
 9687.5   0.156555
 9690.0   0.160655
 9692.5   0.168666
 9695.0   0.172508
 9697.5   0.165846
 9700.0   0.157111
 9702.5   0.155353
 9705.0   0.157334
 9707.5   0.158072
 9710.0   0.157888
 9712.5   0.158074
 9715.0   0.158499
 9717.5   0.158774
 9720.0   0.158889
 9722.5   0.158915
 9725.0   0.158855
 9727.5   0.158702
 9730.0   0.158477
 9732.5   0.158206
 9735.0   0.157909
 9737.5   0.157602
 9740.0   0.157304
 9742.5   0.157032
 9745.0   0.156790
 9747.5   0.156580
 9750.0   0.156401
 9752.5   0.156255
 9755.0   0.156143
 9757.5   0.156067
 9760.0   0.156027
 9762.5   0.156023
 9765.0   0.156052
 9767.5   0.156110
 9770.0   0.156194
 9772.5   0.156298
 9775.0   0.156419
 9777.5   0.156553
 9780.0   0.156695
 9782.5   0.156839
 9785.0   0.156970
 9787.5   0.157073
 9790.0   0.157131
 9792.5   0.157127
 9795.0   0.157044
 9797.5   0.156867
 9800.0   0.156579
 9802.5   0.156171
 9805.0   0.155666
 9807.5   0.155092
 9810.0   0.154481
 9812.5   0.153862
 9815.0   0.153265
 9817.5   0.152720
 9820.0   0.152257
 9822.5   0.151898
 9825.0   0.151634
 9827.5   0.151448
 9830.0   0.151322
 9832.5   0.151241
 9835.0   0.151186
 9837.5   0.151141
 9840.0   0.151089
 9842.5   0.151018
 9845.0   0.150930
 9847.5   0.150834
 9850.0   0.150738
 9852.5   0.150650
 9855.0   0.150579
 9857.5   0.150532
 9860.0   0.150516
 9862.5   0.150536
 9865.0   0.150578
 9867.5   0.150623
 9870.0   0.150652
 9872.5   0.150647
 9875.0   0.150589
 9877.5   0.150460
 9880.0   0.150241
 9882.5   0.149920
 9885.0   0.149516
 9887.5   0.149054
 9890.0   0.148559
 9892.5   0.148057
 9895.0   0.147574
 9897.5   0.147134
 9900.0   0.146762
 9902.5   0.146478
 9905.0   0.146280
 9907.5   0.146158
 9910.0   0.146104
 9912.5   0.146107
 9915.0   0.146159
 9917.5   0.146251
 9920.0   0.146374
 9922.5   0.146518
 9925.0   0.146670
 9927.5   0.146816
 9930.0   0.146944
 9932.5   0.147039
 9935.0   0.147088
 9937.5   0.147077
 9940.0   0.146992
 9942.5   0.146825
 9945.0   0.146591
 9947.5   0.146308
 9950.0   0.145996
 9952.5   0.145674
 9955.0   0.145361
 9957.5   0.145077
 9960.0   0.144841
 9962.5   0.144667
 9965.0   0.144549
 9967.5   0.144476
 9970.0   0.144436
 9972.5   0.144418
 9975.0   0.144410
 9977.5   0.144402
 9980.0   0.144382
 9982.5   0.144340
 9985.0   0.144276
 9987.5   0.144190
 9990.0   0.144083
 9992.5   0.143956
 9995.0   0.143810
 9997.5   0.143646
10000.0   0.143464
10002.5   0.143258
10005.0   0.142991
10007.5   0.142618
10010.0   0.142096
10012.5   0.141380
10015.0   0.140425
10017.5   0.139187
10020.0   0.137622
10022.5   0.135712
10025.0   0.133549
10027.5   0.131249
10030.0   0.128930
10032.5   0.126710
10035.0   0.124707
10037.5   0.123038
10040.0   0.121821
10042.5   0.121144
10045.0   0.120979
10047.5   0.121268
10050.0   0.121955
10052.5   0.122981
10055.0   0.124289
10057.5   0.125822
10060.0   0.127521
10062.5   0.129328
10065.0   0.131174
10067.5   0.132990
10070.0   0.134705
10072.5   0.136250
10075.0   0.137556
10077.5   0.138551
10080.0   0.139167
10082.5   0.139358
10085.0   0.139182
10087.5   0.138721
10090.0   0.138057
10092.5   0.137273
10095.0   0.136452
10097.5   0.135675
10100.0   0.135025
10102.5   0.134565
10105.0   0.134278
10107.5   0.134126
10110.0   0.134072
10112.5   0.134079
10115.0   0.134111
10117.5   0.134130
10120.0   0.134099
10122.5   0.133990
10125.0   0.133811
10127.5   0.133579
10130.0   0.133312
10132.5   0.133026
10135.0   0.132739
10137.5   0.132467
10140.0   0.132229
10142.5   0.132036
10145.0   0.131878
10147.5   0.131740
10150.0   0.131608
10152.5   0.131467
10155.0   0.131302
10157.5   0.131098
10160.0   0.130841
10162.5   0.130524
10165.0   0.130171
10167.5   0.129815
10170.0   0.129489
10172.5   0.129224
10175.0   0.129054
10177.5   0.129011
10180.0   0.129129
10182.5   0.129423
10185.0   0.129850
10187.5   0.130348
10190.0   0.130857
10192.5   0.131316
10195.0   0.131665
10197.5   0.131843
10200.0   0.131790
10202.5   0.131469
10205.0   0.130939
10207.5   0.130283
10210.0   0.129582
10212.5   0.128920
10215.0   0.128378
10217.5   0.128040
10220.0   0.127988
10222.5   0.128277
10225.0   0.128849
10227.5   0.129618
10230.0   0.130498
10232.5   0.131404
10235.0   0.132251
10237.5   0.132953
10240.0   0.133423
10242.5   0.133598
10245.0   0.133502
10247.5   0.133182
10250.0   0.132685
10252.5   0.132055
10255.0   0.131340
10257.5   0.130586
10260.0   0.129838
10262.5   0.129136
10265.0   0.128489
10267.5   0.127899
10270.0   0.127367
10272.5   0.126894
10275.0   0.126483
10277.5   0.126135
10280.0   0.125852
10282.5   0.125633
10285.0   0.125466
10287.5   0.125338
10290.0   0.125236
10292.5   0.125147
10295.0   0.125054
10297.5   0.124941
10300.0   0.124808
10302.5   0.124662
10305.0   0.124510
10307.5   0.124361
10310.0   0.124223
10312.5   0.124104
10315.0   0.124014
10317.5   0.123964
10320.0   0.123965
10322.5   0.124022
10325.0   0.124120
10327.5   0.124239
10330.0   0.124360
10332.5   0.124462
10335.0   0.124526
10337.5   0.124533
10340.0   0.124462
10342.5   0.124300
10345.0   0.124061
10347.5   0.123765
10350.0   0.123433
10352.5   0.123084
10355.0   0.122738
10357.5   0.122416
10360.0   0.122138
10362.5   0.121919
10365.0   0.121757
10367.5   0.121645
10370.0   0.121576
10372.5   0.121544
10375.0   0.121541
10377.5   0.121561
10380.0   0.121596
10382.5   0.121639
10385.0   0.121681
10387.5   0.121710
10390.0   0.121716
10392.5   0.121689
10395.0   0.121618
10397.5   0.121493
10400.0   0.121302
10402.5   0.121041
10405.0   0.120726
10407.5   0.120378
10410.0   0.120020
10412.5   0.119673
10415.0   0.119358
10417.5   0.119097
10420.0   0.118912
10422.5   0.118817
10425.0   0.118800
10427.5   0.118840
10430.0   0.118916
10432.5   0.119010
10435.0   0.119100
10437.5   0.119167
10440.0   0.119191
10442.5   0.119157
10445.0   0.119074
10447.5   0.118957
10450.0   0.118819
10452.5   0.118676
10455.0   0.118541
10457.5   0.118429
10460.0   0.118355
10462.5   0.118328
10465.0   0.118339
10467.5   0.118372
10470.0   0.118412
10472.5   0.118444
10475.0   0.118452
10477.5   0.118422
10480.0   0.118340
10482.5   0.118195
10485.0   0.118000
10487.5   0.117771
10490.0   0.117526
10492.5   0.117282
10495.0   0.117057
10497.5   0.116867
10500.0   0.116731
10502.5   0.116659
10505.0   0.116635
10507.5   0.116637
10510.0   0.116643
10512.5   0.116631
10515.0   0.116578
10517.5   0.116462
10520.0   0.116261
10522.5   0.115962
10525.0   0.115588
10527.5   0.115171
10530.0   0.114741
10532.5   0.114331
10535.0   0.113972
10537.5   0.113696
10540.0   0.113535
10542.5   0.113510
10545.0   0.113598
10547.5   0.113767
10550.0   0.113985
10552.5   0.114217
10555.0   0.114432
10557.5   0.114596
10560.0   0.114676
10562.5   0.114649
10565.0   0.114528
10567.5   0.114336
10570.0   0.114094
10572.5   0.113826
10575.0   0.113553
10577.5   0.113299
10580.0   0.113085
10582.5   0.112928
10585.0   0.112825
10587.5   0.112767
10590.0   0.112744
10592.5   0.112747
10595.0   0.112767
10597.5   0.112795
10600.0   0.112820
10602.5   0.112836
10605.0   0.112844
10607.5   0.112846
10610.0   0.112836
10612.5   0.112813
10615.0   0.112806
10617.5   0.112824
10620.0   0.112764
10622.5   0.112548
10625.0   0.112310
10627.5   0.112186
10630.0   0.112122
10632.5   0.112036
10635.0   0.111934
10637.5   0.111838
10640.0   0.111746
10642.5   0.111653
10645.0   0.111559
10647.5   0.111465
10650.0   0.111371
10652.5   0.111277
10655.0   0.111183
10657.5   0.111089
10660.0   0.110996
10662.5   0.110903
10665.0   0.110809
10667.5   0.110715
10670.0   0.110621
10672.5   0.110527
10675.0   0.110434
10677.5   0.110341
10680.0   0.110248
10682.5   0.110155
10685.0   0.110061
10687.5   0.109967
10690.0   0.109874
10692.5   0.109781
10695.0   0.109688
10697.5   0.109595
10700.0   0.109501
10702.5   0.109408
10705.0   0.109315
10707.5   0.109222
10710.0   0.109129
10712.5   0.109036
10715.0   0.108943
10717.5   0.108850
10720.0   0.108757
10722.5   0.108664
10725.0   0.108571
10727.5   0.108478
10730.0   0.108385
10732.5   0.108293
10735.0   0.108200
10737.5   0.108107
10740.0   0.108014
10742.5   0.107921
10745.0   0.107829
10747.5   0.107737
10750.0   0.107644
10752.5   0.107552
10755.0   0.107459
10757.5   0.107366
10760.0   0.107274
10762.5   0.107182
10765.0   0.107090
10767.5   0.106998
10770.0   0.106905
10772.5   0.106812
10775.0   0.106720
10777.5   0.106628
10780.0   0.106536
10782.5   0.106444
10785.0   0.106352
10787.5   0.106260
10790.0   0.106168
10792.5   0.106076
10795.0   0.105984
10797.5   0.105892
10800.0   0.105800
10802.5   0.105709
10805.0   0.105617
10807.5   0.105525
10810.0   0.105433
10812.5   0.105341
10815.0   0.105250
10817.5   0.105159
10820.0   0.105067
10822.5   0.104975
10825.0   0.104883
10827.5   0.104792
10830.0   0.104701
10832.5   0.104610
10835.0   0.104518
10837.5   0.104426
10840.0   0.104335
10842.5   0.104244
10845.0   0.104153
10847.5   0.104062
10850.0   0.103970
10852.5   0.103879
10855.0   0.103788
10857.5   0.103697
10860.0   0.103606
10862.5   0.103515
10865.0   0.103424
10867.5   0.103333
10870.0   0.103242
10872.5   0.103151
10875.0   0.103060
10877.5   0.102969
10880.0   0.102879
10882.5   0.102789
10885.0   0.102698
10887.5   0.102607
10890.0   0.102516
10892.5   0.102425
10895.0   0.102335
10897.5   0.102244
10900.0   0.102154
10902.5   0.102064
10905.0   0.101974
10907.5   0.101883
10910.0   0.101793
10912.5   0.101703
10915.0   0.101613
10917.5   0.101523
10920.0   0.101432
10922.5   0.101342
10925.0   0.101252
10927.5   0.101162
10930.0   0.101072
10932.5   0.100982
10935.0   0.100892
10937.5   0.100802
10940.0   0.100712
10942.5   0.100623
10945.0   0.100533
10947.5   0.100443
10950.0   0.100353
10952.5   0.100263
10955.0   0.100174
10957.5   0.100085
10960.0   0.099995
10962.5   0.099905
10965.0   0.099816
10967.5   0.099727
10970.0   0.099637
10972.5   0.099547
10975.0   0.099458
10977.5   0.099369
10980.0   0.099280
10982.5   0.099191
10985.0   0.099102
10987.5   0.099012
10990.0   0.098923
10992.5   0.098834
10995.0   0.098745
10997.5   0.098656
11000.0   0.098567
11002.5   0.098479
11005.0   0.098390
11007.5   0.098301
11010.0   0.098212
11012.5   0.098123
11015.0   0.098035
11017.5   0.097946
11020.0   0.097857
11022.5   0.097768
11025.0   0.097680
11027.5   0.097591
11030.0   0.097503
11032.5   0.097415
11035.0   0.097327
11037.5   0.097238
11040.0   0.097150
11042.5   0.097062
11045.0   0.096974
11047.5   0.096886
11050.0   0.096797
11052.5   0.096709
11055.0   0.096621
11057.5   0.096533
11060.0   0.096445
11062.5   0.096357
11065.0   0.096269
11067.5   0.096182
11070.0   0.096094
11072.5   0.096006
11075.0   0.095918
11077.5   0.095830
11080.0   0.095743
11082.5   0.095656
11085.0   0.095568
11087.5   0.095480
11090.0   0.095393
11092.5   0.095306
11095.0   0.095218
11097.5   0.095130
11100.0   0.095043
11102.5   0.094956
11105.0   0.094869
11107.5   0.094782
11110.0   0.094695
11112.5   0.094608
11115.0   0.094520
11117.5   0.094433
11120.0   0.094346
11122.5   0.094260
11125.0   0.094173
11127.5   0.094086
11130.0   0.093999
11132.5   0.093912
11135.0   0.093826
11137.5   0.093739
11140.0   0.093652
11142.5   0.093565
11145.0   0.093479
11147.5   0.093393
11150.0   0.093306
11152.5   0.093219
11155.0   0.093133
11157.5   0.093047
11160.0   0.092961
11162.5   0.092875
11165.0   0.092788
11167.5   0.092702
11170.0   0.092616
11172.5   0.092530
11175.0   0.092444
11177.5   0.092358
11180.0   0.092272
11182.5   0.092186
11185.0   0.092100
11187.5   0.092015
11190.0   0.091929
11192.5   0.091843
11195.0   0.091757
11197.5   0.091671
11200.0   0.091586
11202.5   0.091501
11205.0   0.091415
11207.5   0.091329
11210.0   0.091244
11212.5   0.091159
11215.0   0.091074
11217.5   0.090989
11220.0   0.090903
11222.5   0.090818
11225.0   0.090733
11227.5   0.090648
11230.0   0.090563
11232.5   0.090478
11235.0   0.090393
11237.5   0.090308
11240.0   0.090223
11242.5   0.090138
11245.0   0.090053
11247.5   0.089968
11250.0   0.089884
11252.5   0.089800
11255.0   0.089715
11257.5   0.089630
11260.0   0.089546
11262.5   0.089462
11265.0   0.089377
11267.5   0.089292
11270.0   0.089208
11272.5   0.089124
11275.0   0.089040
11277.5   0.088956
11280.0   0.088871
11282.5   0.088787
11285.0   0.088703
11287.5   0.088619
11290.0   0.088535
11292.5   0.088451
11295.0   0.088367
11297.5   0.088284
11300.0   0.088200
11302.5   0.088116
11305.0   0.088032
11307.5   0.087948
11310.0   0.087865
11312.5   0.087782
11315.0   0.087698
11317.5   0.087614
11320.0   0.087531
11322.5   0.087448
11325.0   0.087365
11327.5   0.087282
11330.0   0.087198
11332.5   0.087115
11335.0   0.087032
11337.5   0.086949
11340.0   0.086866
11342.5   0.086783
11345.0   0.086700
11347.5   0.086618
11350.0   0.086535
11352.5   0.086452
11355.0   0.086369
11357.5   0.086286
11360.0   0.086204
11362.5   0.086122
11365.0   0.086039
11367.5   0.085956
11370.0   0.085874
11372.5   0.085792
11375.0   0.085709
11377.5   0.085626
11380.0   0.085544
11382.5   0.085462
11385.0   0.085380
11387.5   0.085298
11390.0   0.085216
11392.5   0.085134
11395.0   0.085052
11397.5   0.084970
11400.0   0.084888
11402.5   0.084807
11405.0   0.084725
11407.5   0.084643
11410.0   0.084561
11412.5   0.084479
11415.0   0.084398
11417.5   0.084316
11420.0   0.084235
11422.5   0.084154
11425.0   0.084073
11427.5   0.083992
11430.0   0.083910
11432.5   0.083829
11435.0   0.083748
11437.5   0.083667
11440.0   0.083586
11442.5   0.083505
11445.0   0.083424
11447.5   0.083343
11450.0   0.083262
11452.5   0.083181
11455.0   0.083100
11457.5   0.083019
11460.0   0.082939
11462.5   0.082859
11465.0   0.082778
11467.5   0.082698
11470.0   0.082617
11472.5   0.082536
11475.0   0.082456
11477.5   0.082376
11480.0   0.082296
11482.5   0.082216
11485.0   0.082135
11487.5   0.082055
11490.0   0.081975
11492.5   0.081895
11495.0   0.081815
11497.5   0.081736
11500.0   0.081656
11502.5   0.081576
11505.0   0.081496
11507.5   0.081416
11510.0   0.081337
11512.5   0.081258
11515.0   0.081178
11517.5   0.081099
11520.0   0.081019
11522.5   0.080939
11525.0   0.080860
11527.5   0.080781
11530.0   0.080702
11532.5   0.080623
11535.0   0.080543
11537.5   0.080464
11540.0   0.080385
11542.5   0.080307
11545.0   0.080228
11547.5   0.080149
11550.0   0.080070
11552.5   0.079991
11555.0   0.079913
11557.5   0.079834
11560.0   0.079755
11562.5   0.079676
11565.0   0.079598
11567.5   0.079520
11570.0   0.079442
11572.5   0.079364
11575.0   0.079285
11577.5   0.079207
11580.0   0.079129
11582.5   0.079051
11585.0   0.078973
11587.5   0.078895
11590.0   0.078817
11592.5   0.078739
11595.0   0.078661
11597.5   0.078584
11600.0   0.078506
11602.5   0.078428
11605.0   0.078350
11607.5   0.078272
11610.0   0.078195
11612.5   0.078117
11615.0   0.078040
11617.5   0.077963
11620.0   0.077886
11622.5   0.077809
11625.0   0.077731
11627.5   0.077654
11630.0   0.077577
11632.5   0.077500
11635.0   0.077423
11637.5   0.077347
11640.0   0.077270
11642.5   0.077193
11645.0   0.077116
11647.5   0.077039
11650.0   0.076963
11652.5   0.076887
11655.0   0.076810
11657.5   0.076734
11660.0   0.076657
11662.5   0.076580
11665.0   0.076504
11667.5   0.076428
11670.0   0.076352
11672.5   0.076276
11675.0   0.076200
11677.5   0.076124
11680.0   0.076048
11682.5   0.075972
11685.0   0.075896
11687.5   0.075820
11690.0   0.075744
11692.5   0.075668
11695.0   0.075593
11697.5   0.075518
11700.0   0.075442
11702.5   0.075366
11705.0   0.075291
11707.5   0.075216
11710.0   0.075141
11712.5   0.075066
11715.0   0.074990
11717.5   0.074915
11720.0   0.074840
11722.5   0.074765
11725.0   0.074690
11727.5   0.074616
11730.0   0.074541
11732.5   0.074466
11735.0   0.074391
11737.5   0.074316
11740.0   0.074242
11742.5   0.074168
11745.0   0.074093
11747.5   0.074018
11750.0   0.073944
11752.5   0.073870
11755.0   0.073796
11757.5   0.073722
11760.0   0.073647
11762.5   0.073573
11765.0   0.073499
11767.5   0.073426
11770.0   0.073352
11772.5   0.073278
11775.0   0.073204
11777.5   0.073131
11780.0   0.073057
11782.5   0.072983
11785.0   0.072909
11787.5   0.072836
11790.0   0.072763
11792.5   0.072690
11795.0   0.072616
11797.5   0.072542
11800.0   0.072469
11802.5   0.072396
11805.0   0.072323
11807.5   0.072250
11810.0   0.072177
11812.5   0.072105
11815.0   0.072032
11817.5   0.071959
11820.0   0.071886
11822.5   0.071813
11825.0   0.071741
11827.5   0.071669
11830.0   0.071596
11832.5   0.071523
11835.0   0.071451
11837.5   0.071379
11840.0   0.071307
11842.5   0.071235
11845.0   0.071162
11847.5   0.071090
11850.0   0.071018
11852.5   0.070947
11855.0   0.070875
11857.5   0.070803
11860.0   0.070731
11862.5   0.070659
11865.0   0.070588
11867.5   0.070517
11870.0   0.070445
11872.5   0.070374
11875.0   0.070302
11877.5   0.070230
11880.0   0.070159
11882.5   0.070088
11885.0   0.070017
11887.5   0.069946
11890.0   0.069875
11892.5   0.069804
11895.0   0.069733
11897.5   0.069662
11900.0   0.069591
11902.5   0.069520
11905.0   0.069450
11907.5   0.069380
11910.0   0.069309
11912.5   0.069238
11915.0   0.069168
11917.5   0.069098
11920.0   0.069028
11922.5   0.068958
11925.0   0.068887
11927.5   0.068817
11930.0   0.068747
11932.5   0.068677
11935.0   0.068607
11937.5   0.068538
11940.0   0.068468
11942.5   0.068398
11945.0   0.068328
11947.5   0.068258
11950.0   0.068189
11952.5   0.068119
11955.0   0.068050
11957.5   0.067981
11960.0   0.067912
11962.5   0.067843
11965.0   0.067773
11967.5   0.067704
11970.0   0.067635
11972.5   0.067566
11975.0   0.067497
11977.5   0.067429
11980.0   0.067360
11982.5   0.067291
11985.0   0.067222
11987.5   0.067153
11990.0   0.067085
11992.5   0.067017
11995.0   0.066949
11997.5   0.066881
12000.0   0.066812
12002.5   0.066744
12005.0   0.066676
12007.5   0.066608
12010.0   0.066540
12012.5   0.066472
12015.0   0.066404
12017.5   0.066336
12020.0   0.066268
12022.5   0.066200
12025.0   0.066133
12027.5   0.066066
12030.0   0.065998
12032.5   0.065930
12035.0   0.065863
12037.5   0.065796
12040.0   0.065729
12042.5   0.065662
12045.0   0.065594
12047.5   0.065527
12050.0   0.065460
12052.5   0.065394
12055.0   0.065327
12057.5   0.065260
12060.0   0.065193
12062.5   0.065126
12065.0   0.065060
12067.5   0.064994
12070.0   0.064927
12072.5   0.064860
12075.0   0.064794
12077.5   0.064728
12080.0   0.064662
12082.5   0.064596
12085.0   0.064530
12087.5   0.064464
12090.0   0.064398
12092.5   0.064332
12095.0   0.064266
12097.5   0.064200
12100.0   0.064135
12102.5   0.064070
12105.0   0.064004
12107.5   0.063938
12110.0   0.063873
12112.5   0.063808
12115.0   0.063743
12117.5   0.063678
12120.0   0.063612
12122.5   0.063547
12125.0   0.063482
12127.5   0.063418
12130.0   0.063353
12132.5   0.063288
12135.0   0.063223
12137.5   0.063158
12140.0   0.063094
12142.5   0.063030
12145.0   0.062965
12147.5   0.062900
12150.0   0.062836
12152.5   0.062772
12155.0   0.062708
12157.5   0.062644
12160.0   0.062580
12162.5   0.062516
12165.0   0.062452
12167.5   0.062388
12170.0   0.062324
12172.5   0.062260
12175.0   0.062197
12177.5   0.062134
12180.0   0.062070
12182.5   0.062006
12185.0   0.061943
12187.5   0.061880
12190.0   0.061817
12192.5   0.061754
12195.0   0.061691
12197.5   0.061628
12200.0   0.061565
12202.5   0.061502
12205.0   0.061439
12207.5   0.061376
12210.0   0.061314
12212.5   0.061252
12215.0   0.061189
12217.5   0.061127
12220.0   0.061064
12222.5   0.061001
12225.0   0.060939
12227.5   0.060877
12230.0   0.060815
12232.5   0.060753
12235.0   0.060691
12237.5   0.060629
12240.0   0.060567
12242.5   0.060505
12245.0   0.060444
12247.5   0.060383
12250.0   0.060321
12252.5   0.060260
12255.0   0.060198
12257.5   0.060136
12260.0   0.060075
12262.5   0.060014
12265.0   0.059953
12267.5   0.059892
12270.0   0.059831
12272.5   0.059770
12275.0   0.059709
12277.5   0.059648
12280.0   0.059587
12282.5   0.059526
12285.0   0.059466
12287.5   0.059405
12290.0   0.059345
12292.5   0.059285
12295.0   0.059225
12297.5   0.059165
12300.0   0.059104
12302.5   0.059044
12305.0   0.058984
12307.5   0.058924
12310.0   0.058864
12312.5   0.058804
12315.0   0.058744
12317.5   0.058684
12320.0   0.058625
12322.5   0.058566
12325.0   0.058506
12327.5   0.058446
12330.0   0.058387
12332.5   0.058328
12335.0   0.058269
12337.5   0.058210
12340.0   0.058150
12342.5   0.058091
12345.0   0.058032
12347.5   0.057974
12350.0   0.057915
12352.5   0.057856
12355.0   0.057797
12357.5   0.057738
12360.0   0.057680
12362.5   0.057622
12365.0   0.057563
12367.5   0.057504
12370.0   0.057446
12372.5   0.057388
12375.0   0.057330
12377.5   0.057272
12380.0   0.057214
12382.5   0.057156
12385.0   0.057098
12387.5   0.057040
12390.0   0.056982
12392.5   0.056924
12395.0   0.056867
12397.5   0.056810
12400.0   0.056752
12402.5   0.056695
12405.0   0.056637
12407.5   0.056579
12410.0   0.056522
12412.5   0.056465
12415.0   0.056408
12417.5   0.056351
12420.0   0.056294
12422.5   0.056237
12425.0   0.056180
12427.5   0.056123
12430.0   0.056067
12432.5   0.056011
12435.0   0.055954
12437.5   0.055898
12440.0   0.055841
12442.5   0.055784
12445.0   0.055728
12447.5   0.055672
12450.0   0.055616
12452.5   0.055560
12455.0   0.055503
12457.5   0.055447
12460.0   0.055391
12462.5   0.055336
12465.0   0.055280
12467.5   0.055224
12470.0   0.055168
12472.5   0.055112
12475.0   0.055057
12477.5   0.055001
12480.0   0.054946
12482.5   0.054891
12485.0   0.054836
12487.5   0.054781
12490.0   0.054725
12492.5   0.054670
12495.0   0.054615
12497.5   0.054560
12500.0   0.054505
12502.5   0.054451
12505.0   0.054396
12507.5   0.054341
12510.0   0.054286
12512.5   0.054231
12515.0   0.054177
12517.5   0.054122
12520.0   0.054068
12522.5   0.054014
12525.0   0.053960
12527.5   0.053906
12530.0   0.053852
12532.5   0.053798
12535.0   0.053744
12537.5   0.053690
12540.0   0.053636
12542.5   0.053582
12545.0   0.053528
12547.5   0.053474
12550.0   0.053421
12552.5   0.053368
12555.0   0.053314
12557.5   0.053260
12560.0   0.053207
12562.5   0.053154
12565.0   0.053101
12567.5   0.053048
12570.0   0.052994
12572.5   0.052941
12575.0   0.052888
12577.5   0.052835
12580.0   0.052782
12582.5   0.052729
12585.0   0.052677
12587.5   0.052625
12590.0   0.052572
12592.5   0.052519
12595.0   0.052467
12597.5   0.052415
12600.0   0.052362
12602.5   0.052309
12605.0   0.052257
12607.5   0.052205
12610.0   0.052153
12612.5   0.052101
12615.0   0.052049
12617.5   0.051997
12620.0   0.051945
12622.5   0.051894
12625.0   0.051842
12627.5   0.051790
12630.0   0.051738
12632.5   0.051686
12635.0   0.051635
12637.5   0.051584
12640.0   0.051533
12642.5   0.051482
12645.0   0.051430
12647.5   0.051379
12650.0   0.051328
12652.5   0.051277
12655.0   0.051226
12657.5   0.051175
12660.0   0.051124
12662.5   0.051073
12665.0   0.051022
12667.5   0.050971
12670.0   0.050921
12672.5   0.050871
12675.0   0.050820
12677.5   0.050769
12680.0   0.050719
12682.5   0.050669
12685.0   0.050619
12687.5   0.050569
12690.0   0.050518
12692.5   0.050468
12695.0   0.050418
12697.5   0.050369
12700.0   0.050319
12702.5   0.050269
12705.0   0.050219
12707.5   0.050169
12710.0   0.050120
12712.5   0.050071
12715.0   0.050021
12717.5   0.049972
12720.0   0.049922
12722.5   0.049872
12725.0   0.049823
12727.5   0.049774
12730.0   0.049725
12732.5   0.049676
12735.0   0.049627
12737.5   0.049578
12740.0   0.049529
12742.5   0.049480
12745.0   0.049431
12747.5   0.049382
12750.0   0.049334
12752.5   0.049286
12755.0   0.049237
12757.5   0.049188
12760.0   0.049140
12762.5   0.049092
12765.0   0.049043
12767.5   0.048994
12770.0   0.048946
12772.5   0.048898
12775.0   0.048850
12777.5   0.048802
12780.0   0.048754
12782.5   0.048707
12785.0   0.048659
12787.5   0.048611
12790.0   0.048563
12792.5   0.048515
12795.0   0.048468
12797.5   0.048421
12800.0   0.048373
12802.5   0.048325
12805.0   0.048278
12807.5   0.048231
12810.0   0.048184
12812.5   0.048137
12815.0   0.048089
12817.5   0.048042
12820.0   0.047995
12822.5   0.047948
12825.0   0.047901
12827.5   0.047855
12830.0   0.047808
12832.5   0.047761
12835.0   0.047714
12837.5   0.047667
12840.0   0.047621
12842.5   0.047574
12845.0   0.047528
12847.5   0.047482
12850.0   0.047436
12852.5   0.047390
12855.0   0.047343
12857.5   0.047297
12860.0   0.047251
12862.5   0.047205
12865.0   0.047159
12867.5   0.047113
12870.0   0.047067
12872.5   0.047021
12875.0   0.046976
12877.5   0.046931
12880.0   0.046885
12882.5   0.046839
12885.0   0.046794
12887.5   0.046749
12890.0   0.046703
12892.5   0.046657
12895.0   0.046612
12897.5   0.046567
12900.0   0.046522
12902.5   0.046477
12905.0   0.046432
12907.5   0.046387
12910.0   0.046342
12912.5   0.046297
12915.0   0.046252
12917.5   0.046207
12920.0   0.046163
12922.5   0.046119
12925.0   0.046074
12927.5   0.046029
12930.0   0.045985
12932.5   0.045941
12935.0   0.045896
12937.5   0.045851
12940.0   0.045807
12942.5   0.045763
12945.0   0.045719
12947.5   0.045675
12950.0   0.045631
12952.5   0.045587
12955.0   0.045543
12957.5   0.045500
12960.0   0.045456
12962.5   0.045412
12965.0   0.045368
12967.5   0.045324
12970.0   0.045281
12972.5   0.045237
12975.0   0.045194
12977.5   0.045151
12980.0   0.045108
12982.5   0.045065
12985.0   0.045021
12987.5   0.044978
12990.0   0.044935
12992.5   0.044892
12995.0   0.044849
12997.5   0.044806
13000.0   0.044763
13002.5   0.044720
13005.0   0.044677
13007.5   0.044634
13010.0   0.044592
13012.5   0.044550
13015.0   0.044507
13017.5   0.044465
13020.0   0.044422
13022.5   0.044379
13025.0   0.044337
13027.5   0.044295
13030.0   0.044253
13032.5   0.044211
13035.0   0.044169
13037.5   0.044127
13040.0   0.044085
13042.5   0.044043
13045.0   0.044001
13047.5   0.043959
13050.0   0.043917
13052.5   0.043875
13055.0   0.043834
13057.5   0.043793
13060.0   0.043751
13062.5   0.043710
13065.0   0.043668
13067.5   0.043626
13070.0   0.043585
13072.5   0.043544
13075.0   0.043503
13077.5   0.043462
13080.0   0.043420
13082.5   0.043379
13085.0   0.043338
13087.5   0.043298
13090.0   0.043257
13092.5   0.043216
13095.0   0.043175
13097.5   0.043134
13100.0   0.043094
13102.5   0.043053
13105.0   0.043012
13107.5   0.042971
13110.0   0.042931
13112.5   0.042891
13115.0   0.042851
13117.5   0.042811
13120.0   0.042770
13122.5   0.042730
13125.0   0.042690
13127.5   0.042650
13130.0   0.042610
13132.5   0.042570
13135.0   0.042530
13137.5   0.042490
13140.0   0.042450
13142.5   0.042411
13145.0   0.042371
13147.5   0.042331
13150.0   0.042291
13152.5   0.042251
13155.0   0.042212
13157.5   0.042173
13160.0   0.042134
13162.5   0.042094
13165.0   0.042055
13167.5   0.042016
13170.0   0.041977
13172.5   0.041938
13175.0   0.041898
13177.5   0.041859
13180.0   0.041820
13182.5   0.041782
13185.0   0.041743
13187.5   0.041704
13190.0   0.041665
13192.5   0.041626
13195.0   0.041588
13197.5   0.041550
13200.0   0.041511
13202.5   0.041473
13205.0   0.041434
13207.5   0.041395
13210.0   0.041357
13212.5   0.041319
13215.0   0.041281
13217.5   0.041243
13220.0   0.041204
13222.5   0.041166
13225.0   0.041128
13227.5   0.041090
13230.0   0.041052
13232.5   0.041015
13235.0   0.040977
13237.5   0.040939
13240.0   0.040901
13242.5   0.040863
13245.0   0.040826
13247.5   0.040789
13250.0   0.040751
13252.5   0.040714
13255.0   0.040676
13257.5   0.040638
13260.0   0.040601
13262.5   0.040564
13265.0   0.040527
13267.5   0.040490
13270.0   0.040453
13272.5   0.040416
13275.0   0.040379
13277.5   0.040342
13280.0   0.040305
13282.5   0.040268
13285.0   0.040231
13287.5   0.040194
13290.0   0.040158
13292.5   0.040122
13295.0   0.040085
13297.5   0.040048
13300.0   0.040012
13302.5   0.039976
13305.0   0.039939
13307.5   0.039902
13310.0   0.039866
13312.5   0.039830
13315.0   0.039794
13317.5   0.039758
13320.0   0.039722
13322.5   0.039686
13325.0   0.039650
13327.5   0.039614
13330.0   0.039578
13332.5   0.039542
13335.0   0.039506
13337.5   0.039470
13340.0   0.039435
13342.5   0.039400
13345.0   0.039364
13347.5   0.039328
13350.0   0.039293
13352.5   0.039258
13355.0   0.039222
13357.5   0.039186
13360.0   0.039151
13362.5   0.039116
13365.0   0.039081
13367.5   0.039046
13370.0   0.039011
13372.5   0.038976
13375.0   0.038941
13377.5   0.038906
13380.0   0.038871
13382.5   0.038836
13385.0   0.038801
13387.5   0.038766
13390.0   0.038732
13392.5   0.038698
13395.0   0.038663
13397.5   0.038628
13400.0   0.038594
13402.5   0.038560
13405.0   0.038525
13407.5   0.038490
13410.0   0.038456
13412.5   0.038422
13415.0   0.038388
13417.5   0.038354
13420.0   0.038320
13422.5   0.038286
13425.0   0.038252
13427.5   0.038218
13430.0   0.038184
13432.5   0.038150
13435.0   0.038116
13437.5   0.038082
13440.0   0.038049
13442.5   0.038016
13445.0   0.037982
13447.5   0.037948
13450.0   0.037914
13452.5   0.037881
13455.0   0.037848
13457.5   0.037815
13460.0   0.037781
13462.5   0.037747
13465.0   0.037714
13467.5   0.037681
13470.0   0.037648
13472.5   0.037615
13475.0   0.037582
13477.5   0.037549
13480.0   0.037516
13482.5   0.037483
13485.0   0.037450
13487.5   0.037417
13490.0   0.037385
13492.5   0.037353
13495.0   0.037320
13497.5   0.037287
13500.0   0.037254
13502.5   0.037221
13505.0   0.037189
13507.5   0.037157
13510.0   0.037125
13512.5   0.037093
13515.0   0.037060
13517.5   0.037028
13520.0   0.036996
13522.5   0.036964
13525.0   0.036932
13527.5   0.036899
13530.0   0.036867
13532.5   0.036835
13535.0   0.036804
13537.5   0.036772
13540.0   0.036740
13542.5   0.036708
13545.0   0.036677
13547.5   0.036645
13550.0   0.036613
13552.5   0.036581
13555.0   0.036550
13557.5   0.036518
13560.0   0.036487
13562.5   0.036456
13565.0   0.036425
13567.5   0.036394
13570.0   0.036362
13572.5   0.036331
13575.0   0.036300
13577.5   0.036269
13580.0   0.036238
13582.5   0.036207
13585.0   0.036176
13587.5   0.036145
13590.0   0.036114
13592.5   0.036083
13595.0   0.036052
13597.5   0.036022
13600.0   0.035991
13602.5   0.035960
13605.0   0.035929
13607.5   0.035898
13610.0   0.035868
13612.5   0.035838
13615.0   0.035808
13617.5   0.035778
13620.0   0.035747
13622.5   0.035716
13625.0   0.035686
13627.5   0.035656
13630.0   0.035626
13632.5   0.035596
13635.0   0.035566
13637.5   0.035536
13640.0   0.035506
13642.5   0.035476
13645.0   0.035446
13647.5   0.035416
13650.0   0.035386
13652.5   0.035356
13655.0   0.035327
13657.5   0.035298
13660.0   0.035268
13662.5   0.035238
13665.0   0.035209
13667.5   0.035179
13670.0   0.035150
13672.5   0.035121
13675.0   0.035091
13677.5   0.035061
13680.0   0.035032
13682.5   0.035003
13685.0   0.034974
13687.5   0.034945
13690.0   0.034916
13692.5   0.034887
13695.0   0.034858
13697.5   0.034829
13700.0   0.034800
13702.5   0.034771
13705.0   0.034742
13707.5   0.034713
13710.0   0.034685
13712.5   0.034657
13715.0   0.034628
13717.5   0.034599
13720.0   0.034570
13722.5   0.034541
13725.0   0.034513
13727.5   0.034485
13730.0   0.034457
13732.5   0.034428
13735.0   0.034400
13737.5   0.034372
13740.0   0.034344
13742.5   0.034316
13745.0   0.034287
13747.5   0.034259
13750.0   0.034231
13752.5   0.034203
13755.0   0.034175
13757.5   0.034147
13760.0   0.034119
13762.5   0.034092
13765.0   0.034064
13767.5   0.034036
13770.0   0.034008
13772.5   0.033980
13775.0   0.033953
13777.5   0.033926
13780.0   0.033898
13782.5   0.033870
13785.0   0.033843
13787.5   0.033816
13790.0   0.033789
13792.5   0.033761
13795.0   0.033734
13797.5   0.033707
13800.0   0.033680
13802.5   0.033653
13805.0   0.033625
13807.5   0.033598
13810.0   0.033571
13812.5   0.033544
13815.0   0.033517
13817.5   0.033491
13820.0   0.033464
13822.5   0.033437
13825.0   0.033410
13827.5   0.033383
13830.0   0.033357
13832.5   0.033330
13835.0   0.033303
13837.5   0.033276
13840.0   0.033250
13842.5   0.033224
13845.0   0.033198
13847.5   0.033172
13850.0   0.033145
13852.5   0.033118
13855.0   0.033092
13857.5   0.033066
13860.0   0.033040
13862.5   0.033014
13865.0   0.032988
13867.5   0.032962
13870.0   0.032936
13872.5   0.032910
13875.0   0.032884
13877.5   0.032858
13880.0   0.032832
13882.5   0.032806
13885.0   0.032780
13887.5   0.032754
13890.0   0.032729
13892.5   0.032704
13895.0   0.032678
13897.5   0.032652
13900.0   0.032627
13902.5   0.032601
13905.0   0.032576
13907.5   0.032551
13910.0   0.032525
13912.5   0.032499
13915.0   0.032474
13917.5   0.032449
13920.0   0.032424
13922.5   0.032399
13925.0   0.032374
13927.5   0.032349
13930.0   0.032324
13932.5   0.032299
13935.0   0.032274
13937.5   0.032249
13940.0   0.032224
13942.5   0.032199
13945.0   0.032174
13947.5   0.032150
13950.0   0.032125
13952.5   0.032100
13955.0   0.032075
13957.5   0.032050
13960.0   0.032026
13962.5   0.032002
13965.0   0.031977
13967.5   0.031952
13970.0   0.031928
13972.5   0.031904
13975.0   0.031880
13977.5   0.031855
13980.0   0.031831
13982.5   0.031807
13985.0   0.031783
13987.5   0.031759
13990.0   0.031734
13992.5   0.031710
13995.0   0.031686
13997.5   0.031662
14000.0   0.031638
14002.5   0.031615
14005.0   0.031591
14007.5   0.031567
14010.0   0.031543
14012.5   0.031519
14015.0   0.031496
14017.5   0.031472
14020.0   0.031448
14022.5   0.031424
14025.0   0.031401
14027.5   0.031378
14030.0   0.031354
14032.5   0.031330
14035.0   0.031307
14037.5   0.031284
14040.0   0.031261
14042.5   0.031238
14045.0   0.031214
14047.5   0.031191
14050.0   0.031168
14052.5   0.031145
14055.0   0.031122
14057.5   0.031099
14060.0   0.031076
14062.5   0.031053
14065.0   0.031030
14067.5   0.031007
14070.0   0.030984
14072.5   0.030961
14075.0   0.030938
14077.5   0.030916
14080.0   0.030893
14082.5   0.030870
14085.0   0.030847
14087.5   0.030824
14090.0   0.030802
14092.5   0.030780
14095.0   0.030757
14097.5   0.030734
14100.0   0.030712
14102.5   0.030690
14105.0   0.030668
14107.5   0.030645
14110.0   0.030623
14112.5   0.030601
14115.0   0.030579
14117.5   0.030557
14120.0   0.030534
14122.5   0.030512
14125.0   0.030490
14127.5   0.030468
14130.0   0.030446
14132.5   0.030424
14135.0   0.030402
14137.5   0.030381
14140.0   0.030359
14142.5   0.030337
14145.0   0.030315
14147.5   0.030293
14150.0   0.030272
14152.5   0.030251
14155.0   0.030229
14157.5   0.030207
14160.0   0.030185
14162.5   0.030163
14165.0   0.030142
14167.5   0.030121
14170.0   0.030100
14172.5   0.030079
14175.0   0.030057
14177.5   0.030035
14180.0   0.030014
14182.5   0.029993
14185.0   0.029972
14187.5   0.029951
14190.0   0.029930
14192.5   0.029909
14195.0   0.029888
14197.5   0.029867
14200.0   0.029846
14202.5   0.029825
14205.0   0.029804
14207.5   0.029783
14210.0   0.029762
14212.5   0.029742
14215.0   0.029721
14217.5   0.029700
14220.0   0.029679
14222.5   0.029658
14225.0   0.029638
14227.5   0.029618
14230.0   0.029597
14232.5   0.029576
14235.0   0.029556
14237.5   0.029536
14240.0   0.029515
14242.5   0.029494
14245.0   0.029474
14247.5   0.029454
14250.0   0.029434
14252.5   0.029414
14255.0   0.029393
14257.5   0.029373
14260.0   0.029353
14262.5   0.029333
14265.0   0.029313
14267.5   0.029293
14270.0   0.029273
14272.5   0.029253
14275.0   0.029233
14277.5   0.029213
14280.0   0.029193
14282.5   0.029175
14285.0   0.029154
14287.5   0.029129
14290.0   0.029114
14292.5   0.029115
14295.0   0.029075
14297.5   0.028980
14300.0   0.029036
14302.5   0.029388
14305.0   0.029713
14307.5   0.029687
14310.0   0.029447
14312.5   0.029198
14315.0   0.028945
14317.5   0.028664
14320.0   0.028422
14322.5   0.028290
14325.0   0.028268
14327.5   0.028334
14330.0   0.028460
14332.5   0.028613
14335.0   0.028765
14337.5   0.028889
14340.0   0.028976
14342.5   0.029021
14345.0   0.029022
14347.5   0.028977
14350.0   0.028885
14352.5   0.028748
14355.0   0.028573
14357.5   0.028369
14360.0   0.028158
14362.5   0.027964
14365.0   0.027819
14367.5   0.027750
14370.0   0.027763
14372.5   0.027851
14375.0   0.027989
14377.5   0.028146
14380.0   0.028298
14382.5   0.028423
14385.0   0.028514
14387.5   0.028566
14390.0   0.028579
14392.5   0.028557
14395.0   0.028506
14397.5   0.028432
14400.0   0.028346
14402.5   0.028259
14405.0   0.028184
14407.5   0.028135
14410.0   0.028117
14412.5   0.028134
14415.0   0.028177
14417.5   0.028236
14420.0   0.028296
14422.5   0.028342
14425.0   0.028371
14427.5   0.028378
14430.0   0.028351
14432.5   0.028281
14435.0   0.028175
14437.5   0.028043
14440.0   0.027886
14442.5   0.027708
14445.0   0.027525
14447.5   0.027358
14450.0   0.027233
14452.5   0.027174
14455.0   0.027190
14457.5   0.027283
14460.0   0.027431
14462.5   0.027606
14465.0   0.027781
14467.5   0.027933
14470.0   0.028052
14472.5   0.028132
14475.0   0.028173
14477.5   0.028175
14480.0   0.028143
14482.5   0.028081
14485.0   0.027977
14487.5   0.027830
14490.0   0.027686
14492.5   0.027560
14495.0   0.027308
14497.5   0.026830
14500.0   0.026366
14502.5   0.026168
14505.0   0.026199
14507.5   0.026363
14510.0   0.026625
14512.5   0.026956
14515.0   0.027302
14517.5   0.027612
14520.0   0.027870
14522.5   0.028069
14525.0   0.028211
14527.5   0.028299
14530.0   0.028340
14532.5   0.028339
14535.0   0.028300
14537.5   0.028228
14540.0   0.028127
14542.5   0.028003
14545.0   0.027862
14547.5   0.027710
14550.0   0.027559
14552.5   0.027424
14555.0   0.027311
14557.5   0.027226
14560.0   0.027168
14562.5   0.027135
14565.0   0.027119
14567.5   0.027114
14570.0   0.027112
14572.5   0.027108
14575.0   0.027099
14577.5   0.027080
14580.0   0.027051
14582.5   0.027011
14585.0   0.026960
14587.5   0.026901
14590.0   0.026835
14592.5   0.026764
14595.0   0.026692
14597.5   0.026621
14600.0   0.026554
14602.5   0.026494
14605.0   0.026442
14607.5   0.026398
14610.0   0.026363
14612.5   0.026335
14615.0   0.026312
14617.5   0.026293
14620.0   0.026277
14622.5   0.026264
14625.0   0.026254
14627.5   0.026246
14630.0   0.026240
14632.5   0.026237
14635.0   0.026235
14637.5   0.026234
14640.0   0.026234
14642.5   0.026232
14645.0   0.026225
14647.5   0.026210
14650.0   0.026183
14652.5   0.026143
14655.0   0.026089
14657.5   0.026021
14660.0   0.025941
14662.5   0.025851
14665.0   0.025758
14667.5   0.025668
14670.0   0.025583
14672.5   0.025505
14675.0   0.025433
14677.5   0.025368
14680.0   0.025307
14682.5   0.025247
14685.0   0.025184
14687.5   0.025115
14690.0   0.025036
14692.5   0.024944
14695.0   0.024839
14697.5   0.024721
14700.0   0.024597
14702.5   0.024477
14705.0   0.024376
14707.5   0.024313
14710.0   0.024305
14712.5   0.024364
14715.0   0.024487
14717.5   0.024665
14720.0   0.024879
14722.5   0.025107
14725.0   0.025331
14727.5   0.025535
14730.0   0.025710
14732.5   0.025851
14735.0   0.025955
14737.5   0.026020
14740.0   0.026044
14742.5   0.026027
14745.0   0.025970
14747.5   0.025874
14750.0   0.025742
14752.5   0.025581
14755.0   0.025401
14757.5   0.025215
14760.0   0.025040
14762.5   0.024893
14765.0   0.024788
14767.5   0.024734
14770.0   0.024729
14772.5   0.024766
14775.0   0.024838
14777.5   0.024935
14780.0   0.025042
14782.5   0.025142
14785.0   0.025228
14787.5   0.025297
14790.0   0.025346
14792.5   0.025374
14795.0   0.025385
14797.5   0.025383
14800.0   0.025377
14802.5   0.025374
14805.0   0.025380
14807.5   0.025402
14810.0   0.025441
14812.5   0.025497
14815.0   0.025565
14817.5   0.025636
14820.0   0.025703
14822.5   0.025757
14825.0   0.025790
14827.5   0.025797
14830.0   0.025774
14832.5   0.025719
14835.0   0.025632
14837.5   0.025516
14840.0   0.025376
14842.5   0.025220
14845.0   0.025059
14847.5   0.024906
14850.0   0.024774
14852.5   0.024678
14855.0   0.024628
14857.5   0.024630
14860.0   0.024685
14862.5   0.024787
14865.0   0.024925
14867.5   0.025084
14870.0   0.025249
14872.5   0.025404
14875.0   0.025536
14877.5   0.025636
14880.0   0.025697
14882.5   0.025716
14885.0   0.025695
14887.5   0.025636
14890.0   0.025547
14892.5   0.025438
14895.0   0.025317
14897.5   0.025192
14900.0   0.025073
14902.5   0.024969
14905.0   0.024883
14907.5   0.024816
14910.0   0.024767
14912.5   0.024734
14915.0   0.024713
14917.5   0.024699
14920.0   0.024687
14922.5   0.024674
14925.0   0.024657
14927.5   0.024633
14930.0   0.024604
14932.5   0.024570
14935.0   0.024534
14937.5   0.024499
14940.0   0.024469
14942.5   0.024447
14945.0   0.024435
14947.5   0.024433
14950.0   0.024442
14952.5   0.024459
14955.0   0.024482
14957.5   0.024507
14960.0   0.024531
14962.5   0.024551
14965.0   0.024564
14967.5   0.024570
14970.0   0.024568
14972.5   0.024558
14975.0   0.024542
14977.5   0.024523
14980.0   0.024503
14982.5   0.024483
14985.0   0.024471
14987.5   0.024469
14990.0   0.024462
14992.5   0.024440
14995.0   0.024432
14997.5   0.024468
15000.0   0.024534
15002.5   0.024606
15005.0   0.024650
15007.5   0.024640
15010.0   0.024574
15012.5   0.024459
15015.0   0.024308
15017.5   0.024130
15020.0   0.023920
15022.5   0.023684
15025.0   0.023490
15027.5   0.023396
15030.0   0.023362
15032.5   0.023337
15035.0   0.023326
15037.5   0.023346
15040.0   0.023398
15042.5   0.023479
15045.0   0.023586
15047.5   0.023725
15050.0   0.023927
15052.5   0.024201
15055.0   0.024435
15057.5   0.024520
15060.0   0.024494
15062.5   0.024414
15065.0   0.024275
15067.5   0.024071
15070.0   0.023846
15072.5   0.023645
15075.0   0.023477
15077.5   0.023342
15080.0   0.023250
15082.5   0.023208
15085.0   0.023214
15087.5   0.023263
15090.0   0.023345
15092.5   0.023449
15095.0   0.023563
15097.5   0.023673
15100.0   0.023767
15102.5   0.023836
15105.0   0.023874
15107.5   0.023878
15110.0   0.023849
15112.5   0.023790
15115.0   0.023707
15117.5   0.023608
15120.0   0.023502
15122.5   0.023398
15125.0   0.023306
15127.5   0.023233
15130.0   0.023182
15132.5   0.023156
15135.0   0.023153
15137.5   0.023173
15140.0   0.023209
15142.5   0.023256
15145.0   0.023302
15147.5   0.023338
15150.0   0.023358
15152.5   0.023358
15155.0   0.023336
15157.5   0.023289
15160.0   0.023221
15162.5   0.023134
15165.0   0.023035
15167.5   0.022930
15170.0   0.022826
15172.5   0.022733
15175.0   0.022656
15177.5   0.022602
15180.0   0.022573
15182.5   0.022573
15185.0   0.022600
15187.5   0.022652
15190.0   0.022726
15192.5   0.022815
15195.0   0.022913
15197.5   0.023012
15200.0   0.023105
15202.5   0.023187
15205.0   0.023252
15207.5   0.023297
15210.0   0.023320
15212.5   0.023321
15215.0   0.023300
15217.5   0.023260
15220.0   0.023203
15222.5   0.023132
15225.0   0.023051
15227.5   0.022964
15230.0   0.022876
15232.5   0.022790
15235.0   0.022708
15237.5   0.022633
15240.0   0.022568
15242.5   0.022515
15245.0   0.022475
15247.5   0.022449
15250.0   0.022436
15252.5   0.022436
15255.0   0.022448
15257.5   0.022469
15260.0   0.022498
15262.5   0.022533
15265.0   0.022571
15267.5   0.022609
15270.0   0.022644
15272.5   0.022672
15275.0   0.022693
15277.5   0.022704
15280.0   0.022700
15282.5   0.022678
15285.0   0.022635
15287.5   0.022572
15290.0   0.022490
15292.5   0.022394
15295.0   0.022288
15297.5   0.022179
15300.0   0.022069
15302.5   0.021962
15305.0   0.021859
15307.5   0.021764
15310.0   0.021676
15312.5   0.021596
15315.0   0.021524
15317.5   0.021459
15320.0   0.021400
15322.5   0.021349
15325.0   0.021306
15327.5   0.021272
15330.0   0.021248
15332.5   0.021232
15335.0   0.021225
15337.5   0.021225
15340.0   0.021234
15342.5   0.021252
15345.0   0.021280
15347.5   0.021316
15350.0   0.021359
15352.5   0.021407
15355.0   0.021457
15357.5   0.021508
15360.0   0.021558
15362.5   0.021603
15365.0   0.021643
15367.5   0.021676
15370.0   0.021701
15372.5   0.021717
15375.0   0.021726
15377.5   0.021728
15380.0   0.021725
15382.5   0.021717
15385.0   0.021706
15387.5   0.021693
15390.0   0.021680
15392.5   0.021666
15395.0   0.021652
15397.5   0.021637
15400.0   0.021619
15402.5   0.021598
15405.0   0.021573
15407.5   0.021542
15410.0   0.021504
15412.5   0.021460
15415.0   0.021409
15417.5   0.021352
15420.0   0.021289
15422.5   0.021223
15425.0   0.021155
15427.5   0.021088
15430.0   0.021023
15432.5   0.020964
15435.0   0.020912
15437.5   0.020870
15440.0   0.020839
15442.5   0.020819
15445.0   0.020812
15447.5   0.020817
15450.0   0.020833
15452.5   0.020860
15455.0   0.020897
15457.5   0.020944
15460.0   0.020998
15462.5   0.021059
15465.0   0.021125
15467.5   0.021196
15470.0   0.021269
15472.5   0.021344
15475.0   0.021417
15477.5   0.021486
15480.0   0.021548
15482.5   0.021600
15485.0   0.021642
15487.5   0.021675
15490.0   0.021695
15492.5   0.021698
15495.0   0.021683
15497.5   0.021653
15500.0   0.021607
15502.5   0.021547
15505.0   0.021476
15507.5   0.021397
15510.0   0.021314
15512.5   0.021230
15515.0   0.021149
15517.5   0.021077
15520.0   0.021020
15522.5   0.020983
15525.0   0.020964
15527.5   0.020961
15530.0   0.020973
15532.5   0.020998
15535.0   0.021033
15537.5   0.021074
15540.0   0.021115
15542.5   0.021150
15545.0   0.021170
15547.5   0.021166
15550.0   0.021138
15552.5   0.021086
15555.0   0.021013
15557.5   0.020921
15560.0   0.020816
15562.5   0.020707
15565.0   0.020602
15567.5   0.020510
15570.0   0.020438
15572.5   0.020393
15575.0   0.020378
15577.5   0.020397
15580.0   0.020448
15582.5   0.020527
15585.0   0.020631
15587.5   0.020752
15590.0   0.020875
15592.5   0.020983
15595.0   0.021073
15597.5   0.021144
15600.0   0.021199
15602.5   0.021242
15605.0   0.021271
15607.5   0.021282
15610.0   0.021276
15612.5   0.021253
15615.0   0.021218
15617.5   0.021174
15620.0   0.021125
15622.5   0.021076
15625.0   0.021033
15627.5   0.020999
15630.0   0.020977
15632.5   0.020968
15635.0   0.020973
15637.5   0.020990
15640.0   0.021017
15642.5   0.021050
15645.0   0.021087
15647.5   0.021123
15650.0   0.021150
15652.5   0.021163
15655.0   0.021162
15657.5   0.021147
15660.0   0.021115
15662.5   0.021060
15665.0   0.020970
15667.5   0.020838
15670.0   0.020670
15672.5   0.020476
15675.0   0.020271
15677.5   0.020068
15680.0   0.019871
15682.5   0.019682
15685.0   0.019504
15687.5   0.019343
15690.0   0.019201
15692.5   0.019080
15695.0   0.018979
15697.5   0.018899
15700.0   0.018841
15702.5   0.018805
15705.0   0.018791
15707.5   0.018798
15710.0   0.018827
15712.5   0.018877
15715.0   0.018948
15717.5   0.019041
15720.0   0.019154
15722.5   0.019283
15725.0   0.019431
15727.5   0.019599
15730.0   0.019776
15732.5   0.019950
15735.0   0.020121
15737.5   0.020277
15740.0   0.020342
15742.5   0.020265
15745.0   0.020158
15747.5   0.020131
15750.0   0.020136
15752.5   0.020106
15755.0   0.020059
15757.5   0.020026
15760.0   0.020004
15762.5   0.019984
15765.0   0.019961
15767.5   0.019937
15770.0   0.019938
15772.5   0.019982
15775.0   0.020032
15777.5   0.020046
15780.0   0.020020
15782.5   0.019968
15785.0   0.019936
15787.5   0.019956
15790.0   0.019979
15792.5   0.019956
15795.0   0.019918
15797.5   0.019906
15800.0   0.019912
15802.5   0.019917
15805.0   0.019918
15807.5   0.019911
15810.0   0.019887
15812.5   0.019841
15815.0   0.019798
15817.5   0.019782
15820.0   0.019782
15822.5   0.019781
15825.0   0.019778
15827.5   0.019774
15830.0   0.019760
15832.5   0.019732
15835.0   0.019706
15837.5   0.019696
15840.0   0.019686
15842.5   0.019654
15845.0   0.019593
15847.5   0.019500
15850.0   0.019389
15852.5   0.019271
15855.0   0.019140
15857.5   0.018992
15860.0   0.018856
15862.5   0.018754
15865.0   0.018658
15867.5   0.018542
15870.0   0.018439
15872.5   0.018383
15875.0   0.018351
15877.5   0.018317
15880.0   0.018296
15882.5   0.018307
15885.0   0.018351
15887.5   0.018425
15890.0   0.018524
15892.5   0.018641
15895.0   0.018757
15897.5   0.018855
15900.0   0.018940
15902.5   0.019021
15905.0   0.019098
15907.5   0.019170
15910.0   0.019230
15912.5   0.019273
15915.0   0.019297
15917.5   0.019302
15920.0   0.019298
15922.5   0.019293
15925.0   0.019297
15927.5   0.019312
15930.0   0.019325
15932.5   0.019321
15935.0   0.019305
15937.5   0.019286
15940.0   0.019280
15942.5   0.019298
15945.0   0.019327
15947.5   0.019351
15950.0   0.019367
15952.5   0.019377
15955.0   0.019395
15957.5   0.019428
15960.0   0.019452
15962.5   0.019445
15965.0   0.019426
15967.5   0.019416
15970.0   0.019409
15972.5   0.019395
15975.0   0.019367
15977.5   0.019325
15980.0   0.019281
15982.5   0.019247
15985.0   0.019222
15987.5   0.019203
15990.0   0.019190
15992.5   0.019183
15995.0   0.019172
15997.5   0.019151
16000.0   0.019125
16002.5   0.019101
16005.0   0.019080
16007.5   0.019065
16010.0   0.019063
16012.5   0.019078
16015.0   0.019085
16017.5   0.019060
16020.0   0.019009
16022.5   0.018949
16025.0   0.018909
16027.5   0.018905
16030.0   0.018898
16032.5   0.018851
16035.0   0.018785
16037.5   0.018731
16040.0   0.018697
16042.5   0.018683
16045.0   0.018674
16047.5   0.018658
16050.0   0.018659
16052.5   0.018698
16055.0   0.018736
16057.5   0.018733
16060.0   0.018694
16062.5   0.018634
16065.0   0.018563
16067.5   0.018487
16070.0   0.018398
16072.5   0.018284
16075.0   0.018144
16077.5   0.017983
16080.0   0.017832
16082.5   0.017714
16085.0   0.017606
16087.5   0.017480
16090.0   0.017343
16092.5   0.017206
16095.0   0.017076
16097.5   0.016956
16100.0   0.016852
16102.5   0.016772
16105.0   0.016721
16107.5   0.016704
16110.0   0.016715
16112.5   0.016747
16115.0   0.016804
16117.5   0.016890
16120.0   0.017001
16122.5   0.017128
16125.0   0.017244
16127.5   0.017327
16130.0   0.017389
16132.5   0.017444
16135.0   0.017487
16137.5   0.017520
16140.0   0.017592
16142.5   0.017739
16145.0   0.017886
16147.5   0.017959
16150.0   0.017989
16152.5   0.018024
16155.0   0.018072
16157.5   0.018128
16160.0   0.018171
16162.5   0.018182
16165.0   0.018181
16167.5   0.018190
16170.0   0.018215
16172.5   0.018251
16175.0   0.018276
16177.5   0.018271
16180.0   0.018246
16182.5   0.018220
16185.0   0.018209
16187.5   0.018225
16190.0   0.018253
16192.5   0.018273
16195.0   0.018277
16197.5   0.018264
16200.0   0.018242
16202.5   0.018223
16205.0   0.018211
16207.5   0.018205
16210.0   0.018184
16212.5   0.018136
16215.0   0.018091
16217.5   0.018076
16220.0   0.018061
16222.5   0.018015
16225.0   0.017971
16227.5   0.017962
16230.0   0.017965
16232.5   0.017950
16235.0   0.017918
16237.5   0.017878
16240.0   0.017836
16242.5   0.017799
16245.0   0.017781
16247.5   0.017795
16250.0   0.017830
16252.5   0.017871
16255.0   0.017898
16257.5   0.017896
16260.0   0.017882
16262.5   0.017872
16265.0   0.017857
16267.5   0.017828
16270.0   0.017805
16272.5   0.017807
16275.0   0.017809
16277.5   0.017784
16280.0   0.017741
16282.5   0.017694
16285.0   0.017633
16287.5   0.017554
16290.0   0.017483
16292.5   0.017443
16295.0   0.017411
16297.5   0.017362
16300.0   0.017317
16302.5   0.017300
16305.0   0.017295
16307.5   0.017282
16310.0   0.017278
16312.5   0.017300
16315.0   0.017343
16317.5   0.017391
16320.0   0.017424
16322.5   0.017426
16325.0   0.017415
16327.5   0.017412
16330.0   0.017404
16332.5   0.017377
16335.0   0.017341
16337.5   0.017308
16340.0   0.017270
16342.5   0.017217
16345.0   0.017154
16347.5   0.017087
16350.0   0.017022
16352.5   0.016965
16355.0   0.016921
16357.5   0.016890
16360.0   0.016865
16362.5   0.016834
16365.0   0.016781
16367.5   0.016698
16370.0   0.016606
16372.5   0.016527
16375.0   0.016461
16377.5   0.016401
16380.0   0.016323
16382.5   0.016209
16385.0   0.016067
16387.5   0.015911
16390.0   0.015755
16392.5   0.015608
16395.0   0.015471
16397.5   0.015342
16400.0   0.015216
16402.5   0.015098
16405.0   0.015040
16407.5   0.015050
16410.0   0.014917
16412.5   0.014495
16415.0   0.014127
16417.5   0.014147
16420.0   0.014379
16422.5   0.014582
16425.0   0.014766
16427.5   0.014985
16430.0   0.015224
16432.5   0.015457
16435.0   0.015676
16437.5   0.015877
16440.0   0.016051
16442.5   0.016190
16445.0   0.016297
16447.5   0.016379
16450.0   0.016437
16452.5   0.016470
16455.0   0.016479
16457.5   0.016467
16460.0   0.016443
16462.5   0.016414
16465.0   0.016380
16467.5   0.016344
16470.0   0.016317
16472.5   0.016313
16475.0   0.016331
16477.5   0.016370
16480.0   0.016426
16482.5   0.016495
16485.0   0.016572
16487.5   0.016653
16490.0   0.016733
16492.5   0.016805
16495.0   0.016866
16497.5   0.016913
16500.0   0.016946
16502.5   0.016963
16505.0   0.016966
16507.5   0.016956
16510.0   0.016935
16512.5   0.016907
16515.0   0.016876
16517.5   0.016845
16520.0   0.016817
16522.5   0.016796
16525.0   0.016784
16527.5   0.016781
16530.0   0.016788
16532.5   0.016804
16535.0   0.016827
16537.5   0.016855
16540.0   0.016884
16542.5   0.016912
16545.0   0.016936
16547.5   0.016953
16550.0   0.016963
16552.5   0.016964
16555.0   0.016955
16557.5   0.016937
16560.0   0.016912
16562.5   0.016881
16565.0   0.016845
16567.5   0.016808
16570.0   0.016770
16572.5   0.016734
16575.0   0.016700
16577.5   0.016670
16580.0   0.016643
16582.5   0.016618
16585.0   0.016595
16587.5   0.016572
16590.0   0.016546
16592.5   0.016516
16595.0   0.016481
16597.5   0.016438
16600.0   0.016388
16602.5   0.016330
16605.0   0.016266
16607.5   0.016197
16610.0   0.016125
16612.5   0.016055
16615.0   0.015989
16617.5   0.015930
16620.0   0.015883
16622.5   0.015852
16625.0   0.015837
16627.5   0.015839
16630.0   0.015859
16632.5   0.015900
16635.0   0.015962
16637.5   0.016046
16640.0   0.016143
16642.5   0.016244
16645.0   0.016346
16647.5   0.016446
16650.0   0.016539
16652.5   0.016617
16655.0   0.016676
16657.5   0.016713
16660.0   0.016725
16662.5   0.016713
16665.0   0.016679
16667.5   0.016627
16670.0   0.016560
16672.5   0.016484
16675.0   0.016404
16677.5   0.016326
16680.0   0.016255
16682.5   0.016195
16685.0   0.016148
16687.5   0.016117
16690.0   0.016102
16692.5   0.016103
16695.0   0.016118
16697.5   0.016144
16700.0   0.016177
16702.5   0.016215
16705.0   0.016252
16707.5   0.016285
16710.0   0.016309
16712.5   0.016323
16715.0   0.016324
16717.5   0.016312
16720.0   0.016286
16722.5   0.016249
16725.0   0.016203
16727.5   0.016152
16730.0   0.016099
16732.5   0.016047
16735.0   0.016001
16737.5   0.015964
16740.0   0.015941
16742.5   0.015933
16745.0   0.015933
16747.5   0.015932
16750.0   0.015918
16752.5   0.015885
16755.0   0.015839
16757.5   0.015788
16760.0   0.015729
16762.5   0.015654
16765.0   0.015558
16767.5   0.015437
16770.0   0.015291
16772.5   0.015123
16775.0   0.014936
16777.5   0.014733
16780.0   0.014519
16782.5   0.014299
16785.0   0.014082
16787.5   0.013877
16790.0   0.013688
16792.5   0.013520
16795.0   0.013380
16797.5   0.013273
16800.0   0.013202
16802.5   0.013170
16805.0   0.013176
16807.5   0.013220
16810.0   0.013298
16812.5   0.013408
16815.0   0.013544
16817.5   0.013699
16820.0   0.013869
16822.5   0.014047
16825.0   0.014227
16827.5   0.014403
16830.0   0.014570
16832.5   0.014725
16835.0   0.014866
16837.5   0.014990
16840.0   0.015097
16842.5   0.015187
16845.0   0.015262
16847.5   0.015324
16850.0   0.015375
16852.5   0.015417
16855.0   0.015454
16857.5   0.015488
16860.0   0.015520
16862.5   0.015550
16865.0   0.015580
16867.5   0.015613
16870.0   0.015653
16872.5   0.015703
16875.0   0.015747
16877.5   0.015772
16880.0   0.015781
16882.5   0.015781
16885.0   0.015776
16887.5   0.015766
16890.0   0.015750
16892.5   0.015726
16895.0   0.015693
16897.5   0.015654
16900.0   0.015612
16902.5   0.015571
16905.0   0.015534
16907.5   0.015503
16910.0   0.015480
16912.5   0.015467
16915.0   0.015464
16917.5   0.015473
16920.0   0.015491
16922.5   0.015517
16925.0   0.015550
16927.5   0.015588
16930.0   0.015628
16932.5   0.015665
16935.0   0.015698
16937.5   0.015724
16940.0   0.015743
16942.5   0.015753
16945.0   0.015753
16947.5   0.015743
16950.0   0.015723
16952.5   0.015695
16955.0   0.015661
16957.5   0.015622
16960.0   0.015580
16962.5   0.015537
16965.0   0.015495
16967.5   0.015455
16970.0   0.015420
16972.5   0.015390
16975.0   0.015364
16977.5   0.015343
16980.0   0.015325
16982.5   0.015310
16985.0   0.015297
16987.5   0.015285
16990.0   0.015272
16992.5   0.015257
16995.0   0.015240
16997.5   0.015219
17000.0   0.015194
17002.5   0.015167
17005.0   0.015138
17007.5   0.015108
17010.0   0.015078
17012.5   0.015049
17015.0   0.015024
17017.5   0.015003
17020.0   0.014988
17022.5   0.014978
17025.0   0.014973
17027.5   0.014974
17030.0   0.014981
17032.5   0.014992
17035.0   0.015006
17037.5   0.015020
17040.0   0.015034
17042.5   0.015046
17045.0   0.015055
17047.5   0.015059
17050.0   0.015057
17052.5   0.015049
17055.0   0.015036
17057.5   0.015017
17060.0   0.014994
17062.5   0.014968
17065.0   0.014942
17067.5   0.014917
17070.0   0.014895
17072.5   0.014877
17075.0   0.014865
17077.5   0.014861
17080.0   0.014864
17082.5   0.014874
17085.0   0.014890
17087.5   0.014912
17090.0   0.014938
17092.5   0.014967
17095.0   0.014996
17097.5   0.015022
17100.0   0.015042
17102.5   0.015056
17105.0   0.015062
17107.5   0.015059
17110.0   0.015047
17112.5   0.015026
17115.0   0.014996
17117.5   0.014959
17120.0   0.014916
17122.5   0.014870
17125.0   0.014825
17127.5   0.014783
17130.0   0.014745
17132.5   0.014714
17135.0   0.014692
17137.5   0.014680
17140.0   0.014678
17142.5   0.014685
17145.0   0.014700
17147.5   0.014722
17150.0   0.014748
17152.5   0.014776
17155.0   0.014804
17157.5   0.014829
17160.0   0.014848
17162.5   0.014860
17165.0   0.014863
17167.5   0.014856
17170.0   0.014840
17172.5   0.014814
17175.0   0.014780
17177.5   0.014739
17180.0   0.014694
17182.5   0.014647
17185.0   0.014601
17187.5   0.014559
17190.0   0.014523
17192.5   0.014495
17195.0   0.014477
17197.5   0.014470
17200.0   0.014474
17202.5   0.014489
17205.0   0.014513
17207.5   0.014545
17210.0   0.014582
17212.5   0.014621
17215.0   0.014658
17217.5   0.014692
17220.0   0.014719
17222.5   0.014736
17225.0   0.014743
17227.5   0.014738
17230.0   0.014720
17232.5   0.014689
17235.0   0.014647
17237.5   0.014597
17240.0   0.014539
17242.5   0.014476
17245.0   0.014411
17247.5   0.014349
17250.0   0.014294
17252.5   0.014247
17255.0   0.014209
17257.5   0.014181
17260.0   0.014164
17262.5   0.014160
17265.0   0.014168
17267.5   0.014186
17270.0   0.014214
17272.5   0.014249
17275.0   0.014284
17277.5   0.014311
17280.0   0.014329
17282.5   0.014340
17285.0   0.014348
17287.5   0.014355
17290.0   0.014360
17292.5   0.014359
17295.0   0.014353
17297.5   0.014340
17300.0   0.014316
17302.5   0.014276
17305.0   0.014220
17307.5   0.014151
17310.0   0.014071
17312.5   0.013980
17315.0   0.013877
17317.5   0.013763
17320.0   0.013637
17322.5   0.013501
17325.0   0.013355
17327.5   0.013200
17330.0   0.013038
17332.5   0.012869
17335.0   0.012696
17337.5   0.012520
17340.0   0.012345
17342.5   0.012173
17345.0   0.012008
17347.5   0.011852
17350.0   0.011710
17352.5   0.011584
17355.0   0.011478
17357.5   0.011395
17360.0   0.011337
17362.5   0.011306
17365.0   0.011304
17367.5   0.011331
17370.0   0.011387
17372.5   0.011471
17375.0   0.011580
17377.5   0.011713
17380.0   0.011867
17382.5   0.012039
17385.0   0.012219
17387.5   0.012399
17390.0   0.012600
17392.5   0.012836
17395.0   0.013082
17397.5   0.013305
17400.0   0.013490
17402.5   0.013631
17405.0   0.013743
17407.5   0.013839
17410.0   0.013911
17412.5   0.013951
17415.0   0.013967
17417.5   0.013970
17420.0   0.013959
17422.5   0.013935
17425.0   0.013902
17427.5   0.013867
17430.0   0.013834
17432.5   0.013806
17435.0   0.013782
17437.5   0.013759
17440.0   0.013740
17442.5   0.013726
17445.0   0.013718
17447.5   0.013713
17450.0   0.013712
17452.5   0.013713
17455.0   0.013716
17457.5   0.013718
17460.0   0.013718
17462.5   0.013716
17465.0   0.013712
17467.5   0.013704
17470.0   0.013693
17472.5   0.013679
17475.0   0.013662
17477.5   0.013644
17480.0   0.013626
17482.5   0.013610
17485.0   0.013595
17487.5   0.013583
17490.0   0.013575
17492.5   0.013572
17495.0   0.013574
17497.5   0.013580
17500.0   0.013590
17502.5   0.013604
17505.0   0.013620
17507.5   0.013638
17510.0   0.013656
17512.5   0.013673
17515.0   0.013687
17517.5   0.013697
17520.0   0.013702
17522.5   0.013701
17525.0   0.013694
17527.5   0.013680
17530.0   0.013659
17532.5   0.013632
17535.0   0.013600
17537.5   0.013563
17540.0   0.013524
17542.5   0.013484
17545.0   0.013445
17547.5   0.013408
17550.0   0.013375
17552.5   0.013347
17555.0   0.013324
17557.5   0.013308
17560.0   0.013300
17562.5   0.013298
17565.0   0.013303
17567.5   0.013313
17570.0   0.013328
17572.5   0.013346
17575.0   0.013366
17577.5   0.013389
17580.0   0.013412
17582.5   0.013435
17585.0   0.013456
17587.5   0.013476
17590.0   0.013494
17592.5   0.013509
17595.0   0.013523
17597.5   0.013535
17600.0   0.013546
17602.5   0.013555
17605.0   0.013563
17607.5   0.013571
17610.0   0.013578
17612.5   0.013584
17615.0   0.013590
17617.5   0.013594
17620.0   0.013597
17622.5   0.013596
17625.0   0.013592
17627.5   0.013583
17630.0   0.013567
17632.5   0.013544
17635.0   0.013514
17637.5   0.013475
17640.0   0.013428
17642.5   0.013372
17645.0   0.013308
17647.5   0.013238
17650.0   0.013162
17652.5   0.013083
17655.0   0.013004
17657.5   0.012927
17660.0   0.012855
17662.5   0.012791
17665.0   0.012736
17667.5   0.012693
17670.0   0.012663
17672.5   0.012647
17675.0   0.012646
17677.5   0.012659
17680.0   0.012685
17682.5   0.012723
17685.0   0.012772
17687.5   0.012828
17690.0   0.012891
17692.5   0.012957
17695.0   0.013025
17697.5   0.013091
17700.0   0.013153
17702.5   0.013210
17705.0   0.013260
17707.5   0.013301
17710.0   0.013331
17712.5   0.013350
17715.0   0.013357
17717.5   0.013354
17720.0   0.013339
17722.5   0.013314
17725.0   0.013279
17727.5   0.013237
17730.0   0.013190
17732.5   0.013139
17735.0   0.013085
17737.5   0.013031
17740.0   0.012977
17742.5   0.012926
17745.0   0.012880
17747.5   0.012839
17750.0   0.012803
17752.5   0.012770
17755.0   0.012741
17757.5   0.012717
17760.0   0.012697
17762.5   0.012680
17765.0   0.012665
17767.5   0.012653
17770.0   0.012643
17772.5   0.012634
17775.0   0.012627
17777.5   0.012622
17780.0   0.012620
17782.5   0.012619
17785.0   0.012621
17787.5   0.012626
17790.0   0.012635
17792.5   0.012647
17795.0   0.012663
17797.5   0.012682
17800.0   0.012704
17802.5   0.012728
17805.0   0.012754
17807.5   0.012781
17810.0   0.012807
17812.5   0.012831
17815.0   0.012853
17817.5   0.012872
17820.0   0.012886
17822.5   0.012895
17825.0   0.012898
17827.5   0.012894
17830.0   0.012884
17832.5   0.012867
17835.0   0.012845
17837.5   0.012817
17840.0   0.012785
17842.5   0.012750
17845.0   0.012714
17847.5   0.012679
17850.0   0.012647
17852.5   0.012620
17855.0   0.012600
17857.5   0.012588
17860.0   0.012586
17862.5   0.012593
17865.0   0.012608
17867.5   0.012631
17870.0   0.012661
17872.5   0.012696
17875.0   0.012734
17877.5   0.012773
17880.0   0.012812
17882.5   0.012848
17885.0   0.012880
17887.5   0.012907
17890.0   0.012927
17892.5   0.012940
17895.0   0.012946
17897.5   0.012944
17900.0   0.012933
17902.5   0.012914
17905.0   0.012887
17907.5   0.012853
17910.0   0.012813
17912.5   0.012768
17915.0   0.012719
17917.5   0.012669
17920.0   0.012621
17922.5   0.012579
17925.0   0.012544
17927.5   0.012519
17930.0   0.012506
17932.5   0.012506
17935.0   0.012518
17937.5   0.012543
17940.0   0.012578
17942.5   0.012620
17945.0   0.012668
17947.5   0.012719
17950.0   0.012769
17952.5   0.012816
17955.0   0.012859
17957.5   0.012896
17960.0   0.012925
17962.5   0.012946
17965.0   0.012957
17967.5   0.012958
17970.0   0.012947
17972.5   0.012925
17975.0   0.012891
17977.5   0.012844
17980.0   0.012782
17982.5   0.012706
17985.0   0.012619
17987.5   0.012525
17990.0   0.012414
17992.5   0.012280
17995.0   0.012142
17997.5   0.012028
18000.0   0.011962
18002.5   0.011957
18005.0   0.011976
18007.5   0.011980
18010.0   0.011972
18012.5   0.011964
18015.0   0.011958
18017.5   0.011955
18020.0   0.011952
18022.5   0.011948
18025.0   0.011944
18027.5   0.011939
18030.0   0.011935
18032.5   0.011931
18035.0   0.011927
18037.5   0.011923
18040.0   0.011919
18042.5   0.011915
18045.0   0.011911
18047.5   0.011906
18050.0   0.011902
18052.5   0.011898
18055.0   0.011894
18057.5   0.011890
18060.0   0.011886
18062.5   0.011882
18065.0   0.011878
18067.5   0.011874
18070.0   0.011869
18072.5   0.011865
18075.0   0.011861
18077.5   0.011857
18080.0   0.011853
18082.5   0.011849
18085.0   0.011845
18087.5   0.011841
18090.0   0.011836
18092.5   0.011832
18095.0   0.011828
18097.5   0.011824
18100.0   0.011820
18102.5   0.011816
18105.0   0.011812
18107.5   0.011808
18110.0   0.011804
18112.5   0.011799
18115.0   0.011795
18117.5   0.011791
18120.0   0.011787
18122.5   0.011783
18125.0   0.011779
18127.5   0.011775
18130.0   0.011771
18132.5   0.011767
18135.0   0.011763
18137.5   0.011759
18140.0   0.011755
18142.5   0.011750
18145.0   0.011746
18147.5   0.011742
18150.0   0.011738
18152.5   0.011734
18155.0   0.011730
18157.5   0.011726
18160.0   0.011722
18162.5   0.011718
18165.0   0.011714
18167.5   0.011710
18170.0   0.011706
18172.5   0.011702
18175.0   0.011698
18177.5   0.011693
18180.0   0.011689
18182.5   0.011685
18185.0   0.011681
18187.5   0.011677
18190.0   0.011673
18192.5   0.011669
18195.0   0.011665
18197.5   0.011661
18200.0   0.011657
18202.5   0.011653
18205.0   0.011649
18207.5   0.011645
18210.0   0.011641
18212.5   0.011637
18215.0   0.011633
18217.5   0.011629
18220.0   0.011624
18222.5   0.011620
18225.0   0.011616
18227.5   0.011612
18230.0   0.011608
18232.5   0.011604
18235.0   0.011600
18237.5   0.011596
18240.0   0.011592
18242.5   0.011588
18245.0   0.011584
18247.5   0.011580
18250.0   0.011576
18252.5   0.011572
18255.0   0.011568
18257.5   0.011564
18260.0   0.011560
18262.5   0.011556
18265.0   0.011552
18267.5   0.011548
18270.0   0.011544
18272.5   0.011540
18275.0   0.011536
18277.5   0.011532
18280.0   0.011528
18282.5   0.011524
18285.0   0.011520
18287.5   0.011516
18290.0   0.011512
18292.5   0.011508
18295.0   0.011504
18297.5   0.011500
18300.0   0.011496
18302.5   0.011492
18305.0   0.011488
18307.5   0.011483
18310.0   0.011479
18312.5   0.011475
18315.0   0.011471
18317.5   0.011467
18320.0   0.011463
18322.5   0.011459
18325.0   0.011455
18327.5   0.011451
18330.0   0.011447
18332.5   0.011443
18335.0   0.011439
18337.5   0.011435
18340.0   0.011431
18342.5   0.011427
18345.0   0.011423
18347.5   0.011420
18350.0   0.011416
18352.5   0.011412
18355.0   0.011408
18357.5   0.011404
18360.0   0.011400
18362.5   0.011396
18365.0   0.011392
18367.5   0.011388
18370.0   0.011384
18372.5   0.011380
18375.0   0.011376
18377.5   0.011372
18380.0   0.011368
18382.5   0.011364
18385.0   0.011360
18387.5   0.011356
18390.0   0.011352
18392.5   0.011348
18395.0   0.011344
18397.5   0.011340
18400.0   0.011336
18402.5   0.011332
18405.0   0.011328
18407.5   0.011324
18410.0   0.011320
18412.5   0.011316
18415.0   0.011312
18417.5   0.011308
18420.0   0.011304
18422.5   0.011300
18425.0   0.011296
18427.5   0.011292
18430.0   0.011288
18432.5   0.011284
18435.0   0.011280
18437.5   0.011277
18440.0   0.011273
18442.5   0.011269
18445.0   0.011265
18447.5   0.011261
18450.0   0.011257
18452.5   0.011253
18455.0   0.011249
18457.5   0.011245
18460.0   0.011241
18462.5   0.011237
18465.0   0.011233
18467.5   0.011229
18470.0   0.011225
18472.5   0.011221
18475.0   0.011217
18477.5   0.011213
18480.0   0.011209
18482.5   0.011205
18485.0   0.011202
18487.5   0.011198
18490.0   0.011194
18492.5   0.011190
18495.0   0.011186
18497.5   0.011182
18500.0   0.011178
18502.5   0.011174
18505.0   0.011170
18507.5   0.011166
18510.0   0.011162
18512.5   0.011158
18515.0   0.011155
18517.5   0.011151
18520.0   0.011147
18522.5   0.011143
18525.0   0.011139
18527.5   0.011135
18530.0   0.011131
18532.5   0.011127
18535.0   0.011123
18537.5   0.011119
18540.0   0.011115
18542.5   0.011111
18545.0   0.011108
18547.5   0.011104
18550.0   0.011100
18552.5   0.011096
18555.0   0.011092
18557.5   0.011088
18560.0   0.011084
18562.5   0.011080
18565.0   0.011076
18567.5   0.011072
18570.0   0.011069
18572.5   0.011065
18575.0   0.011061
18577.5   0.011057
18580.0   0.011053
18582.5   0.011049
18585.0   0.011045
18587.5   0.011041
18590.0   0.011037
18592.5   0.011034
18595.0   0.011030
18597.5   0.011026
18600.0   0.011022
18602.5   0.011018
18605.0   0.011014
18607.5   0.011010
18610.0   0.011006
18612.5   0.011003
18615.0   0.010999
18617.5   0.010995
18620.0   0.010991
18622.5   0.010987
18625.0   0.010983
18627.5   0.010979
18630.0   0.010975
18632.5   0.010972
18635.0   0.010968
18637.5   0.010964
18640.0   0.010960
18642.5   0.010956
18645.0   0.010952
18647.5   0.010948
18650.0   0.010944
18652.5   0.010940
18655.0   0.010937
18657.5   0.010933
18660.0   0.010929
18662.5   0.010925
18665.0   0.010921
18667.5   0.010918
18670.0   0.010914
18672.5   0.010910
18675.0   0.010906
18677.5   0.010902
18680.0   0.010898
18682.5   0.010894
18685.0   0.010890
18687.5   0.010886
18690.0   0.010883
18692.5   0.010879
18695.0   0.010875
18697.5   0.010871
18700.0   0.010867
18702.5   0.010863
18705.0   0.010860
18707.5   0.010856
18710.0   0.010852
18712.5   0.010848
18715.0   0.010844
18717.5   0.010840
18720.0   0.010837
18722.5   0.010833
18725.0   0.010829
18727.5   0.010825
18730.0   0.010821
18732.5   0.010817
18735.0   0.010814
18737.5   0.010810
18740.0   0.010806
18742.5   0.010802
18745.0   0.010798
18747.5   0.010794
18750.0   0.010791
18752.5   0.010787
18755.0   0.010783
18757.5   0.010779
18760.0   0.010775
18762.5   0.010772
18765.0   0.010768
18767.5   0.010764
18770.0   0.010760
18772.5   0.010756
18775.0   0.010753
18777.5   0.010749
18780.0   0.010745
18782.5   0.010741
18785.0   0.010737
18787.5   0.010734
18790.0   0.010730
18792.5   0.010726
18795.0   0.010722
18797.5   0.010718
18800.0   0.010715
18802.5   0.010711
18805.0   0.010707
18807.5   0.010703
18810.0   0.010699
18812.5   0.010696
18815.0   0.010692
18817.5   0.010688
18820.0   0.010684
18822.5   0.010680
18825.0   0.010677
18827.5   0.010673
18830.0   0.010669
18832.5   0.010665
18835.0   0.010661
18837.5   0.010658
18840.0   0.010654
18842.5   0.010650
18845.0   0.010646
18847.5   0.010642
18850.0   0.010639
18852.5   0.010635
18855.0   0.010631
18857.5   0.010627
18860.0   0.010624
18862.5   0.010620
18865.0   0.010616
18867.5   0.010612
18870.0   0.010608
18872.5   0.010605
18875.0   0.010601
18877.5   0.010597
18880.0   0.010593
18882.5   0.010590
18885.0   0.010586
18887.5   0.010582
18890.0   0.010578
18892.5   0.010575
18895.0   0.010571
18897.5   0.010567
18900.0   0.010563
18902.5   0.010560
18905.0   0.010556
18907.5   0.010552
18910.0   0.010548
18912.5   0.010545
18915.0   0.010541
18917.5   0.010537
18920.0   0.010533
18922.5   0.010529
18925.0   0.010526
18927.5   0.010522
18930.0   0.010518
18932.5   0.010515
18935.0   0.010511
18937.5   0.010507
18940.0   0.010503
18942.5   0.010499
18945.0   0.010496
18947.5   0.010492
18950.0   0.010488
18952.5   0.010484
18955.0   0.010481
18957.5   0.010477
18960.0   0.010473
18962.5   0.010469
18965.0   0.010466
18967.5   0.010462
18970.0   0.010458
18972.5   0.010454
18975.0   0.010451
18977.5   0.010447
18980.0   0.010443
18982.5   0.010439
18985.0   0.010436
18987.5   0.010433
18990.0   0.010429
18992.5   0.010425
18995.0   0.010421
18997.5   0.010418
19000.0   0.010414
19002.5   0.010410
19005.0   0.010406
19007.5   0.010402
19010.0   0.010399
19012.5   0.010395
19015.0   0.010391
19017.5   0.010387
19020.0   0.010384
19022.5   0.010380
19025.0   0.010376
19027.5   0.010372
19030.0   0.010369
19032.5   0.010366
19035.0   0.010362
19037.5   0.010358
19040.0   0.010354
19042.5   0.010351
19045.0   0.010347
19047.5   0.010343
19050.0   0.010339
19052.5   0.010335
19055.0   0.010332
19057.5   0.010329
19060.0   0.010325
19062.5   0.010321
19065.0   0.010317
19067.5   0.010313
19070.0   0.010310
19072.5   0.010306
19075.0   0.010302
19077.5   0.010298
19080.0   0.010295
19082.5   0.010292
19085.0   0.010288
19087.5   0.010284
19090.0   0.010280
19092.5   0.010276
19095.0   0.010273
19097.5   0.010270
19100.0   0.010266
19102.5   0.010262
19105.0   0.010258
19107.5   0.010254
19110.0   0.010251
19112.5   0.010247
19115.0   0.010243
19117.5   0.010239
19120.0   0.010236
19122.5   0.010233
19125.0   0.010229
19127.5   0.010225
19130.0   0.010221
19132.5   0.010217
19135.0   0.010214
19137.5   0.010211
19140.0   0.010207
19142.5   0.010203
19145.0   0.010199
19147.5   0.010195
19150.0   0.010192
19152.5   0.010189
19155.0   0.010185
19157.5   0.010181
19160.0   0.010177
19162.5   0.010173
19165.0   0.010170
19167.5   0.010167
19170.0   0.010163
19172.5   0.010159
19175.0   0.010155
19177.5   0.010151
19180.0   0.010148
19182.5   0.010145
19185.0   0.010141
19187.5   0.010138
19190.0   0.010134
19192.5   0.010130
19195.0   0.010126
19197.5   0.010122
19200.0   0.010119
19202.5   0.010116
19205.0   0.010112
19207.5   0.010108
19210.0   0.010104
19212.5   0.010100
19215.0   0.010097
19217.5   0.010093
19220.0   0.010090
19222.5   0.010087
19225.0   0.010083
19227.5   0.010079
19230.0   0.010075
19232.5   0.010071
19235.0   0.010068
19237.5   0.010064
19240.0   0.010061
19242.5   0.010058
19245.0   0.010054
19247.5   0.010050
19250.0   0.010046
19252.5   0.010042
19255.0   0.010039
19257.5   0.010035
19260.0   0.010032
19262.5   0.010029
19265.0   0.010025
19267.5   0.010021
19270.0   0.010017
19272.5   0.010013
19275.0   0.010010
19277.5   0.010007
19280.0   0.010003
19282.5   0.010000
19285.0   0.009996
19287.5   0.009992
19290.0   0.009988
19292.5   0.009984
19295.0   0.009981
19297.5   0.009978
19300.0   0.009974
19302.5   0.009970
19305.0   0.009967
19307.5   0.009964
19310.0   0.009960
19312.5   0.009956
19315.0   0.009952
19317.5   0.009948
19320.0   0.009945
19322.5   0.009942
19325.0   0.009938
19327.5   0.009934
19330.0   0.009931
19332.5   0.009928
19335.0   0.009924
19337.5   0.009920
19340.0   0.009916
19342.5   0.009912
19345.0   0.009909
19347.5   0.009906
19350.0   0.009902
19352.5   0.009898
19355.0   0.009895
19357.5   0.009892
19360.0   0.009888
19362.5   0.009884
19365.0   0.009880
19367.5   0.009876
19370.0   0.009873
19372.5   0.009870
19375.0   0.009866
19377.5   0.009862
19380.0   0.009859
19382.5   0.009856
19385.0   0.009852
19387.5   0.009848
19390.0   0.009845
19392.5   0.009842
19395.0   0.009838
19397.5   0.009834
19400.0   0.009830
19402.5   0.009826
19405.0   0.009823
19407.5   0.009820
19410.0   0.009816
19412.5   0.009812
19415.0   0.009809
19417.5   0.009805
19420.0   0.009802
19422.5   0.009799
19425.0   0.009795
19427.5   0.009791
19430.0   0.009788
19432.5   0.009785
19435.0   0.009781
19437.5   0.009777
19440.0   0.009773
19442.5   0.009769
19445.0   0.009766
19447.5   0.009763
19450.0   0.009759
19452.5   0.009755
19455.0   0.009752
19457.5   0.009749
19460.0   0.009745
19462.5   0.009741
19465.0   0.009738
19467.5   0.009735
19470.0   0.009731
19472.5   0.009727
19475.0   0.009724
19477.5   0.009721
19480.0   0.009717
19482.5   0.009713
19485.0   0.009710
19487.5   0.009707
19490.0   0.009703
19492.5   0.009699
19495.0   0.009695
19497.5   0.009691
19500.0   0.009688
19502.5   0.009685
19505.0   0.009682
19507.5   0.009679
19510.0   0.009673
19512.5   0.009663
19515.0   0.009643
19517.5   0.009610
19520.0   0.009563
19522.5   0.009503
19525.0   0.009432
19527.5   0.009351
19530.0   0.009261
19532.5   0.009164
19535.0   0.009062
19537.5   0.008957
19540.0   0.008853
19542.5   0.008751
19545.0   0.008655
19547.5   0.008567
19550.0   0.008490
19552.5   0.008424
19555.0   0.008372
19557.5   0.008334
19560.0   0.008311
19562.5   0.008302
19565.0   0.008307
19567.5   0.008324
19570.0   0.008352
19572.5   0.008389
19575.0   0.008433
19577.5   0.008481
19580.0   0.008530
19582.5   0.008579
19585.0   0.008625
19587.5   0.008667
19590.0   0.008703
19592.5   0.008732
19595.0   0.008755
19597.5   0.008771
19600.0   0.008781
19602.5   0.008784
19605.0   0.008782
19607.5   0.008776
19610.0   0.008768
19612.5   0.008757
19615.0   0.008744
19617.5   0.008730
19620.0   0.008716
19622.5   0.008705
19625.0   0.008697
19627.5   0.008693
19630.0   0.008693
19632.5   0.008696
19635.0   0.008703
19637.5   0.008713
19640.0   0.008727
19642.5   0.008745
19645.0   0.008766
19647.5   0.008789
19650.0   0.008813
19652.5   0.008838
19655.0   0.008863
19657.5   0.008888
19660.0   0.008911
19662.5   0.008932
19665.0   0.008951
19667.5   0.008967
19670.0   0.008981
19672.5   0.008992
19675.0   0.008999
19677.5   0.009004
19680.0   0.009006
19682.5   0.009006
19685.0   0.009005
19687.5   0.009002
19690.0   0.008999
19692.5   0.008996
19695.0   0.008993
19697.5   0.008990
19700.0   0.008988
19702.5   0.008987
19705.0   0.008988
19707.5   0.008989
19710.0   0.008991
19712.5   0.008994
19715.0   0.008997
19717.5   0.009001
19720.0   0.009004
19722.5   0.009007
19725.0   0.009009
19727.5   0.009010
19730.0   0.009009
19732.5   0.009006
19735.0   0.009001
19737.5   0.008994
19740.0   0.008984
19742.5   0.008971
19745.0   0.008956
19747.5   0.008938
19750.0   0.008918
19752.5   0.008895
19755.0   0.008871
19757.5   0.008845
19760.0   0.008818
19762.5   0.008789
19765.0   0.008760
19767.5   0.008731
19770.0   0.008703
19772.5   0.008675
19775.0   0.008648
19777.5   0.008623
19780.0   0.008600
19782.5   0.008579
19785.0   0.008561
19787.5   0.008546
19790.0   0.008533
19792.5   0.008523
19795.0   0.008516
19797.5   0.008512
19800.0   0.008510
19802.5   0.008511
19805.0   0.008515
19807.5   0.008520
19810.0   0.008527
19812.5   0.008535
19815.0   0.008543
19817.5   0.008551
19820.0   0.008560
19822.5   0.008568
19825.0   0.008576
19827.5   0.008583
19830.0   0.008588
19832.5   0.008592
19835.0   0.008595
19837.5   0.008595
19840.0   0.008593
19842.5   0.008591
19845.0   0.008587
19847.5   0.008582
19850.0   0.008576
19852.5   0.008570
19855.0   0.008563
19857.5   0.008556
19860.0   0.008548
19862.5   0.008541
19865.0   0.008535
19867.5   0.008529
19870.0   0.008524
19872.5   0.008519
19875.0   0.008516
19877.5   0.008514
19880.0   0.008513
19882.5   0.008513
19885.0   0.008514
19887.5   0.008516
19890.0   0.008518
19892.5   0.008521
19895.0   0.008525
19897.5   0.008529
19900.0   0.008533
19902.5   0.008537
19905.0   0.008540
19907.5   0.008543
19910.0   0.008545
19912.5   0.008547
19915.0   0.008548
19917.5   0.008549
19920.0   0.008550
19922.5   0.008549
19925.0   0.008547
19927.5   0.008543
19930.0   0.008537
19932.5   0.008528
19935.0   0.008517
19937.5   0.008505
19940.0   0.008493
19942.5   0.008480
19945.0   0.008465
19947.5   0.008449
19950.0   0.008433
19952.5   0.008416
19955.0   0.008399
19957.5   0.008382
19960.0   0.008364
19962.5   0.008346
19965.0   0.008329
19967.5   0.008312
19970.0   0.008296
19972.5   0.008279
19975.0   0.008263
19977.5   0.008248
19980.0   0.008233
19982.5   0.008218
19985.0   0.008204
19987.5   0.008190
19990.0   0.008176
19992.5   0.008161
19995.0   0.008146
19997.5   0.008130
20000.0   0.008113
20002.5   0.008094
20005.0   0.008072
20007.5   0.008047
20010.0   0.008019
20012.5   0.007987
20015.0   0.007951
20017.5   0.007910
20020.0   0.007865
20022.5   0.007815
20025.0   0.007762
20027.5   0.007707
20030.0   0.007652
20032.5   0.007601
20035.0   0.007555
20037.5   0.007516
20040.0   0.007485
20042.5   0.007463
20045.0   0.007453
20047.5   0.007455
20050.0   0.007470
20052.5   0.007496
20055.0   0.007529
20057.5   0.007563
20060.0   0.007598
20062.5   0.007633
20065.0   0.007667
20067.5   0.007701
20070.0   0.007734
20072.5   0.007765
20075.0   0.007794
20077.5   0.007821
20080.0   0.007845
20082.5   0.007868
20085.0   0.007888
20087.5   0.007906
20090.0   0.007921
20092.5   0.007934
20095.0   0.007944
20097.5   0.007952
20100.0   0.007956
20102.5   0.007957
20105.0   0.007954
20107.5   0.007948
20110.0   0.007937
20112.5   0.007922
20115.0   0.007902
20117.5   0.007878
20120.0   0.007850
20122.5   0.007819
20125.0   0.007784
20127.5   0.007747
20130.0   0.007709
20132.5   0.007672
20135.0   0.007636
20137.5   0.007603
20140.0   0.007575
20142.5   0.007552
20145.0   0.007535
20147.5   0.007524
20150.0   0.007520
20152.5   0.007522
20155.0   0.007530
20157.5   0.007543
20160.0   0.007560
20162.5   0.007582
20165.0   0.007607
20167.5   0.007635
20170.0   0.007664
20172.5   0.007695
20175.0   0.007727
20177.5   0.007760
20180.0   0.007792
20182.5   0.007823
20185.0   0.007854
20187.5   0.007884
20190.0   0.007912
20192.5   0.007937
20195.0   0.007960
20197.5   0.007980
20200.0   0.007998
20202.5   0.008012
20205.0   0.008023
20207.5   0.008031
20210.0   0.008036
20212.5   0.008038
20215.0   0.008038
20217.5   0.008036
20220.0   0.008032
20222.5   0.008027
20225.0   0.008022
20227.5   0.008016
20230.0   0.008010
20232.5   0.008004
20235.0   0.007999
20237.5   0.007995
20240.0   0.007992
20242.5   0.007989
20245.0   0.007988
20247.5   0.007988
20250.0   0.007989
20252.5   0.007991
20255.0   0.007993
20257.5   0.007996
20260.0   0.007999
20262.5   0.008003
20265.0   0.008006
20267.5   0.008009
20270.0   0.008010
20272.5   0.008010
20275.0   0.008009
20277.5   0.008006
20280.0   0.008002
20282.5   0.007996
20285.0   0.007987
20287.5   0.007977
20290.0   0.007964
20292.5   0.007949
20295.0   0.007933
20297.5   0.007915
20300.0   0.007896
20302.5   0.007876
20305.0   0.007855
20307.5   0.007835
20310.0   0.007815
20312.5   0.007795
20315.0   0.007776
20317.5   0.007759
20320.0   0.007743
20322.5   0.007729
20325.0   0.007717
20327.5   0.007707
20330.0   0.007699
20332.5   0.007693
20335.0   0.007689
20337.5   0.007686
20340.0   0.007685
20342.5   0.007686
20345.0   0.007688
20347.5   0.007691
20350.0   0.007694
20352.5   0.007698
20355.0   0.007702
20357.5   0.007706
20360.0   0.007709
20362.5   0.007712
20365.0   0.007713
20367.5   0.007713
20370.0   0.007712
20372.5   0.007709
20375.0   0.007705
20377.5   0.007699
20380.0   0.007691
20382.5   0.007682
20385.0   0.007672
20387.5   0.007661
20390.0   0.007649
20392.5   0.007637
20395.0   0.007624
20397.5   0.007612
20400.0   0.007600
20402.5   0.007589
20405.0   0.007579
20407.5   0.007570
20410.0   0.007563
20412.5   0.007557
20415.0   0.007553
20417.5   0.007550
20420.0   0.007548
20422.5   0.007547
20425.0   0.007548
20427.5   0.007549
20430.0   0.007551
20432.5   0.007554
20435.0   0.007556
20437.5   0.007558
20440.0   0.007559
20442.5   0.007560
20445.0   0.007560
20447.5   0.007559
20450.0   0.007556
20452.5   0.007551
20455.0   0.007545
20457.5   0.007537
20460.0   0.007528
20462.5   0.007517
20465.0   0.007505
20467.5   0.007492
20470.0   0.007477
20472.5   0.007461
20475.0   0.007445
20477.5   0.007428
20480.0   0.007412
20482.5   0.007396
20485.0   0.007381
20487.5   0.007366
20490.0   0.007353
20492.5   0.007343
20495.0   0.007335
20497.5   0.007329
20500.0   0.007326
20502.5   0.007325
20505.0   0.007326
20507.5   0.007329
20510.0   0.007334
20512.5   0.007341
20515.0   0.007349
20517.5   0.007359
20520.0   0.007370
20522.5   0.007382
20525.0   0.007393
20527.5   0.007403
20530.0   0.007412
20532.5   0.007419
20535.0   0.007425
20537.5   0.007428
20540.0   0.007429
20542.5   0.007426
20545.0   0.007420
20547.5   0.007411
20550.0   0.007400
20552.5   0.007386
20555.0   0.007369
20557.5   0.007351
20560.0   0.007333
20562.5   0.007314
20565.0   0.007294
20567.5   0.007274
20570.0   0.007256
20572.5   0.007240
20575.0   0.007225
20577.5   0.007212
20580.0   0.007200
20582.5   0.007191
20585.0   0.007185
20587.5   0.007181
20590.0   0.007179
20592.5   0.007179
20595.0   0.007182
20597.5   0.007186
20600.0   0.007192
20602.5   0.007198
20605.0   0.007206
20607.5   0.007215
20610.0   0.007224
20612.5   0.007233
20615.0   0.007241
20617.5   0.007249
20620.0   0.007256
20622.5   0.007261
20625.0   0.007265
20627.5   0.007266
20630.0   0.007266
20632.5   0.007264
20635.0   0.007260
20637.5   0.007254
20640.0   0.007245
20642.5   0.007235
20645.0   0.007223
20647.5   0.007210
20650.0   0.007197
20652.5   0.007183
20655.0   0.007168
20657.5   0.007154
20660.0   0.007141
20662.5   0.007129
20665.0   0.007119
20667.5   0.007110
20670.0   0.007103
20672.5   0.007098
20675.0   0.007096
20677.5   0.007096
20680.0   0.007097
20682.5   0.007100
20685.0   0.007105
20687.5   0.007111
20690.0   0.007118
20692.5   0.007126
20695.0   0.007135
20697.5   0.007143
20700.0   0.007151
20702.5   0.007158
20705.0   0.007164
20707.5   0.007169
20710.0   0.007173
20712.5   0.007175
20715.0   0.007176
20717.5   0.007175
20720.0   0.007172
20722.5   0.007166
20725.0   0.007157
20727.5   0.007147
20730.0   0.007135
20732.5   0.007122
20735.0   0.007108
20737.5   0.007093
20740.0   0.007078
20742.5   0.007062
20745.0   0.007046
20747.5   0.007031
20750.0   0.007016
20752.5   0.007002
20755.0   0.006989
20757.5   0.006977
20760.0   0.006966
20762.5   0.006957
20765.0   0.006950
20767.5   0.006944
20770.0   0.006940
20772.5   0.006937
20775.0   0.006935
20777.5   0.006934
20780.0   0.006935
20782.5   0.006937
20785.0   0.006940
20787.5   0.006943
20790.0   0.006946
20792.5   0.006950
20795.0   0.006954
20797.5   0.006958
20800.0   0.006962
20802.5   0.006965
20805.0   0.006968
20807.5   0.006971
20810.0   0.006974
20812.5   0.006976
20815.0   0.006977
20817.5   0.006979
20820.0   0.006980
20822.5   0.006981
20825.0   0.006981
20827.5   0.006981
20830.0   0.006982
20832.5   0.006983
20835.0   0.006983
20837.5   0.006983
20840.0   0.006984
20842.5   0.006985
20845.0   0.006987
20847.5   0.006988
20850.0   0.006989
20852.5   0.006990
20855.0   0.006992
20857.5   0.006993
20860.0   0.006994
20862.5   0.006995
20865.0   0.006995
20867.5   0.006994
20870.0   0.006993
20872.5   0.006991
20875.0   0.006988
20877.5   0.006984
20880.0   0.006979
20882.5   0.006973
20885.0   0.006965
20887.5   0.006957
20890.0   0.006948
20892.5   0.006938
20895.0   0.006928
20897.5   0.006917
20900.0   0.006905
20902.5   0.006893
20905.0   0.006881
20907.5   0.006870
20910.0   0.006859
20912.5   0.006848
20915.0   0.006838
20917.5   0.006829
20920.0   0.006821
20922.5   0.006814
20925.0   0.006809
20927.5   0.006805
20930.0   0.006802
20932.5   0.006800
20935.0   0.006800
20937.5   0.006801
20940.0   0.006803
20942.5   0.006806
20945.0   0.006810
20947.5   0.006814
20950.0   0.006819
20952.5   0.006824
20955.0   0.006829
20957.5   0.006833
20960.0   0.006837
20962.5   0.006839
20965.0   0.006841
20967.5   0.006842
20970.0   0.006842
20972.5   0.006840
20975.0   0.006837
20977.5   0.006833
20980.0   0.006827
20982.5   0.006820
20985.0   0.006812
20987.5   0.006803
20990.0   0.006794
20992.5   0.006784
20995.0   0.006773
20997.5   0.006762
21000.0   0.006752
21002.5   0.006742
21005.0   0.006733
21007.5   0.006725
21010.0   0.006718
21012.5   0.006712
21015.0   0.006708
21017.5   0.006705
21020.0   0.006704
21022.5   0.006705
21025.0   0.006707
21027.5   0.006711
21030.0   0.006716
21032.5   0.006722
21035.0   0.006730
21037.5   0.006739
21040.0   0.006748
21042.5   0.006758
21045.0   0.006767
21047.5   0.006776
21050.0   0.006785
21052.5   0.006793
21055.0   0.006800
21057.5   0.006805
21060.0   0.006809
21062.5   0.006811
21065.0   0.006811
21067.5   0.006809
21070.0   0.006805
21072.5   0.006798
21075.0   0.006789
21077.5   0.006778
21080.0   0.006765
21082.5   0.006750
21085.0   0.006734
21087.5   0.006716
21090.0   0.006697
21092.5   0.006677
21095.0   0.006657
21097.5   0.006637
21100.0   0.006617
21102.5   0.006597
21105.0   0.006578
21107.5   0.006560
21110.0   0.006544
21112.5   0.006530
21115.0   0.006517
21117.5   0.006507
21120.0   0.006498
21122.5   0.006491
21125.0   0.006487
21127.5   0.006485
21130.0   0.006486
21132.5   0.006488
21135.0   0.006492
21137.5   0.006498
21140.0   0.006505
21142.5   0.006513
21145.0   0.006522
21147.5   0.006532
21150.0   0.006542
21152.5   0.006552
21155.0   0.006562
21157.5   0.006571
21160.0   0.006580
21162.5   0.006588
21165.0   0.006595
21167.5   0.006600
21170.0   0.006604
21172.5   0.006606
21175.0   0.006607
21177.5   0.006606
21180.0   0.006604
21182.5   0.006600
21185.0   0.006594
21187.5   0.006587
21190.0   0.006579
21192.5   0.006570
21195.0   0.006559
21197.5   0.006547
21200.0   0.006534
21202.5   0.006521
21205.0   0.006507
21207.5   0.006494
21210.0   0.006481
21212.5   0.006468
21215.0   0.006456
21217.5   0.006444
21220.0   0.006433
21222.5   0.006423
21225.0   0.006414
21227.5   0.006406
21230.0   0.006398
21232.5   0.006391
21235.0   0.006385
21237.5   0.006380
21240.0   0.006377
21242.5   0.006374
21245.0   0.006372
21247.5   0.006371
21250.0   0.006371
21252.5   0.006372
21255.0   0.006373
21257.5   0.006375
21260.0   0.006377
21262.5   0.006380
21265.0   0.006383
21267.5   0.006386
21270.0   0.006390
21272.5   0.006394
21275.0   0.006399
21277.5   0.006404
21280.0   0.006409
21282.5   0.006414
21285.0   0.006419
21287.5   0.006424
21290.0   0.006429
21292.5   0.006434
21295.0   0.006439
21297.5   0.006444
21300.0   0.006448
21302.5   0.006452
21305.0   0.006455
21307.5   0.006458
21310.0   0.006461
21312.5   0.006463
21315.0   0.006464
21317.5   0.006465
21320.0   0.006465
21322.5   0.006464
21325.0   0.006463
21327.5   0.006460
21330.0   0.006457
21332.5   0.006453
21335.0   0.006448
21337.5   0.006442
21340.0   0.006435
21342.5   0.006428
21345.0   0.006420
21347.5   0.006412
21350.0   0.006403
21352.5   0.006394
21355.0   0.006384
21357.5   0.006374
21360.0   0.006364
21362.5   0.006354
21365.0   0.006345
21367.5   0.006336
21370.0   0.006328
21372.5   0.006320
21375.0   0.006313
21377.5   0.006307
21380.0   0.006301
21382.5   0.006296
21385.0   0.006293
21387.5   0.006291
21390.0   0.006289
21392.5   0.006288
21395.0   0.006288
21397.5   0.006289
21400.0   0.006291
21402.5   0.006294
21405.0   0.006297
21407.5   0.006301
21410.0   0.006305
21412.5   0.006309
21415.0   0.006313
21417.5   0.006317
21420.0   0.006320
21422.5   0.006323
21425.0   0.006326
21427.5   0.006328
21430.0   0.006329
21432.5   0.006329
21435.0   0.006329
21437.5   0.006328
21440.0   0.006325
21442.5   0.006321
21445.0   0.006315
21447.5   0.006308
21450.0   0.006301
21452.5   0.006292
21455.0   0.006283
21457.5   0.006273
21460.0   0.006263
21462.5   0.006252
21465.0   0.006241
21467.5   0.006229
21470.0   0.006218
21472.5   0.006207
21475.0   0.006196
21477.5   0.006185
21480.0   0.006175
21482.5   0.006166
21485.0   0.006158
21487.5   0.006151
21490.0   0.006144
21492.5   0.006139
21495.0   0.006135
21497.5   0.006132
21500.0   0.006131
21502.5   0.006130
21505.0   0.006131
21507.5   0.006133
21510.0   0.006136
21512.5   0.006140
21515.0   0.006144
21517.5   0.006149
21520.0   0.006155
21522.5   0.006161
21525.0   0.006168
21527.5   0.006175
21530.0   0.006182
21532.5   0.006189
21535.0   0.006195
21537.5   0.006201
21540.0   0.006207
21542.5   0.006212
21545.0   0.006216
21547.5   0.006219
21550.0   0.006221
21552.5   0.006222
21555.0   0.006221
21557.5   0.006219
21560.0   0.006217
21562.5   0.006214
21565.0   0.006210
21567.5   0.006205
21570.0   0.006199
21572.5   0.006192
21575.0   0.006183
21577.5   0.006173
21580.0   0.006162
21582.5   0.006150
21585.0   0.006138
21587.5   0.006124
21590.0   0.006109
21592.5   0.006092
21595.0   0.006072
21597.5   0.006049
21600.0   0.006022
21602.5   0.005990
21605.0   0.005954
21607.5   0.005914
21610.0   0.005870
21612.5   0.005822
21615.0   0.005770
21617.5   0.005716
21620.0   0.005661
21622.5   0.005605
21625.0   0.005549
21627.5   0.005491
21630.0   0.005434
21632.5   0.005378
21635.0   0.005326
21637.5   0.005277
21640.0   0.005233
21642.5   0.005192
21645.0   0.005156
21647.5   0.005124
21650.0   0.005096
21652.5   0.005073
21655.0   0.005056
21657.5   0.005045
21660.0   0.005041
21662.5   0.005043
21665.0   0.005052
21667.5   0.005068
21670.0   0.005089
21672.5   0.005115
21675.0   0.005146
21677.5   0.005181
21680.0   0.005220
21682.5   0.005262
21685.0   0.005308
21687.5   0.005357
21690.0   0.005410
21692.5   0.005466
21695.0   0.005523
21697.5   0.005579
21700.0   0.005629
21702.5   0.005670
21705.0   0.005701
21707.5   0.005724
21710.0   0.005742
21712.5   0.005758
21715.0   0.005773
21717.5   0.005787
21720.0   0.005799
21722.5   0.005809
21725.0   0.005816
21727.5   0.005822
21730.0   0.005827
21732.5   0.005831
21735.0   0.005834
21737.5   0.005836
21740.0   0.005838
21742.5   0.005840
21745.0   0.005842
21747.5   0.005844
21750.0   0.005847
21752.5   0.005850
21755.0   0.005854
21757.5   0.005859
21760.0   0.005865
21762.5   0.005871
21765.0   0.005878
21767.5   0.005887
21770.0   0.005897
21772.5   0.005907
21775.0   0.005917
21777.5   0.005927
21780.0   0.005937
21782.5   0.005944
21785.0   0.005949
21787.5   0.005950
21790.0   0.005948
21792.5   0.005942
21795.0   0.005935
21797.5   0.005927
21800.0   0.005918
21802.5   0.005908
21805.0   0.005898
21807.5   0.005887
21810.0   0.005874
21812.5   0.005860
21815.0   0.005846
21817.5   0.005832
21820.0   0.005817
21822.5   0.005802
21825.0   0.005788
21827.5   0.005774
21830.0   0.005760
21832.5   0.005747
21835.0   0.005734
21837.5   0.005723
21840.0   0.005713
21842.5   0.005704
21845.0   0.005697
21847.5   0.005691
21850.0   0.005687
21852.5   0.005685
21855.0   0.005684
21857.5   0.005685
21860.0   0.005688
21862.5   0.005693
21865.0   0.005699
21867.5   0.005706
21870.0   0.005715
21872.5   0.005725
21875.0   0.005735
21877.5   0.005746
21880.0   0.005758
21882.5   0.005770
21885.0   0.005782
21887.5   0.005794
21890.0   0.005805
21892.5   0.005815
21895.0   0.005825
21897.5   0.005834
21900.0   0.005841
21902.5   0.005847
21905.0   0.005851
21907.5   0.005854
21910.0   0.005856
21912.5   0.005856
21915.0   0.005854
21917.5   0.005851
21920.0   0.005846
21922.5   0.005840
21925.0   0.005833
21927.5   0.005825
21930.0   0.005815
21932.5   0.005805
21935.0   0.005794
21937.5   0.005783
21940.0   0.005772
21942.5   0.005761
21945.0   0.005749
21947.5   0.005738
21950.0   0.005726
21952.5   0.005714
21955.0   0.005703
21957.5   0.005692
21960.0   0.005682
21962.5   0.005672
21965.0   0.005662
21967.5   0.005654
21970.0   0.005646
21972.5   0.005639
21975.0   0.005632
21977.5   0.005627
21980.0   0.005622
21982.5   0.005618
21985.0   0.005614
21987.5   0.005611
21990.0   0.005609
21992.5   0.005607
21995.0   0.005606
21997.5   0.005605
22000.0   0.005604
22002.5   0.005603
22005.0   0.005603
22007.5   0.005603
22010.0   0.005603
22012.5   0.005604
22015.0   0.005604
22017.5   0.005604
22020.0   0.005604
22022.5   0.005604
22025.0   0.005605
22027.5   0.005605
22030.0   0.005605
22032.5   0.005605
22035.0   0.005605
22037.5   0.005605
22040.0   0.005605
22042.5   0.005604
22045.0   0.005604
22047.5   0.005604
22050.0   0.005604
22052.5   0.005604
22055.0   0.005603
22057.5   0.005603
22060.0   0.005602
22062.5   0.005601
22065.0   0.005600
22067.5   0.005600
22070.0   0.005599
22072.5   0.005597
22075.0   0.005594
22077.5   0.005590
22080.0   0.005585
22082.5   0.005579
22085.0   0.005572
22087.5   0.005564
22090.0   0.005557
22092.5   0.005550
22095.0   0.005544
22097.5   0.005538
22100.0   0.005532
22102.5   0.005527
22105.0   0.005522
22107.5   0.005517
22110.0   0.005511
22112.5   0.005506
22115.0   0.005500
22117.5   0.005494
22120.0   0.005488
22122.5   0.005482
22125.0   0.005477
22127.5   0.005471
22130.0   0.005465
22132.5   0.005459
22135.0   0.005454
22137.5   0.005449
22140.0   0.005444
22142.5   0.005439
22145.0   0.005435
22147.5   0.005431
22150.0   0.005428
22152.5   0.005426
22155.0   0.005424
22157.5   0.005422
22160.0   0.005421
22162.5   0.005421
22165.0   0.005422
22167.5   0.005423
22170.0   0.005425
22172.5   0.005428
22175.0   0.005431
22177.5   0.005434
22180.0   0.005438
22182.5   0.005443
22185.0   0.005448
22187.5   0.005454
22190.0   0.005459
22192.5   0.005464
22195.0   0.005470
22197.5   0.005476
22200.0   0.005482
22202.5   0.005488
22205.0   0.005493
22207.5   0.005498
22210.0   0.005502
22212.5   0.005506
22215.0   0.005509
22217.5   0.005512
22220.0   0.005514
22222.5   0.005516
22225.0   0.005517
22227.5   0.005517
22230.0   0.005517
22232.5   0.005516
22235.0   0.005514
22237.5   0.005512
22240.0   0.005509
22242.5   0.005506
22245.0   0.005503
22247.5   0.005499
22250.0   0.005494
22252.5   0.005489
22255.0   0.005484
22257.5   0.005479
22260.0   0.005473
22262.5   0.005468
22265.0   0.005462
22267.5   0.005456
22270.0   0.005450
22272.5   0.005445
22275.0   0.005439
22277.5   0.005433
22280.0   0.005427
22282.5   0.005421
22285.0   0.005416
22287.5   0.005410
22290.0   0.005404
22292.5   0.005398
22295.0   0.005393
22297.5   0.005387
22300.0   0.005381
22302.5   0.005375
22305.0   0.005369
22307.5   0.005362
22310.0   0.005356
22312.5   0.005350
22315.0   0.005344
22317.5   0.005338
22320.0   0.005331
22322.5   0.005324
22325.0   0.005317
22327.5   0.005311
22330.0   0.005305
22332.5   0.005298
22335.0   0.005292
22337.5   0.005286
22340.0   0.005281
22342.5   0.005276
22345.0   0.005271
22347.5   0.005267
22350.0   0.005263
22352.5   0.005260
22355.0   0.005257
22357.5   0.005255
22360.0   0.005253
22362.5   0.005252
22365.0   0.005251
22367.5   0.005251
22370.0   0.005251
22372.5   0.005252
22375.0   0.005253
22377.5   0.005255
22380.0   0.005257
22382.5   0.005259
22385.0   0.005262
22387.5   0.005265
22390.0   0.005269
22392.5   0.005272
22395.0   0.005275
22397.5   0.005278
22400.0   0.005281
22402.5   0.005284
22405.0   0.005287
22407.5   0.005289
22410.0   0.005291
22412.5   0.005292
22415.0   0.005293
22417.5   0.005294
22420.0   0.005294
22422.5   0.005293
22425.0   0.005292
22427.5   0.005290
22430.0   0.005287
22432.5   0.005284
22435.0   0.005280
22437.5   0.005275
22440.0   0.005270
22442.5   0.005264
22445.0   0.005258
22447.5   0.005252
22450.0   0.005245
22452.5   0.005238
22455.0   0.005230
22457.5   0.005222
22460.0   0.005215
22462.5   0.005208
22465.0   0.005200
22467.5   0.005192
22470.0   0.005185
22472.5   0.005178
22475.0   0.005171
22477.5   0.005165
22480.0   0.005160
22482.5   0.005155
22485.0   0.005150
22487.5   0.005146
22490.0   0.005142
22492.5   0.005139
22495.0   0.005137
22497.5   0.005135
22500.0   0.005134
22502.5   0.005133
22505.0   0.005133
22507.5   0.005134
22510.0   0.005135
22512.5   0.005136
22515.0   0.005138
22517.5   0.005139
22520.0   0.005138
22522.5   0.005133
22525.0   0.005125
22527.5   0.005114
22530.0   0.005103
22532.5   0.005093
22535.0   0.005086
22537.5   0.005081
22540.0   0.005078
22542.5   0.005075
22545.0   0.005073
22547.5   0.005070
22550.0   0.005068
22552.5   0.005066
22555.0   0.005065
22557.5   0.005065
22560.0   0.005065
22562.5   0.005065
22565.0   0.005065
22567.5   0.005065
22570.0   0.005066
22572.5   0.005067
22575.0   0.005067
22577.5   0.005067
22580.0   0.005068
22582.5   0.005069
22585.0   0.005069
22587.5   0.005069
22590.0   0.005068
22592.5   0.005067
22595.0   0.005065
22597.5   0.005063
22600.0   0.005061
22602.5   0.005059
22605.0   0.005056
22607.5   0.005053
22610.0   0.005049
22612.5   0.005046
22615.0   0.005042
22617.5   0.005038
22620.0   0.005034
22622.5   0.005030
22625.0   0.005026
22627.5   0.005022
22630.0   0.005018
22632.5   0.005015
22635.0   0.005012
22637.5   0.005009
22640.0   0.005006
22642.5   0.005004
22645.0   0.005003
22647.5   0.005002
22650.0   0.005001
22652.5   0.005001
22655.0   0.005001
22657.5   0.005002
22660.0   0.005003
22662.5   0.005004
22665.0   0.005006
22667.5   0.005008
22670.0   0.005010
22672.5   0.005012
22675.0   0.005014
22677.5   0.005015
22680.0   0.005016
22682.5   0.005018
22685.0   0.005021
22687.5   0.005027
22690.0   0.005035
22692.5   0.005043
22695.0   0.005050
22697.5   0.005053
22700.0   0.005052
22702.5   0.005048
22705.0   0.005041
22707.5   0.005033
22710.0   0.005024
22712.5   0.005015
22715.0   0.005006
22717.5   0.004996
22720.0   0.004987
22722.5   0.004978
22725.0   0.004970
22727.5   0.004962
22730.0   0.004954
22732.5   0.004947
22735.0   0.004940
22737.5   0.004934
22740.0   0.004929
22742.5   0.004924
22745.0   0.004919
22747.5   0.004916
22750.0   0.004914
22752.5   0.004914
22755.0   0.004914
22757.5   0.004915
22760.0   0.004916
22762.5   0.004918
22765.0   0.004920
22767.5   0.004923
22770.0   0.004926
22772.5   0.004930
22775.0   0.004935
22777.5   0.004940
22780.0   0.004944
22782.5   0.004948
22785.0   0.004953
22787.5   0.004958
22790.0   0.004962
22792.5   0.004966
22795.0   0.004970
22797.5   0.004973
22800.0   0.004976
22802.5   0.004978
22805.0   0.004980
22807.5   0.004980
22810.0   0.004980
22812.5   0.004979
22815.0   0.004978
22817.5   0.004975
22820.0   0.004972
22822.5   0.004968
22825.0   0.004964
22827.5   0.004959
22830.0   0.004953
22832.5   0.004947
22835.0   0.004940
22837.5   0.004933
22840.0   0.004925
22842.5   0.004918
22845.0   0.004910
22847.5   0.004902
22850.0   0.004894
22852.5   0.004886
22855.0   0.004879
22857.5   0.004872
22860.0   0.004865
22862.5   0.004858
22865.0   0.004852
22867.5   0.004846
22870.0   0.004840
22872.5   0.004835
22875.0   0.004831
22877.5   0.004827
22880.0   0.004823
22882.5   0.004819
22885.0   0.004816
22887.5   0.004814
22890.0   0.004812
22892.5   0.004811
22895.0   0.004809
22897.5   0.004807
22900.0   0.004806
22902.5   0.004805
22905.0   0.004805
22907.5   0.004804
22910.0   0.004804
22912.5   0.004804
22915.0   0.004804
22917.5   0.004804
22920.0   0.004803
22922.5   0.004803
22925.0   0.004803
22927.5   0.004803
22930.0   0.004802
22932.5   0.004801
22935.0   0.004801
22937.5   0.004800
22940.0   0.004800
22942.5   0.004800
22945.0   0.004799
22947.5   0.004798
22950.0   0.004797
22952.5   0.004796
22955.0   0.004796
22957.5   0.004796
22960.0   0.004795
22962.5   0.004795
22965.0   0.004794
22967.5   0.004793
22970.0   0.004793
22972.5   0.004793
22975.0   0.004793
22977.5   0.004793
22980.0   0.004793
22982.5   0.004793
22985.0   0.004794
22987.5   0.004795
22990.0   0.004795
22992.5   0.004795
22995.0   0.004796
22997.5   0.004797
23000.0   0.004798
23002.5   0.004799
23005.0   0.004799
23007.5   0.004800
23010.0   0.004800
23012.5   0.004800
23015.0   0.004800
23017.5   0.004800
23020.0   0.004800
23022.5   0.004800
23025.0   0.004799
23027.5   0.004798
23030.0   0.004797
23032.5   0.004796
23035.0   0.004794
23037.5   0.004792
23040.0   0.004790
23042.5   0.004787
23045.0   0.004784
23047.5   0.004781
23050.0   0.004778
23052.5   0.004775
23055.0   0.004771
23057.5   0.004768
23060.0   0.004764
23062.5   0.004760
23065.0   0.004756
23067.5   0.004752
23070.0   0.004748
23072.5   0.004743
23075.0   0.004739
23077.5   0.004735
23080.0   0.004732
23082.5   0.004728
23085.0   0.004724
23087.5   0.004720
23090.0   0.004716
23092.5   0.004712
23095.0   0.004709
23097.5   0.004706
23100.0   0.004703
23102.5   0.004700
23105.0   0.004696
23107.5   0.004693
23110.0   0.004690
23112.5   0.004687
23115.0   0.004684
23117.5   0.004680
23120.0   0.004677
23122.5   0.004674
23125.0   0.004671
23127.5   0.004668
23130.0   0.004664
23132.5   0.004660
23135.0   0.004657
23137.5   0.004654
23140.0   0.004650
23142.5   0.004646
23145.0   0.004642
23147.5   0.004638
23150.0   0.004634
23152.5   0.004630
23155.0   0.004626
23157.5   0.004622
23160.0   0.004617
23162.5   0.004612
23165.0   0.004608
23167.5   0.004604
23170.0   0.004600
23172.5   0.004596
23175.0   0.004592
23177.5   0.004588
23180.0   0.004585
23182.5   0.004581
23185.0   0.004578
23187.5   0.004575
23190.0   0.004572
23192.5   0.004569
23195.0   0.004567
23197.5   0.004565
23200.0   0.004564
23202.5   0.004562
23205.0   0.004561
23207.5   0.004560
23210.0   0.004559
23212.5   0.004558
23215.0   0.004557
23217.5   0.004556
23220.0   0.004556
23222.5   0.004556
23225.0   0.004556
23227.5   0.004556
23230.0   0.004556
23232.5   0.004556
23235.0   0.004556
23237.5   0.004556
23240.0   0.004556
23242.5   0.004557
23245.0   0.004557
23247.5   0.004557
23250.0   0.004557
23252.5   0.004557
23255.0   0.004557
23257.5   0.004557
23260.0   0.004556
23262.5   0.004555
23265.0   0.004555
23267.5   0.004554
23270.0   0.004554
23272.5   0.004554
23275.0   0.004553
23277.5   0.004552
23280.0   0.004551
23282.5   0.004549
23285.0   0.004548
23287.5   0.004547
23290.0   0.004546
23292.5   0.004544
23295.0   0.004542
23297.5   0.004540
23300.0   0.004539
23302.5   0.004537
23305.0   0.004535
23307.5   0.004533
23310.0   0.004531
23312.5   0.004529
23315.0   0.004527
23317.5   0.004525
23320.0   0.004523
23322.5   0.004521
23325.0   0.004519
23327.5   0.004517
23330.0   0.004515
23332.5   0.004513
23335.0   0.004511
23337.5   0.004509
23340.0   0.004507
23342.5   0.004505
23345.0   0.004503
23347.5   0.004501
23350.0   0.004499
23352.5   0.004497
23355.0   0.004495
23357.5   0.004493
23360.0   0.004491
23362.5   0.004490
23365.0   0.004488
23367.5   0.004486
23370.0   0.004484
23372.5   0.004482
23375.0   0.004480
23377.5   0.004478
23380.0   0.004476
23382.5   0.004474
23385.0   0.004472
23387.5   0.004470
23390.0   0.004468
23392.5   0.004466
23395.0   0.004465
23397.5   0.004463
23400.0   0.004462
23402.5   0.004461
23405.0   0.004460
23407.5   0.004459
23410.0   0.004458
23412.5   0.004457
23415.0   0.004456
23417.5   0.004455
23420.0   0.004455
23422.5   0.004455
23425.0   0.004455
23427.5   0.004455
23430.0   0.004455
23432.5   0.004455
23435.0   0.004456
23437.5   0.004457
23440.0   0.004457
23442.5   0.004457
23445.0   0.004458
23447.5   0.004459
23450.0   0.004459
23452.5   0.004459
23455.0   0.004459
23457.5   0.004459
23460.0   0.004459
23462.5   0.004459
23465.0   0.004458
23467.5   0.004457
23470.0   0.004456
23472.5   0.004454
23475.0   0.004452
23477.5   0.004449
23480.0   0.004446
23482.5   0.004442
23485.0   0.004438
23487.5   0.004434
23490.0   0.004429
23492.5   0.004423
23495.0   0.004417
23497.5   0.004411
23500.0   0.004404
23502.5   0.004396
23505.0   0.004388
23507.5   0.004380
23510.0   0.004372
23512.5   0.004363
23515.0   0.004354
23517.5   0.004344
23520.0   0.004335
23522.5   0.004326
23525.0   0.004317
23527.5   0.004308
23530.0   0.004299
23532.5   0.004290
23535.0   0.004282
23537.5   0.004274
23540.0   0.004266
23542.5   0.004259
23545.0   0.004253
23547.5   0.004248
23550.0   0.004243
23552.5   0.004239
23555.0   0.004235
23557.5   0.004233
23560.0   0.004231
23562.5   0.004230
23565.0   0.004229
23567.5   0.004230
23570.0   0.004231
23572.5   0.004232
23575.0   0.004234
23577.5   0.004237
23580.0   0.004241
23582.5   0.004244
23585.0   0.004248
23587.5   0.004252
23590.0   0.004257
23592.5   0.004262
23595.0   0.004267
23597.5   0.004272
23600.0   0.004276
23602.5   0.004280
23605.0   0.004284
23607.5   0.004288
23610.0   0.004292
23612.5   0.004295
23615.0   0.004298
23617.5   0.004300
23620.0   0.004302
23622.5   0.004303
23625.0   0.004303
23627.5   0.004303
23630.0   0.004302
23632.5   0.004301
23635.0   0.004299
23637.5   0.004296
23640.0   0.004293
23642.5   0.004290
23645.0   0.004286
23647.5   0.004281
23650.0   0.004276
23652.5   0.004271
23655.0   0.004265
23657.5   0.004259
23660.0   0.004252
23662.5   0.004245
23665.0   0.004238
23667.5   0.004231
23670.0   0.004224
23672.5   0.004217
23675.0   0.004210
23677.5   0.004203
23680.0   0.004197
23682.5   0.004191
23685.0   0.004185
23687.5   0.004179
23690.0   0.004174
23692.5   0.004170
23695.0   0.004166
23697.5   0.004163
23700.0   0.004160
23702.5   0.004158
23705.0   0.004156
23707.5   0.004155
23710.0   0.004155
23712.5   0.004155
23715.0   0.004155
23717.5   0.004156
23720.0   0.004158
23722.5   0.004160
23725.0   0.004162
23727.5   0.004165
23730.0   0.004168
23732.5   0.004171
23735.0   0.004174
23737.5   0.004177
23740.0   0.004180
23742.5   0.004183
23745.0   0.004185
23747.5   0.004188
23750.0   0.004190
23752.5   0.004192
23755.0   0.004193
23757.5   0.004195
23760.0   0.004196
23762.5   0.004196
23765.0   0.004196
23767.5   0.004196
23770.0   0.004196
23772.5   0.004195
23775.0   0.004194
23777.5   0.004192
23780.0   0.004190
23782.5   0.004188
23785.0   0.004185
23787.5   0.004182
23790.0   0.004179
23792.5   0.004176
23795.0   0.004172
23797.5   0.004168
23800.0   0.004163
23802.5   0.004159
23805.0   0.004154
23807.5   0.004149
23810.0   0.004144
23812.5   0.004139
23815.0   0.004134
23817.5   0.004128
23820.0   0.004123
23822.5   0.004118
23825.0   0.004113
23827.5   0.004108
23830.0   0.004103
23832.5   0.004099
23835.0   0.004095
23837.5   0.004091
23840.0   0.004087
23842.5   0.004083
23845.0   0.004080
23847.5   0.004077
23850.0   0.004075
23852.5   0.004073
23855.0   0.004072
23857.5   0.004071
23860.0   0.004071
23862.5   0.004071
23865.0   0.004071
23867.5   0.004071
23870.0   0.004072
23872.5   0.004074
23875.0   0.004076
23877.5   0.004078
23880.0   0.004080
23882.5   0.004082
23885.0   0.004085
23887.5   0.004088
23890.0   0.004091
23892.5   0.004095
23895.0   0.004098
23897.5   0.004101
23900.0   0.004104
23902.5   0.004107
23905.0   0.004110
23907.5   0.004113
23910.0   0.004116
23912.5   0.004119
23915.0   0.004121
23917.5   0.004123
23920.0   0.004125
23922.5   0.004126
23925.0   0.004127
23927.5   0.004127
23930.0   0.004127
23932.5   0.004126
23935.0   0.004125
23937.5   0.004124
23940.0   0.004122
23942.5   0.004120
23945.0   0.004118
23947.5   0.004115
23950.0   0.004112
23952.5   0.004109
23955.0   0.004105
23957.5   0.004101
23960.0   0.004097
23962.5   0.004093
23965.0   0.004088
23967.5   0.004084
23970.0   0.004079
23972.5   0.004074
23975.0   0.004070
23977.5   0.004066
23980.0   0.004062
23982.5   0.004058
23985.0   0.004054
23987.5   0.004050
23990.0   0.004047
23992.5   0.004044
23995.0   0.004042
23997.5   0.004040
24000.0   0.004038
24002.5   0.004036
24005.0   0.004035
24007.5   0.004034
24010.0   0.004034
24012.5   0.004033
24015.0   0.004033
24017.5   0.004033
24020.0   0.004034
24022.5   0.004034
24025.0   0.004035
24027.5   0.004036
24030.0   0.004037
24032.5   0.004038
24035.0   0.004039
24037.5   0.004040
24040.0   0.004040
24042.5   0.004041
24045.0   0.004041
24047.5   0.004041
24050.0   0.004041
24052.5   0.004040
24055.0   0.004039
24057.5   0.004038
24060.0   0.004036
24062.5   0.004034
24065.0   0.004032
24067.5   0.004029
24070.0   0.004026
24072.5   0.004022
24075.0   0.004018
24077.5   0.004014
24080.0   0.004009
24082.5   0.004004
24085.0   0.003999
24087.5   0.003994
24090.0   0.003988
24092.5   0.003982
24095.0   0.003976
24097.5   0.003970
24100.0   0.003963
24102.5   0.003956
24105.0   0.003950
24107.5   0.003943
24110.0   0.003937
24112.5   0.003931
24115.0   0.003924
24117.5   0.003917
24120.0   0.003911
24122.5   0.003905
24125.0   0.003899
24127.5   0.003893
24130.0   0.003886
24132.5   0.003879
24135.0   0.003873
24137.5   0.003866
24140.0   0.003860
24142.5   0.003854
24145.0   0.003847
24147.5   0.003840
24150.0   0.003833
24152.5   0.003827
24155.0   0.003820
24157.5   0.003813
24160.0   0.003805
24162.5   0.003798
24165.0   0.003791
24167.5   0.003784
24170.0   0.003776
24172.5   0.003769
24175.0   0.003762
24177.5   0.003755
24180.0   0.003749
24182.5   0.003743
24185.0   0.003737
24187.5   0.003731
24190.0   0.003726
24192.5   0.003722
24195.0   0.003718
24197.5   0.003715
24200.0   0.003713
