 1200.0   0.003211
 1202.5   0.004597
 1205.0   0.008057
 1207.5   0.015877
 1210.0   0.026845
 1212.5   0.038038
 1215.0   0.043203
 1217.5   0.037580
 1220.0   0.025721
 1222.5   0.013822
 1225.0   0.005329
 1227.5   0.002010
 1230.0   0.001663
 1232.5   0.001665
 1235.0   0.001686
 1237.5   0.001859
 1240.0   0.001866
 1242.5   0.001476
 1245.0   0.001239
 1247.5   0.001640
 1250.0   0.002106
 1252.5   0.002033
 1255.0   0.001743
 1257.5   0.001619
 1260.0   0.001372
 1262.5   0.000746
 1265.0   0.000277
 1267.5   0.000448
 1270.0   0.000724
 1272.5   0.000564
 1275.0   0.000418
 1277.5   0.000739
 1280.0   0.001003
 1282.5   0.000679
 1285.0   0.000172
 1287.5  -0.000022
 1290.0   0.000000
 1292.5   0.000031
 1295.0   0.000000
 1297.5  -0.000079
 1300.0   0.000000
 1302.5   0.000376
 1305.0   0.000714
 1307.5   0.000682
 1310.0   0.000438
 1312.5   0.000225
 1315.0   0.000142
 1317.5   0.000208
 1320.0   0.000279
 1322.5   0.000209
 1325.0   0.000000
 1327.5  -0.000224
 1330.0   0.000000
 1332.5   0.000952
 1335.0   0.001842
 1337.5   0.001894
 1340.0   0.001453
 1342.5   0.001042
 1345.0   0.000789
 1347.5   0.000715
 1350.0   0.000824
 1352.5   0.001096
 1355.0   0.001437
 1357.5   0.001693
 1360.0   0.001539
 1362.5   0.000795
 1365.0   0.000042
 1367.5  -0.000139
 1370.0   0.000066
 1372.5   0.000355
 1375.0   0.000722
 1377.5   0.001147
 1380.0   0.001266
 1382.5   0.000805
 1385.0   0.000183
 1387.5  -0.000101
 1390.0   0.000075
 1392.5   0.000615
 1395.0   0.000938
 1397.5   0.000575
 1400.0   0.000000
 1402.5  -0.000211
 1405.0   0.000000
 1407.5   0.000493
 1410.0   0.000868
 1412.5   0.000812
 1415.0   0.000625
 1417.5   0.000688
 1420.0   0.001091
 1422.5   0.001746
 1425.0   0.002153
 1427.5   0.001931
 1430.0   0.001572
 1432.5   0.001605
 1435.0   0.001815
 1437.5   0.001879
 1440.0   0.001785
 1442.5   0.001597
 1445.0   0.001374
 1447.5   0.001197
 1450.0   0.001238
 1452.5   0.001603
 1455.0   0.002048
 1457.5   0.002272
 1460.0   0.002090
 1462.5   0.001494
 1465.0   0.001069
 1467.5   0.001329
 1470.0   0.001896
 1472.5   0.002277
 1475.0   0.002403
 1477.5   0.002381
 1480.0   0.002606
 1482.5   0.003301
 1485.0   0.003723
 1487.5   0.003231
 1490.0   0.002552
 1492.5   0.002508
 1495.0   0.002935
 1497.5   0.003456
 1500.0   0.003812
 1502.5   0.003866
 1505.0   0.003831
 1507.5   0.003903
 1510.0   0.003845
 1512.5   0.003435
 1515.0   0.002941
 1517.5   0.002697
 1520.0   0.002807
 1522.5   0.003214
 1525.0   0.003447
 1527.5   0.003170
 1530.0   0.003007
 1532.5   0.003564
 1535.0   0.004429
 1537.5   0.005035
 1540.0   0.005225
 1542.5   0.005062
 1545.0   0.005074
 1547.5   0.005673
 1550.0   0.006349
 1552.5   0.006512
 1555.0   0.006176
 1557.5   0.005590
 1560.0   0.005341
 1562.5   0.005818
 1565.0   0.006271
 1567.5   0.005968
 1570.0   0.005382
 1572.5   0.005149
 1575.0   0.005350
 1577.5   0.005878
 1580.0   0.006431
 1582.5   0.006723
 1585.0   0.006742
 1587.5   0.006555
 1590.0   0.006285
 1592.5   0.006086
 1595.0   0.006174
 1597.5   0.006699
 1600.0   0.007496
 1602.5   0.008438
 1605.0   0.009882
 1607.5   0.011859
 1610.0   0.012609
 1612.5   0.010765
 1615.0   0.008315
 1617.5   0.007428
 1620.0   0.007634
 1622.5   0.008001
 1625.0   0.008372
 1627.5   0.008757
 1630.0   0.009041
 1632.5   0.009176
 1635.0   0.009488
 1637.5   0.010239
 1640.0   0.011043
 1642.5   0.011484
 1645.0   0.011660
 1647.5   0.011714
 1650.0   0.011460
 1652.5   0.010744
 1655.0   0.009881
 1657.5   0.009389
 1660.0   0.010143
 1662.5   0.012495
 1665.0   0.014356
 1667.5   0.013923
 1670.0   0.012973
 1672.5   0.013583
 1675.0   0.015456
 1677.5   0.017685
 1680.0   0.019296
 1682.5   0.019763
 1685.0   0.020429
 1687.5   0.022557
 1690.0   0.025226
 1692.5   0.027483
 1695.0   0.030417
 1697.5   0.035173
 1700.0   0.041071
 1702.5   0.047439
 1705.0   0.055453
 1707.5   0.066108
 1710.0   0.077821
 1712.5   0.088480
 1715.0   0.096445
 1717.5   0.100424
 1720.0   0.100044
 1722.5   0.096565
 1725.0   0.096854
 1727.5   0.105976
 1730.0   0.116194
 1732.5   0.119254
 1735.0   0.117649
 1737.5   0.115920
 1740.0   0.116045
 1742.5   0.119172
 1745.0   0.125698
 1747.5   0.135479
 1750.0   0.146957
 1752.5   0.157826
 1755.0   0.164196
 1757.5   0.163002
 1760.0   0.156071
 1762.5   0.147274
 1765.0   0.143770
 1767.5   0.151300
 1770.0   0.166650
 1772.5   0.184688
 1775.0   0.201577
 1777.5   0.213811
 1780.0   0.217916
 1782.5   0.212404
 1785.0   0.203696
 1787.5   0.199468
 1790.0   0.204505
 1792.5   0.220260
 1795.0   0.237748
 1797.5   0.247021
 1800.0   0.244712
 1802.5   0.231014
 1805.0   0.213774
 1807.5   0.201744
 1810.0   0.199631
 1812.5   0.208576
 1815.0   0.219507
 1817.5   0.224004
 1820.0   0.226466
 1822.5   0.231901
 1825.0   0.234944
 1827.5   0.230232
 1830.0   0.222788
 1832.5   0.217965
 1835.0   0.212046
 1837.5   0.200835
 1840.0   0.187281
 1842.5   0.175442
 1845.0   0.166669
 1847.5   0.161658
 1850.0   0.161193
 1852.5   0.165480
 1855.0   0.172315
 1857.5   0.179398
 1860.0   0.186469
 1862.5   0.193925
 1865.0   0.202764
 1867.5   0.213114
 1870.0   0.221030
 1872.5   0.223258
 1875.0   0.223377
 1877.5   0.225710
 1880.0   0.230719
 1882.5   0.237331
 1885.0   0.242196
 1887.5   0.242521
 1890.0   0.240005
 1892.5   0.236605
 1895.0   0.230820
 1897.5   0.221985
 1900.0   0.216250
 1902.5   0.218807
 1905.0   0.224207
 1907.5   0.226573
 1910.0   0.228959
 1912.5   0.235233
 1915.0   0.243574
 1917.5   0.250536
 1920.0   0.251855
 1922.5   0.244057
 1925.0   0.227656
 1927.5   0.205270
 1930.0   0.183956
 1932.5   0.171939
 1935.0   0.177662
 1937.5   0.205329
 1940.0   0.241958
 1942.5   0.272671
 1945.0   0.292192
 1947.5   0.299274
 1950.0   0.299168
 1952.5   0.297147
 1955.0   0.292059
 1957.5   0.282839
 1960.0   0.275202
 1962.5   0.273992
 1965.0   0.273784
 1967.5   0.270246
 1970.0   0.273685
 1972.5   0.291881
 1975.0   0.307867
 1977.5   0.305661
 1980.0   0.297976
 1982.5   0.299123
 1985.0   0.301120
 1987.5   0.293204
 1990.0   0.275787
 1992.5   0.253751
 1995.0   0.238687
 1997.5   0.239715
 2000.0   0.249348
 2002.5   0.257177
 2005.0   0.257707
 2007.5   0.249693
 2010.0   0.243982
 2012.5   0.249889
 2015.0   0.258500
 2017.5   0.260164
 2020.0   0.260510
 2022.5   0.266047
 2025.0   0.271533
 2027.5   0.271497
 2030.0   0.271305
 2032.5   0.276750
 2035.0   0.284511
 2037.5   0.289682
 2040.0   0.290142
 2042.5   0.286512
 2045.0   0.287589
 2047.5   0.300848
 2050.0   0.320280
 2052.5   0.336449
 2055.0   0.339680
 2057.5   0.324863
 2060.0   0.305381
 2062.5   0.296038
 2065.0   0.298820
 2067.5   0.311099
 2070.0   0.324597
 2072.5   0.332870
 2075.0   0.342453
 2077.5   0.359954
 2080.0   0.379284
 2082.5   0.392734
 2085.0   0.398798
 2087.5   0.397618
 2090.0   0.389724
 2092.5   0.376695
 2095.0   0.363930
 2097.5   0.356408
 2100.0   0.353619
 2102.5   0.353355
 2105.0   0.352090
 2107.5   0.347520
 2110.0   0.343526
 2112.5   0.343433
 2115.0   0.342140
 2117.5   0.335935
 2120.0   0.335069
 2122.5   0.349087
 2125.0   0.370739
 2127.5   0.387921
 2130.0   0.385921
 2132.5   0.355809
 2135.0   0.314402
 2137.5   0.282022
 2140.0   0.267258
 2142.5   0.272793
 2145.0   0.289408
 2147.5   0.306554
 2150.0   0.320272
 2152.5   0.329237
 2155.0   0.336086
 2157.5   0.342382
 2160.0   0.341431
 2162.5   0.328391
 2165.0   0.314081
 2167.5   0.308729
 2170.0   0.304523
 2172.5   0.292999
 2175.0   0.281126
 2177.5   0.277657
 2180.0   0.283057
 2182.5   0.295555
 2185.0   0.312714
 2187.5   0.331762
 2190.0   0.349241
 2192.5   0.362491
 2195.0   0.372719
 2197.5   0.382146
 2200.0   0.393180
 2202.5   0.405788
 2205.0   0.409995
 2207.5   0.397047
 2210.0   0.373032
 2212.5   0.346950
 2215.0   0.324605
 2217.5   0.309777
 2220.0   0.301330
 2222.5   0.297377
 2225.0   0.297933
 2227.5   0.302552
 2230.0   0.307051
 2232.5   0.309103
 2235.0   0.317536
 2237.5   0.338321
 2240.0   0.354853
 2242.5   0.350764
 2245.0   0.333225
 2247.5   0.313996
 2250.0   0.299651
 2252.5   0.293901
 2255.0   0.294184
 2257.5   0.296406
 2260.0   0.296613
 2262.5   0.292387
 2265.0   0.287319
 2267.5   0.284825
 2270.0   0.281619
 2272.5   0.274783
 2275.0   0.269586
 2277.5   0.271221
 2280.0   0.276396
 2282.5   0.282081
 2285.0   0.294763
 2287.5   0.318758
 2290.0   0.340166
 2292.5   0.344916
 2295.0   0.336475
 2297.5   0.321753
 2300.0   0.303883
 2302.5   0.285995
 2305.0   0.274967
 2307.5   0.276410
 2310.0   0.287112
 2312.5   0.300853
 2315.0   0.308193
 2317.5   0.303240
 2320.0   0.297513
 2322.5   0.301892
 2325.0   0.307304
 2327.5   0.303309
 2330.0   0.293959
 2332.5   0.284839
 2335.0   0.273171
 2337.5   0.256062
 2340.0   0.238522
 2342.5   0.225446
 2345.0   0.213360
 2347.5   0.198991
 2350.0   0.188246
 2352.5   0.188491
 2355.0   0.203764
 2357.5   0.232684
 2360.0   0.255524
 2362.5   0.254979
 2365.0   0.241768
 2367.5   0.231225
 2370.0   0.229117
 2372.5   0.236747
 2375.0   0.247122
 2377.5   0.252434
 2380.0   0.249918
 2382.5   0.238672
 2385.0   0.220189
 2387.5   0.198719
 2390.0   0.187131
 2392.5   0.194836
 2395.0   0.208803
 2397.5   0.214244
 2400.0   0.211791
 2402.5   0.205793
 2405.0   0.200049
 2407.5   0.196853
 2410.0   0.193019
 2412.5   0.186629
 2415.0   0.186305
 2417.5   0.200432
 2420.0   0.225908
 2422.5   0.256495
 2425.0   0.284901
 2427.5   0.304504
 2430.0   0.312425
 2432.5   0.308320
 2435.0   0.298234
 2437.5   0.289283
 2440.0   0.286484
 2442.5   0.292234
 2445.0   0.300538
 2447.5   0.304524
 2450.0   0.302191
 2452.5   0.294231
 2455.0   0.287230
 2457.5   0.286986
 2460.0   0.290238
 2462.5   0.291708
 2465.0   0.287102
 2467.5   0.274823
 2470.0   0.263073
 2472.5   0.260070
 2475.0   0.264307
 2477.5   0.271498
 2480.0   0.275977
 2482.5   0.273802
 2485.0   0.269308
 2487.5   0.267076
 2490.0   0.264393
 2492.5   0.259230
 2495.0   0.259596
 2497.5   0.272747
 2500.0   0.292890
 2502.5   0.311458
 2505.0   0.321833
 2507.5   0.320177
 2510.0   0.311837
 2512.5   0.302723
 2515.0   0.291823
 2517.5   0.277336
 2520.0   0.261229
 2522.5   0.246165
 2525.0   0.233833
 2527.5   0.225300
 2530.0   0.220123
 2532.5   0.217593
 2535.0   0.217433
 2537.5   0.219107
 2540.0   0.220609
 2542.5   0.220589
 2545.0   0.221794
 2547.5   0.226752
 2550.0   0.233016
 2552.5   0.238651
 2555.0   0.248740
 2557.5   0.267077
 2560.0   0.285274
 2562.5   0.295032
 2565.0   0.300595
 2567.5   0.308741
 2570.0   0.323841
 2572.5   0.344942
 2575.0   0.352204
 2577.5   0.330118
 2580.0   0.299382
 2582.5   0.284247
 2585.0   0.286970
 2587.5   0.303097
 2590.0   0.323332
 2592.5   0.338447
 2595.0   0.344323
 2597.5   0.339169
 2600.0   0.325401
 2602.5   0.307384
 2605.0   0.293064
 2607.5   0.287870
 2610.0   0.283569
 2612.5   0.273023
 2615.0   0.267121
 2617.5   0.277066
 2620.0   0.297280
 2622.5   0.318184
 2625.0   0.330969
 2627.5   0.329746
 2630.0   0.319545
 2632.5   0.310001
 2635.0   0.318250
 2637.5   0.356623
 2640.0   0.410717
 2642.5   0.461677
 2645.0   0.499579
 2647.5   0.519190
 2650.0   0.525120
 2652.5   0.524418
 2655.0   0.524064
 2657.5   0.527357
 2660.0   0.522960
 2662.5   0.500778
 2665.0   0.470331
 2667.5   0.444453
 2670.0   0.429619
 2672.5   0.428726
 2675.0   0.436723
 2677.5   0.446803
 2680.0   0.453096
 2682.5   0.452082
 2685.0   0.448700
 2687.5   0.447484
 2690.0   0.442896
 2692.5   0.429541
 2695.0   0.412654
 2697.5   0.399853
 2700.0   0.397650
 2702.5   0.409420
 2705.0   0.427104
 2707.5   0.440535
 2710.0   0.442560
 2712.5   0.430277
 2715.0   0.414774
 2717.5   0.406849
 2720.0   0.402162
 2722.5   0.395158
 2725.0   0.390572
 2727.5   0.394070
 2730.0   0.404762
 2732.5   0.419092
 2735.0   0.429400
 2737.5   0.427903
 2740.0   0.410436
 2742.5   0.377248
 2745.0   0.342613
 2747.5   0.320472
 2750.0   0.309391
 2752.5   0.305246
 2755.0   0.308514
 2757.5   0.320293
 2760.0   0.339575
 2762.5   0.363352
 2765.0   0.382738
 2767.5   0.390830
 2770.0   0.394548
 2772.5   0.401965
 2775.0   0.411943
 2777.5   0.419789
 2780.0   0.415803
 2782.5   0.394212
 2785.0   0.369952
 2787.5   0.357251
 2790.0   0.346782
 2792.5   0.325407
 2795.0   0.288287
 2797.5   0.237152
 2800.0   0.191703
 2802.5   0.171478
 2805.0   0.177386
 2807.5   0.205862
 2810.0   0.254073
 2812.5   0.317375
 2815.0   0.383133
 2817.5   0.438772
 2820.0   0.479936
 2822.5   0.505508
 2825.0   0.519117
 2827.5   0.524532
 2830.0   0.521349
 2832.5   0.509960
 2835.0   0.498117
 2837.5   0.492263
 2840.0   0.486242
 2842.5   0.473857
 2845.0   0.461343
 2847.5   0.454564
 2850.0   0.445460
 2852.5   0.427041
 2855.0   0.410521
 2857.5   0.408889
 2860.0   0.424025
 2862.5   0.452024
 2865.0   0.476948
 2867.5   0.484996
 2870.0   0.482943
 2872.5   0.480537
 2875.0   0.478852
 2877.5   0.477545
 2880.0   0.479276
 2882.5   0.486390
 2885.0   0.496977
 2887.5   0.507552
 2890.0   0.512595
 2892.5   0.508992
 2895.0   0.505279
 2897.5   0.510776
 2900.0   0.526297
 2902.5   0.549807
 2905.0   0.576394
 2907.5   0.599815
 2910.0   0.611386
 2912.5   0.606215
 2915.0   0.597011
 2917.5   0.596023
 2920.0   0.596055
 2922.5   0.587623
 2925.0   0.571542
 2927.5   0.552390
 2930.0   0.539500
 2932.5   0.539842
 2935.0   0.546172
 2937.5   0.550284
 2940.0   0.554345
 2942.5   0.561169
 2945.0   0.565788
 2947.5   0.563452
 2950.0   0.558079
 2952.5   0.555877
 2955.0   0.563555
 2957.5   0.583972
 2960.0   0.604081
 2962.5   0.610529
 2965.0   0.604647
 2967.5   0.591595
 2970.0   0.577176
 2972.5   0.567723
 2975.0   0.571043
 2977.5   0.589508
 2980.0   0.602271
 2982.5   0.590676
 2985.0   0.568041
 2987.5   0.553405
 2990.0   0.556711
 2992.5   0.580714
 2995.0   0.608528
 2997.5   0.621815
 3000.0   0.616080
 3002.5   0.594491
 3005.0   0.577021
 3007.5   0.581162
 3010.0   0.597678
 3012.5   0.612365
 3015.0   0.617861
 3017.5   0.610980
 3020.0   0.598388
 3022.5   0.588108
 3025.0   0.583737
 3027.5   0.586686
 3030.0   0.594049
 3032.5   0.601990
 3035.0   0.607266
 3037.5   0.607944
 3040.0   0.606734
 3042.5   0.606259
 3045.0   0.604165
 3047.5   0.599195
 3050.0   0.599472
 3052.5   0.610564
 3055.0   0.618446
 3057.5   0.609797
 3060.0   0.593717
 3062.5   0.582757
 3065.0   0.580870
 3067.5   0.588305
 3070.0   0.599105
 3072.5   0.607366
 3075.0   0.613616
 3077.5   0.620307
 3080.0   0.631150
 3082.5   0.647816
 3085.0   0.662547
 3087.5   0.667110
 3090.0   0.660800
 3092.5   0.645042
 3095.0   0.622261
 3097.5   0.596775
 3100.0   0.579472
 3102.5   0.580309
 3105.0   0.598962
 3107.5   0.630446
 3110.0   0.661416
 3112.5   0.679122
 3115.0   0.681560
 3117.5   0.670795
 3120.0   0.654425
 3122.5   0.640643
 3125.0   0.634487
 3127.5   0.637996
 3130.0   0.644352
 3132.5   0.647512
 3135.0   0.653377
 3137.5   0.667453
 3140.0   0.681704
 3142.5   0.687419
 3145.0   0.686711
 3147.5   0.684339
 3150.0   0.684810
 3152.5   0.689949
 3155.0   0.691087
 3157.5   0.680725
 3160.0   0.666523
 3162.5   0.658003
 3165.0   0.656977
 3167.5   0.663506
 3170.0   0.678370
 3172.5   0.699894
 3175.0   0.715865
 3177.5   0.715171
 3180.0   0.701628
 3182.5   0.683335
 3185.0   0.670592
 3187.5   0.670750
 3190.0   0.677157
 3192.5   0.682044
 3195.0   0.687171
 3197.5   0.696528
 3200.0   0.713513
 3202.5   0.737959
 3205.0   0.756049
 3207.5   0.755372
 3210.0   0.742787
 3212.5   0.727818
 3215.0   0.711364
 3217.5   0.692881
 3220.0   0.674674
 3222.5   0.659525
 3225.0   0.649263
 3227.5   0.645532
 3230.0   0.650180
 3232.5   0.663831
 3235.0   0.682009
 3237.5   0.698968
 3240.0   0.708976
 3242.5   0.708304
 3245.0   0.701222
 3247.5   0.693998
 3250.0   0.692902
 3252.5   0.702296
 3255.0   0.718907
 3257.5   0.737556
 3260.0   0.753063
 3262.5   0.761354
 3265.0   0.762785
 3267.5   0.758818
 3270.0   0.750915
 3272.5   0.740707
 3275.0   0.730499
 3277.5   0.722768
 3280.0   0.719988
 3282.5   0.723947
 3285.0   0.733676
 3287.5   0.747521
 3290.0   0.763824
 3292.5   0.780761
 3295.0   0.795833
 3297.5   0.806372
 3300.0   0.809709
 3302.5   0.804277
 3305.0   0.792912
 3307.5   0.779549
 3310.0   0.768124
 3312.5   0.761630
 3315.0   0.759299
 3317.5   0.759421
 3320.0   0.760286
 3322.5   0.760462
 3325.0   0.759637
 3327.5   0.757777
 3330.0   0.754847
 3332.5   0.750917
 3335.0   0.746466
 3337.5   0.742078
 3340.0   0.738337
 3342.5   0.735785
 3345.0   0.734806
 3347.5   0.735741
 3350.0   0.738931
 3352.5   0.744237
 3355.0   0.749588
 3357.5   0.752431
 3360.0   0.750214
 3362.5   0.741487
 3365.0   0.729218
 3367.5   0.717478
 3370.0   0.710339
 3372.5   0.710638
 3375.0   0.716278
 3377.5   0.723931
 3380.0   0.730266
 3382.5   0.732893
 3385.0   0.733179
 3387.5   0.733430
 3390.0   0.735953
 3392.5   0.742228
 3395.0   0.750432
 3397.5   0.757917
 3400.0   0.762035
 3402.5   0.760971
 3405.0   0.756248
 3407.5   0.750223
 3410.0   0.745254
 3412.5   0.743249
 3415.0   0.744332
 3417.5   0.748178
 3420.0   0.754463
 3422.5   0.762438
 3425.0   0.769657
 3427.5   0.773251
 3430.0   0.770351
 3432.5   0.759457
 3435.0   0.744543
 3437.5   0.730953
 3440.0   0.724031
 3442.5   0.727346
 3445.0   0.737369
 3447.5   0.748794
 3450.0   0.756315
 3452.5   0.756072
 3455.0   0.749975
 3457.5   0.741381
 3460.0   0.733645
 3462.5   0.729346
 3465.0   0.727955
 3467.5   0.728168
 3470.0   0.728680
 3472.5   0.728438
 3475.0   0.727379
 3477.5   0.725695
 3480.0   0.723588
 3482.5   0.721322
 3485.0   0.719396
 3487.5   0.718409
 3490.0   0.719137
 3492.5   0.721989
 3495.0   0.725717
 3497.5   0.729280
 3500.0   0.734106
 3502.5   0.740092
 3505.0   0.738527
 3507.5   0.723534
 3510.0   0.709173
 3512.5   0.708860
 3515.0   0.713508
 3517.5   0.712047
 3520.0   0.707979
 3522.5   0.707200
 3525.0   0.710598
 3527.5   0.717603
 3530.0   0.726822
 3532.5   0.736764
 3535.0   0.746367
 3537.5   0.754594
 3540.0   0.760090
 3542.5   0.762053
 3545.0   0.762209
 3547.5   0.762150
 3550.0   0.760400
 3552.5   0.755712
 3555.0   0.750809
 3557.5   0.747813
 3560.0   0.742452
 3562.5   0.730635
 3565.0   0.715368
 3567.5   0.701014
 3570.0   0.690263
 3572.5   0.684613
 3575.0   0.682480
 3577.5   0.681568
 3580.0   0.679825
 3582.5   0.676302
 3585.0   0.674231
 3587.5   0.677131
 3590.0   0.685502
 3592.5   0.698359
 3595.0   0.711787
 3597.5   0.721740
 3600.0   0.726574
 3602.5   0.725418
 3605.0   0.718096
 3607.5   0.705832
 3610.0   0.694754
 3612.5   0.690272
 3615.0   0.690014
 3617.5   0.691277
 3620.0   0.697821
 3622.5   0.712256
 3625.0   0.726131
 3627.5   0.730838
 3630.0   0.728209
 3632.5   0.722843
 3635.0   0.719974
 3637.5   0.722907
 3640.0   0.726606
 3642.5   0.726005
 3645.0   0.724263
 3647.5   0.726155
 3650.0   0.734696
 3652.5   0.750576
 3655.0   0.766937
 3657.5   0.776960
 3660.0   0.781525
 3662.5   0.782859
 3665.0   0.780878
 3667.5   0.775596
 3670.0   0.769745
 3672.5   0.765566
 3675.0   0.760631
 3677.5   0.752783
 3680.0   0.745623
 3682.5   0.743191
 3685.0   0.745525
 3687.5   0.751422
 3690.0   0.758730
 3692.5   0.765662
 3695.0   0.772845
 3697.5   0.779828
 3700.0   0.779446
 3702.5   0.766920
 3705.0   0.753738
 3707.5   0.752860
 3710.0   0.766871
 3712.5   0.792528
 3715.0   0.813638
 3717.5   0.816558
 3720.0   0.810793
 3722.5   0.808825
 3725.0   0.811911
 3727.5   0.816887
 3730.0   0.814137
 3732.5   0.800322
 3735.0   0.803655
 3737.5   0.844680
 3740.0   0.881692
 3742.5   0.871338
 3745.0   0.825902
 3747.5   0.775195
 3750.0   0.763490
 3752.5   0.820300
 3755.0   0.901635
 3757.5   0.955253
 3760.0   0.969398
 3762.5   0.944579
 3765.0   0.889878
 3767.5   0.824225
 3770.0   0.797367
 3772.5   0.850176
 3775.0   0.957196
 3777.5   1.076384
 3780.0   1.165683
 3782.5   1.193207
 3785.0   1.167774
 3787.5   1.107001
 3790.0   1.022994
 3792.5   0.930305
 3795.0   0.858769
 3797.5   0.836559
 3800.0   0.869913
 3802.5   0.953637
 3805.0   1.058752
 3807.5   1.153748
 3810.0   1.220791
 3812.5   1.250761
 3815.0   1.255710
 3817.5   1.247205
 3820.0   1.213684
 3822.5   1.143673
 3825.0   1.049168
 3827.5   0.947617
 3830.0   0.854817
 3832.5   0.788010
 3835.0   0.771886
 3837.5   0.823621
 3840.0   0.922903
 3842.5   1.041191
 3845.0   1.154515
 3847.5   1.243652
 3850.0   1.303805
 3852.5   1.335761
 3855.0   1.348221
 3857.5   1.351700
 3860.0   1.356071
 3862.5   1.367145
 3865.0   1.375138
 3867.5   1.368983
 3870.0   1.348068
 3872.5   1.314191
 3875.0   1.268340
 3877.5   1.208875
 3880.0   1.124456
 3882.5   1.010013
 3885.0   0.895253
 3887.5   0.816885
 3890.0   0.804842
 3892.5   0.874331
 3895.0   0.988425
 3897.5   1.103232
 3900.0   1.199119
 3902.5   1.267143
 3905.0   1.316857
 3907.5   1.359828
 3910.0   1.397188
 3912.5   1.426990
 3915.0   1.445407
 3917.5   1.446197
 3920.0   1.415349
 3922.5   1.338776
 3925.0   1.209861
 3927.5   1.039221
 3930.0   0.898947
 3932.5   0.859789
 3935.0   0.925654
 3937.5   1.071148
 3940.0   1.220512
 3942.5   1.305612
 3945.0   1.339162
 3947.5   1.349136
 3950.0   1.343686
 3952.5   1.324419
 3955.0   1.286588
 3957.5   1.222384
 3960.0   1.118111
 3962.5   0.969296
 3965.0   0.814238
 3967.5   0.701965
 3970.0   0.681659
 3972.5   0.781744
 3975.0   0.947456
 3977.5   1.112209
 3980.0   1.245301
 3982.5   1.331675
 3985.0   1.382954
 3987.5   1.415201
 3990.0   1.435562
 3992.5   1.449116
 3995.0   1.461605
 3997.5   1.477235
 4000.0   1.493427
 4002.5   1.507038
 4005.0   1.519467
 4007.5   1.532665
 4010.0   1.546242
 4012.5   1.559393
 4015.0   1.571995
 4017.5   1.583044
 4020.0   1.587317
 4022.5   1.580329
 4025.0   1.564750
 4027.5   1.546793
 4030.0   1.539678
 4032.5   1.553467
 4035.0   1.578588
 4037.5   1.601278
 4040.0   1.610655
 4042.5   1.601178
 4045.0   1.585807
 4047.5   1.577052
 4050.0   1.567131
 4052.5   1.547472
 4055.0   1.526628
 4057.5   1.514329
 4060.0   1.507883
 4062.5   1.502665
 4065.0   1.498733
 4067.5   1.495360
 4070.0   1.484000
 4072.5   1.457973
 4075.0   1.425872
 4077.5   1.398946
 4080.0   1.383807
 4082.5   1.382167
 4085.0   1.380788
 4087.5   1.362240
 4090.0   1.307261
 4092.5   1.203841
 4095.0   1.070800
 4097.5   0.939839
 4100.0   0.863368
 4102.5   0.882527
 4105.0   0.972679
 4107.5   1.093974
 4110.0   1.211475
 4112.5   1.298224
 4115.0   1.354261
 4117.5   1.386702
 4120.0   1.403965
 4122.5   1.413509
 4125.0   1.417651
 4127.5   1.419281
 4130.0   1.428716
 4132.5   1.454056
 4135.0   1.487114
 4137.5   1.516610
 4140.0   1.535186
 4142.5   1.539220
 4145.0   1.536102
 4147.5   1.533342
 4150.0   1.527931
 4152.5   1.517148
 4155.0   1.509964
 4157.5   1.514473
 4160.0   1.523584
 4162.5   1.527539
 4165.0   1.521098
 4167.5   1.502399
 4170.0   1.478586
 4172.5   1.458627
 4175.0   1.449781
 4177.5   1.456054
 4180.0   1.470163
 4182.5   1.484312
 4185.0   1.499954
 4187.5   1.518222
 4190.0   1.529723
 4192.5   1.525498
 4195.0   1.508842
 4197.5   1.487575
 4200.0   1.475361
 4202.5   1.482893
 4205.0   1.503124
 4207.5   1.524997
 4210.0   1.539160
 4212.5   1.539410
 4215.0   1.530455
 4217.5   1.517483
 4220.0   1.496707
 4222.5   1.466697
 4225.0   1.444436
 4227.5   1.444578
 4230.0   1.454048
 4232.5   1.458022
 4235.0   1.462394
 4237.5   1.474024
 4240.0   1.482916
 4242.5   1.478839
 4245.0   1.467491
 4247.5   1.458178
 4250.0   1.458723
 4252.5   1.472879
 4255.0   1.489605
 4257.5   1.497730
 4260.0   1.500361
 4262.5   1.501421
 4265.0   1.493824
 4267.5   1.472731
 4270.0   1.453309
 4272.5   1.451108
 4275.0   1.463218
 4277.5   1.480666
 4280.0   1.488689
 4282.5   1.475876
 4285.0   1.450002
 4287.5   1.422709
 4290.0   1.401922
 4292.5   1.391457
 4295.0   1.382421
 4297.5   1.366715
 4300.0   1.352118
 4302.5   1.347148
 4305.0   1.347392
 4307.5   1.346751
 4310.0   1.345322
 4312.5   1.344448
 4315.0   1.344264
 4317.5   1.343501
 4320.0   1.336488
 4322.5   1.318066
 4325.0   1.289524
 4327.5   1.250353
 4330.0   1.186399
 4332.5   1.086709
 4335.0   0.966782
 4337.5   0.854162
 4340.0   0.798134
 4342.5   0.835793
 4345.0   0.933748
 4347.5   1.046618
 4350.0   1.151554
 4352.5   1.235081
 4355.0   1.298684
 4357.5   1.346927
 4360.0   1.381737
 4362.5   1.403913
 4365.0   1.412370
 4367.5   1.407968
 4370.0   1.401239
 4372.5   1.402232
 4375.0   1.409402
 4377.5   1.417516
 4380.0   1.418196
 4382.5   1.407040
 4385.0   1.398714
 4387.5   1.406420
 4390.0   1.418443
 4392.5   1.421272
 4395.0   1.419133
 4397.5   1.419352
 4400.0   1.423914
 4402.5   1.432781
 4405.0   1.443155
 4407.5   1.451169
 4410.0   1.451451
 4412.5   1.441266
 4415.0   1.429941
 4417.5   1.426971
 4420.0   1.430449
 4422.5   1.436123
 4425.0   1.441747
 4427.5   1.445784
 4430.0   1.447535
 4432.5   1.446918
 4435.0   1.445487
 4437.5   1.444364
 4440.0   1.441294
 4442.5   1.435080
 4445.0   1.432116
 4447.5   1.436811
 4450.0   1.438026
 4452.5   1.425673
 4455.0   1.409401
 4457.5   1.400595
 4460.0   1.397838
 4462.5   1.397610
 4465.0   1.400780
 4467.5   1.408512
 4470.0   1.418765
 4472.5   1.427595
 4475.0   1.426636
 4477.5   1.411300
 4480.0   1.396516
 4482.5   1.396559
 4485.0   1.403567
 4487.5   1.407597
 4490.0   1.412517
 4492.5   1.423286
 4495.0   1.435432
 4497.5   1.443802
 4500.0   1.449970
 4502.5   1.456341
 4505.0   1.461932
 4507.5   1.465057
 4510.0   1.464595
 4512.5   1.459536
 4515.0   1.448734
 4517.5   1.431872
 4520.0   1.412069
 4522.5   1.392446
 4525.0   1.372690
 4527.5   1.354099
 4530.0   1.347852
 4532.5   1.362777
 4535.0   1.388429
 4537.5   1.410484
 4540.0   1.418391
 4542.5   1.405719
 4545.0   1.378762
 4547.5   1.347806
 4550.0   1.326393
 4552.5   1.324981
 4555.0   1.338424
 4557.5   1.358236
 4560.0   1.378160
 4562.5   1.393362
 4565.0   1.402466
 4567.5   1.405487
 4570.0   1.404545
 4572.5   1.401122
 4575.0   1.392039
 4577.5   1.375149
 4580.0   1.357095
 4582.5   1.345591
 4585.0   1.343855
 4587.5   1.352117
 4590.0   1.363152
 4592.5   1.369958
 4595.0   1.373885
 4597.5   1.377895
 4600.0   1.383044
 4602.5   1.389628
 4605.0   1.396823
 4607.5   1.403331
 4610.0   1.407089
 4612.5   1.406546
 4615.0   1.402966
 4617.5   1.398325
 4620.0   1.394633
 4622.5   1.392883
 4625.0   1.389967
 4627.5   1.383358
 4630.0   1.376942
 4632.5   1.374943
 4635.0   1.376509
 4637.5   1.379252
 4640.0   1.379702
 4642.5   1.375390
 4645.0   1.368927
 4647.5   1.364058
 4650.0   1.363994
 4652.5   1.370570
 4655.0   1.380657
 4657.5   1.389402
 4660.0   1.390013
 4662.5   1.378119
 4665.0   1.360967
 4667.5   1.347757
 4670.0   1.343874
 4672.5   1.351454
 4675.0   1.363449
 4677.5   1.372498
 4680.0   1.379162
 4682.5   1.384871
 4685.0   1.386604
 4687.5   1.381911
 4690.0   1.375067
 4692.5   1.370210
 4695.0   1.364193
 4697.5   1.353835
 4700.0   1.343101
 4702.5   1.336598
 4705.0   1.334339
 4707.5   1.335262
 4710.0   1.338586
 4712.5   1.343779
 4715.0   1.351006
 4717.5   1.359471
 4720.0   1.363819
 4722.5   1.359541
 4725.0   1.350061
 4727.5   1.340150
 4730.0   1.332026
 4732.5   1.327068
 4735.0   1.325856
 4737.5   1.328281
 4740.0   1.332289
 4742.5   1.335544
 4745.0   1.336525
 4747.5   1.334244
 4750.0   1.329033
 4752.5   1.321610
 4755.0   1.312904
 4757.5   1.303819
 4760.0   1.294935
 4762.5   1.287297
 4765.0   1.284123
 4767.5   1.287621
 4770.0   1.293798
 4772.5   1.298136
 4775.0   1.300237
 4777.5   1.300658
 4780.0   1.299673
 4782.5   1.297527
 4785.0   1.294640
 4787.5   1.291624
 4790.0   1.289695
 4792.5   1.289646
 4795.0   1.289979
 4797.5   1.288824
 4800.0   1.285117
 4802.5   1.278924
 4805.0   1.274039
 4807.5   1.273703
 4810.0   1.275216
 4812.5   1.274824
 4815.0   1.270482
 4817.5   1.261515
 4820.0   1.251019
 4822.5   1.242356
 4825.0   1.236193
 4827.5   1.231920
 4830.0   1.226506
 4832.5   1.217135
 4835.0   1.204262
 4837.5   1.189160
 4840.0   1.173095
 4842.5   1.156214
 4845.0   1.134186
 4847.5   1.100881
 4850.0   1.047438
 4852.5   0.968437
 4855.0   0.874967
 4857.5   0.785868
 4860.0   0.734495
 4862.5   0.747390
 4865.0   0.809343
 4867.5   0.894334
 4870.0   0.974855
 4872.5   1.029888
 4875.0   1.065864
 4877.5   1.093842
 4880.0   1.115951
 4882.5   1.132194
 4885.0   1.143005
 4887.5   1.150074
 4890.0   1.159683
 4892.5   1.176727
 4895.0   1.195961
 4897.5   1.211002
 4900.0   1.221045
 4902.5   1.226737
 4905.0   1.228970
 4907.5   1.228497
 4910.0   1.225293
 4912.5   1.219080
 4915.0   1.209363
 4917.5   1.196921
 4920.0   1.187860
 4922.5   1.188199
 4925.0   1.198300
 4927.5   1.215204
 4930.0   1.228330
 4932.5   1.229003
 4935.0   1.223810
 4937.5   1.221495
 4940.0   1.224184
 4942.5   1.231709
 4945.0   1.241340
 4947.5   1.249511
 4950.0   1.251877
 4952.5   1.245955
 4955.0   1.237503
 4957.5   1.233111
 4960.0   1.234461
 4962.5   1.240616
 4965.0   1.245079
 4967.5   1.242168
 4970.0   1.235018
 4972.5   1.227536
 4975.0   1.217893
 4977.5   1.204561
 4980.0   1.192936
 4982.5   1.189014
 4985.0   1.194257
 4987.5   1.207126
 4990.0   1.218624
 4992.5   1.220280
 4995.0   1.213189
 4997.5   1.200772
 5000.0   1.186181
 5002.5   1.172925
 5005.0   1.166205
 5007.5   1.168813
 5010.0   1.172223
 5012.5   1.167993
 5015.0   1.159319
 5017.5   1.152120
 5020.0   1.151557
 5022.5   1.160378
 5025.0   1.172438
 5027.5   1.180933
 5030.0   1.185307
 5032.5   1.186019
 5035.0   1.181351
 5037.5   1.170869
 5040.0   1.161469
 5042.5   1.160035
 5045.0   1.166085
 5047.5   1.176299
 5050.0   1.183362
 5052.5   1.182280
 5055.0   1.181341
 5057.5   1.187929
 5060.0   1.192526
 5062.5   1.185312
 5065.0   1.172143
 5067.5   1.161114
 5070.0   1.153582
 5072.5   1.148998
 5075.0   1.145909
 5077.5   1.143528
 5080.0   1.144622
 5082.5   1.151528
 5085.0   1.161296
 5087.5   1.169839
 5090.0   1.173803
 5092.5   1.171052
 5095.0   1.163591
 5097.5   1.154801
 5100.0   1.149417
 5102.5   1.150759
 5105.0   1.155132
 5107.5   1.158226
 5110.0   1.160279
 5112.5   1.162084
 5115.0   1.162087
 5117.5   1.158778
 5120.0   1.153157
 5122.5   1.146773
 5125.0   1.140868
 5127.5   1.136281
 5130.0   1.132559
 5132.5   1.129002
 5135.0   1.125220
 5137.5   1.121400
 5140.0   1.119719
 5142.5   1.121838
 5145.0   1.125363
 5147.5   1.127879
 5150.0   1.130957
 5152.5   1.135927
 5155.0   1.139184
 5157.5   1.135932
 5160.0   1.121555
 5162.5   1.094269
 5165.0   1.063435
 5167.5   1.040487
 5170.0   1.034009
 5172.5   1.048081
 5175.0   1.071619
 5177.5   1.091067
 5180.0   1.098134
 5182.5   1.089415
 5185.0   1.075767
 5187.5   1.068811
 5190.0   1.068948
 5192.5   1.073679
 5195.0   1.080124
 5197.5   1.085381
 5200.0   1.086843
 5202.5   1.083494
 5205.0   1.080382
 5207.5   1.082752
 5210.0   1.090582
 5212.5   1.101904
 5215.0   1.112226
 5217.5   1.116942
 5220.0   1.113499
 5222.5   1.101191
 5225.0   1.084644
 5227.5   1.069818
 5230.0   1.062668
 5232.5   1.067189
 5235.0   1.079553
 5237.5   1.094171
 5240.0   1.106237
 5242.5   1.112200
 5245.0   1.112736
 5247.5   1.109771
 5250.0   1.106006
 5252.5   1.103140
 5255.0   1.098074
 5257.5   1.087232
 5260.0   1.069925
 5262.5   1.047768
 5265.0   1.028723
 5267.5   1.020238
 5270.0   1.021373
 5272.5   1.029094
 5275.0   1.040369
 5277.5   1.052458
 5280.0   1.063773
 5282.5   1.073630
 5285.0   1.083802
 5287.5   1.095257
 5290.0   1.103290
 5292.5   1.103416
 5295.0   1.097698
 5297.5   1.089903
 5300.0   1.084053
 5302.5   1.083168
 5305.0   1.086007
 5307.5   1.089948
 5310.0   1.091117
 5312.5   1.086651
 5315.0   1.078980
 5317.5   1.071191
 5320.0   1.063691
 5322.5   1.056484
 5325.0   1.050632
 5327.5   1.047305
 5330.0   1.047044
 5332.5   1.049733
 5335.0   1.053254
 5337.5   1.055774
 5340.0   1.058599
 5342.5   1.063037
 5345.0   1.067256
 5347.5   1.069578
 5350.0   1.072082
 5352.5   1.076653
 5355.0   1.080645
 5357.5   1.080632
 5360.0   1.074610
 5362.5   1.062247
 5365.0   1.048484
 5367.5   1.039096
 5370.0   1.037919
 5372.5   1.046125
 5375.0   1.056164
 5377.5   1.060559
 5380.0   1.060843
 5382.5   1.060350
 5385.0   1.060597
 5387.5   1.061650
 5390.0   1.059575
 5392.5   1.051261
 5395.0   1.040881
 5397.5   1.033247
 5400.0   1.028449
 5402.5   1.025568
 5405.0   1.024369
 5407.5   1.024912
 5410.0   1.027755
 5412.5   1.032994
 5415.0   1.038389
 5417.5   1.041520
 5420.0   1.041599
 5422.5   1.038812
 5425.0   1.035619
 5427.5   1.034395
 5430.0   1.034896
 5432.5   1.036624
 5435.0   1.040667
 5437.5   1.047214
 5440.0   1.051255
 5442.5   1.048404
 5445.0   1.041970
 5447.5   1.036386
 5450.0   1.032888
 5452.5   1.031699
 5455.0   1.032176
 5457.5   1.033492
 5460.0   1.034934
 5462.5   1.035997
 5465.0   1.036886
 5467.5   1.037679
 5470.0   1.037239
 5472.5   1.034487
 5475.0   1.029792
 5477.5   1.024449
 5480.0   1.022019
 5482.5   1.025230
 5485.0   1.031207
 5487.5   1.036206
 5490.0   1.038600
 5492.5   1.037651
 5495.0   1.034063
 5497.5   1.028848
 5500.0   1.022809
 5502.5   1.016983
 5505.0   1.013544
 5507.5   1.014187
 5510.0   1.017547
 5512.5   1.021637
 5515.0   1.025036
 5517.5   1.026398
 5520.0   1.024099
 5522.5   1.017297
 5525.0   1.008554
 5527.5   1.001168
 5530.0   0.997968
 5532.5   1.000491
 5535.0   1.005563
 5537.5   1.009565
 5540.0   1.011808
 5542.5   1.012660
 5545.0   1.013792
 5547.5   1.016519
 5550.0   1.019424
 5552.5   1.020740
 5555.0   1.020028
 5557.5   1.017376
 5560.0   1.013654
 5562.5   1.009476
 5565.0   1.003649
 5567.5   0.995685
 5570.0   0.989709
 5572.5   0.989649
 5575.0   0.994014
 5577.5   0.999373
 5580.0   0.999943
 5582.5   0.991525
 5585.0   0.978597
 5587.5   0.967018
 5590.0   0.959497
 5592.5   0.957155
 5595.0   0.957922
 5597.5   0.959786
 5600.0   0.964166
 5602.5   0.972412
 5605.0   0.982179
 5607.5   0.990217
 5610.0   0.993363
 5612.5   0.989841
 5615.0   0.983331
 5617.5   0.978185
 5620.0   0.975997
 5622.5   0.977147
 5625.0   0.979912
 5627.5   0.982323
 5630.0   0.983515
 5632.5   0.983074
 5635.0   0.981273
 5637.5   0.978922
 5640.0   0.978294
 5642.5   0.981029
 5645.0   0.984773
 5647.5   0.986375
 5650.0   0.983483
 5652.5   0.975004
 5655.0   0.964087
 5657.5   0.954532
 5660.0   0.948487
 5662.5   0.947256
 5665.0   0.950405
 5667.5   0.956679
 5670.0   0.963272
 5672.5   0.967507
 5675.0   0.968757
 5677.5   0.967026
 5680.0   0.962779
 5682.5   0.957092
 5685.0   0.953028
 5687.5   0.953095
 5690.0   0.955607
 5692.5   0.958267
 5695.0   0.960548
 5697.5   0.962063
 5700.0   0.961236
 5702.5   0.956883
 5705.0   0.950592
 5707.5   0.944620
 5710.0   0.941143
 5712.5   0.941737
 5715.0   0.945659
 5717.5   0.951388
 5720.0   0.956606
 5722.5   0.959347
 5725.0   0.959836
 5727.5   0.958842
 5730.0   0.957110
 5732.5   0.955334
 5735.0   0.954038
 5737.5   0.953495
 5740.0   0.953161
 5742.5   0.952339
 5745.0   0.950536
 5747.5   0.947629
 5750.0   0.944757
 5752.5   0.943148
 5755.0   0.943116
 5757.5   0.944358
 5760.0   0.945006
 5762.5   0.943640
 5765.0   0.942199
 5767.5   0.942692
 5770.0   0.944052
 5772.5   0.944674
 5775.0   0.943883
 5777.5   0.941484
 5780.0   0.938267
 5782.5   0.935271
 5785.0   0.933536
 5787.5   0.933604
 5790.0   0.934035
 5792.5   0.933483
 5795.0   0.932966
 5797.5   0.933737
 5800.0   0.935625
 5802.5   0.937864
 5805.0   0.938730
 5807.5   0.936931
 5810.0   0.933852
 5812.5   0.931408
 5815.0   0.930950
 5817.5   0.933025
 5820.0   0.935515
 5822.5   0.936296
 5825.0   0.935872
 5827.5   0.935247
 5830.0   0.934797
 5832.5   0.934742
 5835.0   0.935318
 5837.5   0.936506
 5840.0   0.937249
 5842.5   0.936473
 5845.0   0.934082
 5847.5   0.930244
 5850.0   0.925226
 5852.5   0.919445
 5855.0   0.913836
 5857.5   0.909580
 5860.0   0.908329
 5862.5   0.911155
 5865.0   0.916344
 5867.5   0.921512
 5870.0   0.924372
 5872.5   0.923664
 5875.0   0.922129
 5877.5   0.921995
 5880.0   0.919425
 5882.5   0.910372
 5885.0   0.896016
 5887.5   0.879370
 5890.0   0.865558
 5892.5   0.859271
 5895.0   0.861365
 5897.5   0.870910
 5900.0   0.883653
 5902.5   0.895004
 5905.0   0.902329
 5907.5   0.904359
 5910.0   0.903316
 5912.5   0.901792
 5915.0   0.900376
 5917.5   0.899179
 5920.0   0.898420
 5922.5   0.898055
 5925.0   0.896896
 5927.5   0.894094
 5930.0   0.891298
 5932.5   0.890186
 5935.0   0.890060
 5937.5   0.889744
 5940.0   0.888518
 5942.5   0.886059
 5945.0   0.883176
 5947.5   0.880801
 5950.0   0.879222
 5952.5   0.878488
 5955.0   0.878347
 5957.5   0.878502
 5960.0   0.878786
 5962.5   0.879034
 5965.0   0.878955
 5967.5   0.878363
 5970.0   0.877616
 5972.5   0.876902
 5975.0   0.875183
 5977.5   0.871630
 5980.0   0.867473
 5982.5   0.864169
 5985.0   0.862026
 5987.5   0.861167
 5990.0   0.862126
 5992.5   0.864906
 5995.0   0.866987
 5997.5   0.865970
 6000.0   0.862469
 6002.5   0.857881
 6005.0   0.853720
 6007.5   0.851092
 6010.0   0.849351
 6012.5   0.847627
 6015.0   0.845915
 6017.5   0.844404
 6020.0   0.843202
 6022.5   0.842536
 6025.0   0.843189
 6027.5   0.845605
 6030.0   0.848325
 6032.5   0.849670
 6035.0   0.848999
 6037.5   0.846376
 6040.0   0.843641
 6042.5   0.842667
 6045.0   0.843678
 6047.5   0.846245
 6050.0   0.848987
 6052.5   0.850671
 6055.0   0.851623
 6057.5   0.852298
 6060.0   0.852108
 6062.5   0.850613
 6065.0   0.849000
 6067.5   0.848333
 6070.0   0.847558
 6072.5   0.845561
 6075.0   0.843093
 6077.5   0.841116
 6080.0   0.839566
 6082.5   0.838245
 6085.0   0.837437
 6087.5   0.837355
 6090.0   0.837430
 6092.5   0.836801
 6095.0   0.834208
 6097.5   0.829129
 6100.0   0.824381
 6102.5   0.822878
 6105.0   0.824593
 6107.5   0.828323
 6110.0   0.831120
 6112.5   0.830448
 6115.0   0.827167
 6117.5   0.823115
 6120.0   0.820645
 6122.5   0.821364
 6125.0   0.823391
 6127.5   0.824246
 6130.0   0.822529
 6132.5   0.817820
 6135.0   0.812526
 6137.5   0.809104
 6140.0   0.807385
 6142.5   0.806827
 6145.0   0.808030
 6147.5   0.811197
 6150.0   0.813810
 6152.5   0.813343
 6155.0   0.809961
 6157.5   0.804717
 6160.0   0.799538
 6162.5   0.796214
 6165.0   0.795124
 6167.5   0.796236
 6170.0   0.799293
 6172.5   0.803828
 6175.0   0.808764
 6177.5   0.812787
 6180.0   0.814252
 6182.5   0.812167
 6185.0   0.808488
 6187.5   0.805620
 6190.0   0.804815
 6192.5   0.806621
 6195.0   0.809918
 6197.5   0.813173
 6200.0   0.814885
 6202.5   0.814044
 6205.0   0.811585
 6207.5   0.808789
 6210.0   0.806383
 6212.5   0.804754
 6215.0   0.803502
 6217.5   0.802234
 6220.0   0.801387
 6222.5   0.801296
 6225.0   0.801061
 6227.5   0.799735
 6230.0   0.797436
 6232.5   0.794727
 6235.0   0.792905
 6237.5   0.792740
 6240.0   0.792172
 6242.5   0.789351
 6245.0   0.786098
 6247.5   0.784630
 6250.0   0.785069
 6252.5   0.786987
 6255.0   0.789863
 6257.5   0.793115
 6260.0   0.796019
 6262.5   0.797934
 6265.0   0.798681
 6267.5   0.798033
 6270.0   0.795098
 6272.5   0.789291
 6275.0   0.781922
 6277.5   0.775116
 6280.0   0.772367
 6282.5   0.776034
 6285.0   0.782566
 6287.5   0.787682
 6290.0   0.790093
 6292.5   0.789636
 6295.0   0.787651
 6297.5   0.785663
 6300.0   0.784441
 6302.5   0.784323
 6305.0   0.784688
 6307.5   0.784761
 6310.0   0.784121
 6312.5   0.782555
 6315.0   0.780322
 6317.5   0.778028
 6320.0   0.777197
 6322.5   0.778783
 6325.0   0.780529
 6327.5   0.780131
 6330.0   0.778292
 6332.5   0.776277
 6335.0   0.774589
 6337.5   0.773304
 6340.0   0.771563
 6342.5   0.768812
 6345.0   0.766673
 6347.5   0.766723
 6350.0   0.768199
 6352.5   0.769889
 6355.0   0.771122
 6357.5   0.771428
 6360.0   0.770601
 6362.5   0.768668
 6365.0   0.766315
 6367.5   0.764337
 6370.0   0.763307
 6372.5   0.763465
 6375.0   0.763933
 6377.5   0.763925
 6380.0   0.764156
 6382.5   0.765349
 6385.0   0.766773
 6387.5   0.767475
 6390.0   0.767064
 6392.5   0.765458
 6395.0   0.763246
 6397.5   0.761111
 6400.0   0.759429
 6402.5   0.758268
 6405.0   0.756764
 6407.5   0.754258
 6410.0   0.751842
 6412.5   0.750634
 6415.0   0.750089
 6417.5   0.749600
 6420.0   0.749965
 6422.5   0.751787
 6425.0   0.753470
 6427.5   0.753350
 6430.0   0.751682
 6432.5   0.749296
 6435.0   0.747393
 6437.5   0.746917
 6440.0   0.747409
 6442.5   0.748075
 6445.0   0.748194
 6447.5   0.747109
 6450.0   0.744364
 6452.5   0.739896
 6455.0   0.735027
 6457.5   0.731333
 6460.0   0.730011
 6462.5   0.731649
 6465.0   0.734781
 6467.5   0.737663
 6470.0   0.739498
 6472.5   0.740036
 6475.0   0.740260
 6477.5   0.740887
 6480.0   0.740336
 6482.5   0.737021
 6485.0   0.731632
 6487.5   0.725376
 6490.0   0.719255
 6492.5   0.714490
 6495.0   0.713368
 6497.5   0.717439
 6500.0   0.724225
 6502.5   0.730535
 6505.0   0.734349
 6507.5   0.734414
 6510.0   0.731367
 6512.5   0.726624
 6515.0   0.722826
 6517.5   0.722056
 6520.0   0.722937
 6522.5   0.723542
 6525.0   0.723213
 6527.5   0.721650
 6530.0   0.718713
 6532.5   0.714445
 6535.0   0.709448
 6537.5   0.704194
 6540.0   0.698065
 6542.5   0.690241
 6545.0   0.680195
 6547.5   0.666703
 6550.0   0.645468
 6552.5   0.612731
 6555.0   0.569960
 6557.5   0.522856
 6560.0   0.488829
 6562.5   0.483937
 6565.0   0.507132
 6567.5   0.550667
 6570.0   0.597121
 6572.5   0.630737
 6575.0   0.652091
 6577.5   0.665525
 6580.0   0.674112
 6582.5   0.680211
 6585.0   0.684605
 6587.5   0.687767
 6590.0   0.690522
 6592.5   0.693697
 6595.0   0.697775
 6597.5   0.702709
 6600.0   0.706686
 6602.5   0.708093
 6605.0   0.707895
 6607.5   0.707427
 6610.0   0.706921
 6612.5   0.706399
 6615.0   0.706141
 6617.5   0.706442
 6620.0   0.707398
 6622.5   0.708838
 6625.0   0.709722
 6627.5   0.709220
 6630.0   0.708224
 6632.5   0.707804
 6635.0   0.708029
 6637.5   0.708591
 6640.0   0.708671
 6642.5   0.707682
 6645.0   0.706483
 6647.5   0.705975
 6650.0   0.705780
 6652.5   0.705347
 6655.0   0.704698
 6657.5   0.704003
 6660.0   0.703454
 6662.5   0.703169
 6665.0   0.702957
 6667.5   0.702496
 6670.0   0.701241
 6672.5   0.698953
 6675.0   0.696850
 6677.5   0.696120
 6680.0   0.696376
 6682.5   0.696937
 6685.0   0.697511
 6687.5   0.697929
 6690.0   0.698132
 6692.5   0.698166
 6695.0   0.698389
 6697.5   0.698928
 6700.0   0.698679
 6702.5   0.696735
 6705.0   0.694210
 6707.5   0.692368
 6710.0   0.691045
 6712.5   0.689769
 6715.0   0.688251
 6717.5   0.686478
 6720.0   0.685347
 6722.5   0.685607
 6725.0   0.686508
 6727.5   0.687200
 6730.0   0.687938
 6732.5   0.688961
 6735.0   0.689341
 6737.5   0.688245
 6740.0   0.686382
 6742.5   0.684581
 6745.0   0.682610
 6747.5   0.680191
 6750.0   0.677915
 6752.5   0.676433
 6755.0   0.675764
 6757.5   0.675810
 6760.0   0.676625
 6762.5   0.678087
 6765.0   0.679215
 6767.5   0.679211
 6770.0   0.678872
 6772.5   0.679043
 6775.0   0.679167
 6777.5   0.678619
 6780.0   0.677889
 6782.5   0.677616
 6785.0   0.677903
 6787.5   0.678555
 6790.0   0.678710
 6792.5   0.677770
 6795.0   0.676857
 6797.5   0.676971
 6800.0   0.676908
 6802.5   0.675492
 6805.0   0.673861
 6807.5   0.673241
 6810.0   0.672885
 6812.5   0.671866
 6815.0   0.670523
 6817.5   0.669330
 6820.0   0.668050
 6822.5   0.666410
 6825.0   0.664699
 6827.5   0.663288
 6830.0   0.662317
 6832.5   0.661998
 6835.0   0.663073
 6837.5   0.665793
 6840.0   0.667911
 6842.5   0.667459
 6845.0   0.666082
 6847.5   0.665744
 6850.0   0.666062
 6852.5   0.666089
 6855.0   0.664969
 6857.5   0.662596
 6860.0   0.661761
 6862.5   0.664721
 6865.0   0.668700
 6867.5   0.670286
 6870.0   0.668552
 6872.5   0.663891
 6875.0   0.659490
 6877.5   0.658207
 6880.0   0.658793
 6882.5   0.659361
 6885.0   0.659586
 6887.5   0.659531
 6890.0   0.659265
 6892.5   0.658860
 6895.0   0.658396
 6897.5   0.657987
 6900.0   0.657864
 6902.5   0.658177
 6905.0   0.658618
 6907.5   0.658830
 6910.0   0.658707
 6912.5   0.658246
 6915.0   0.657615
 6917.5   0.657001
 6920.0   0.656488
 6922.5   0.656066
 6925.0   0.655434
 6927.5   0.654354
 6930.0   0.653121
 6932.5   0.652151
 6935.0   0.651819
 6937.5   0.652216
 6940.0   0.652349
 6942.5   0.651404
 6945.0   0.650384
 6947.5   0.650386
 6950.0   0.651072
 6952.5   0.651748
 6955.0   0.651725
 6957.5   0.650620
 6960.0   0.649273
 6962.5   0.648675
 6965.0   0.649197
 6967.5   0.650554
 6970.0   0.650446
 6972.5   0.647093
 6975.0   0.642810
 6977.5   0.640248
 6980.0   0.639309
 6982.5   0.639133
 6985.0   0.638570
 6987.5   0.636764
 6990.0   0.634332
 6992.5   0.632106
 6995.0   0.630298
 6997.5   0.628837
 7000.0   0.627139
 7002.5   0.624945
 7005.0   0.623816
 7007.5   0.625017
 7010.0   0.626798
 7012.5   0.627200
 7015.0   0.626443
 7017.5   0.625243
 7020.0   0.624113
 7022.5   0.623497
 7025.0   0.623747
 7027.5   0.624966
 7030.0   0.626336
 7032.5   0.626982
 7035.0   0.626717
 7037.5   0.625738
 7040.0   0.625098
 7042.5   0.625696
 7045.0   0.626972
 7047.5   0.628059
 7050.0   0.628329
 7052.5   0.627441
 7055.0   0.625962
 7057.5   0.624553
 7060.0   0.623328
 7062.5   0.622362
 7065.0   0.622116
 7067.5   0.622895
 7070.0   0.623995
 7072.5   0.624570
 7075.0   0.624207
 7077.5   0.622818
 7080.0   0.621186
 7082.5   0.620007
 7085.0   0.618749
 7087.5   0.616946
 7090.0   0.615610
 7092.5   0.615658
 7095.0   0.616140
 7097.5   0.616039
 7100.0   0.615925
 7102.5   0.616346
 7105.0   0.616174
 7107.5   0.614247
 7110.0   0.610953
 7112.5   0.607282
 7115.0   0.605094
 7117.5   0.605829
 7120.0   0.608379
 7122.5   0.611199
 7125.0   0.613534
 7127.5   0.615016
 7130.0   0.616023
 7132.5   0.616884
 7135.0   0.616981
 7137.5   0.615677
 7140.0   0.613196
 7142.5   0.610051
 7145.0   0.607042
 7147.5   0.604993
 7150.0   0.604530
 7152.5   0.605846
 7155.0   0.607591
 7157.5   0.608137
 7160.0   0.606275
 7162.5   0.601470
 7165.0   0.595468
 7167.5   0.590169
 7170.0   0.585820
 7172.5   0.582204
 7175.0   0.578917
 7177.5   0.575606
 7180.0   0.572314
 7182.5   0.569124
 7185.0   0.565885
 7187.5   0.562713
 7190.0   0.561019
 7192.5   0.561791
 7195.0   0.563026
 7197.5   0.562850
 7200.0   0.562893
 7202.5   0.565182
 7205.0   0.569839
 7207.5   0.576329
 7210.0   0.583396
 7212.5   0.589662
 7215.0   0.593988
 7217.5   0.595584
 7220.0   0.594829
 7222.5   0.592416
 7225.0   0.589124
 7227.5   0.585609
 7230.0   0.581950
 7232.5   0.578100
 7235.0   0.574097
 7237.5   0.570158
 7240.0   0.567138
 7242.5   0.565770
 7245.0   0.565666
 7247.5   0.566060
 7250.0   0.565793
 7252.5   0.564281
 7255.0   0.563636
 7257.5   0.565703
 7260.0   0.568577
 7262.5   0.570107
 7265.0   0.570907
 7267.5   0.571741
 7270.0   0.571218
 7272.5   0.568292
 7275.0   0.565472
 7277.5   0.565023
 7280.0   0.564697
 7282.5   0.562057
 7285.0   0.558424
 7287.5   0.555734
 7290.0   0.554631
 7292.5   0.555384
 7295.0   0.558053
 7297.5   0.562157
 7300.0   0.565260
 7302.5   0.565225
 7305.0   0.563081
 7307.5   0.560557
 7310.0   0.559031
 7312.5   0.559288
 7315.0   0.560082
 7317.5   0.560046
 7320.0   0.559354
 7322.5   0.558514
 7325.0   0.557819
 7327.5   0.557478
 7330.0   0.557566
 7332.5   0.558217
 7335.0   0.559940
 7337.5   0.562980
 7340.0   0.566159
 7342.5   0.568086
 7345.0   0.567943
 7347.5   0.565538
 7350.0   0.562620
 7352.5   0.560933
 7355.0   0.560260
 7357.5   0.559935
 7360.0   0.559471
 7362.5   0.558591
 7365.0   0.557696
 7367.5   0.557252
 7370.0   0.557311
 7372.5   0.557770
 7375.0   0.558320
 7377.5   0.558479
 7380.0   0.557285
 7382.5   0.554087
 7385.0   0.549957
 7387.5   0.546397
 7390.0   0.544892
 7392.5   0.546310
 7395.0   0.549062
 7397.5   0.551349
 7400.0   0.552980
 7402.5   0.553998
 7405.0   0.553776
 7407.5   0.551917
 7410.0   0.549599
 7412.5   0.547987
 7415.0   0.546612
 7417.5   0.545168
 7420.0   0.545635
 7422.5   0.549546
 7425.0   0.554345
 7427.5   0.557326
 7430.0   0.559273
 7432.5   0.561302
 7435.0   0.562378
 7437.5   0.561338
 7440.0   0.558648
 7442.5   0.555193
 7445.0   0.551897
 7447.5   0.549602
 7450.0   0.548773
 7452.5   0.549487
 7455.0   0.550647
 7457.5   0.551222
 7460.0   0.551615
 7462.5   0.552409
 7465.0   0.553463
 7467.5   0.554414
 7470.0   0.554732
 7472.5   0.553965
 7475.0   0.552142
 7477.5   0.549652
 7480.0   0.547830
 7482.5   0.547806
 7485.0   0.548927
 7487.5   0.550134
 7490.0   0.550511
 7492.5   0.549448
 7495.0   0.547403
 7497.5   0.545069
 7500.0   0.543026
 7502.5   0.541646
 7505.0   0.540596
 7507.5   0.539498
 7510.0   0.538500
 7512.5   0.537919
 7515.0   0.538215
 7517.5   0.539581
 7520.0   0.540992
 7522.5   0.541394
 7525.0   0.540842
 7527.5   0.539728
 7530.0   0.538702
 7532.5   0.538382
 7535.0   0.539015
 7537.5   0.540587
 7540.0   0.542419
 7542.5   0.543775
 7545.0   0.544354
 7547.5   0.544054
 7550.0   0.543121
 7552.5   0.541900
 7555.0   0.540778
 7557.5   0.540060
 7560.0   0.539687
 7562.5   0.539476
 7565.0   0.539104
 7567.5   0.538328
 7570.0   0.537358
 7572.5   0.536531
 7575.0   0.536232
 7577.5   0.536592
 7580.0   0.536685
 7582.5   0.535736
 7585.0   0.534641
 7587.5   0.534532
 7590.0   0.535812
 7592.5   0.538509
 7595.0   0.541889
 7597.5   0.544920
 7600.0   0.546145
 7602.5   0.544281
 7605.0   0.539151
 7607.5   0.531269
 7610.0   0.522797
 7612.5   0.516159
 7615.0   0.513169
 7617.5   0.514826
 7620.0   0.519462
 7622.5   0.524788
 7625.0   0.528688
 7627.5   0.529620
 7630.0   0.528157
 7632.5   0.525458
 7635.0   0.522923
 7637.5   0.521677
 7640.0   0.521515
 7642.5   0.521885
 7645.0   0.522189
 7647.5   0.521969
 7650.0   0.521388
 7652.5   0.520744
 7655.0   0.520249
 7657.5   0.519982
 7660.0   0.519563
 7662.5   0.518752
 7665.0   0.518332
 7667.5   0.519048
 7670.0   0.520469
 7672.5   0.521918
 7675.0   0.522914
 7677.5   0.523166
 7680.0   0.522944
 7682.5   0.522603
 7685.0   0.522289
 7687.5   0.522046
 7690.0   0.521728
 7692.5   0.521195
 7695.0   0.520529
 7697.5   0.519906
 7700.0   0.519661
 7702.5   0.520017
 7705.0   0.520598
 7707.5   0.520938
 7710.0   0.520805
 7712.5   0.520100
 7715.0   0.519028
 7717.5   0.517895
 7720.0   0.517106
 7722.5   0.516958
 7725.0   0.517203
 7727.5   0.517513
 7730.0   0.517765
 7732.5   0.517867
 7735.0   0.517624
 7737.5   0.516839
 7740.0   0.515394
 7742.5   0.513310
 7745.0   0.511078
 7747.5   0.509249
 7750.0   0.508147
 7752.5   0.507941
 7755.0   0.508413
 7757.5   0.509213
 7760.0   0.509868
 7762.5   0.509863
 7765.0   0.508651
 7767.5   0.505733
 7770.0   0.500844
 7772.5   0.494209
 7775.0   0.487777
 7777.5   0.483792
 7780.0   0.483965
 7782.5   0.488995
 7785.0   0.496079
 7787.5   0.502045
 7790.0   0.505741
 7792.5   0.506806
 7795.0   0.506025
 7797.5   0.504440
 7800.0   0.502975
 7802.5   0.502281
 7805.0   0.502049
 7807.5   0.501832
 7810.0   0.501607
 7812.5   0.501473
 7815.0   0.501607
 7817.5   0.502119
 7820.0   0.502782
 7822.5   0.503221
 7825.0   0.502820
 7827.5   0.501187
 7830.0   0.499063
 7832.5   0.497321
 7835.0   0.496217
 7837.5   0.495813
 7840.0   0.495998
 7842.5   0.496587
 7845.0   0.497253
 7847.5   0.497689
 7850.0   0.497795
 7852.5   0.497574
 7855.0   0.497218
 7857.5   0.496952
 7860.0   0.496934
 7862.5   0.497194
 7865.0   0.497305
 7867.5   0.496832
 7870.0   0.495751
 7872.5   0.494189
 7875.0   0.492467
 7877.5   0.490996
 7880.0   0.490367
 7882.5   0.490973
 7885.0   0.492249
 7887.5   0.493287
 7890.0   0.492771
 7892.5   0.489844
 7895.0   0.485887
 7897.5   0.482661
 7900.0   0.481204
 7902.5   0.481995
 7905.0   0.483990
 7907.5   0.485918
 7910.0   0.487106
 7912.5   0.487190
 7915.0   0.486430
 7917.5   0.485204
 7920.0   0.483735
 7922.5   0.482185
 7925.0   0.480621
 7927.5   0.479153
 7930.0   0.478149
 7932.5   0.477969
 7935.0   0.478671
 7937.5   0.480059
 7940.0   0.481218
 7942.5   0.481239
 7945.0   0.479950
 7947.5   0.477688
 7950.0   0.476096
 7952.5   0.476524
 7955.0   0.477854
 7957.5   0.478695
 7960.0   0.479033
 7962.5   0.479216
 7965.0   0.479677
 7967.5   0.480635
 7970.0   0.481388
 7972.5   0.481274
 7975.0   0.480725
 7977.5   0.480331
 7980.0   0.480210
 7982.5   0.480301
 7985.0   0.480283
 7987.5   0.479863
 7990.0   0.479113
 7992.5   0.478115
 7995.0   0.476628
 7997.5   0.474539
 8000.0   0.472578
 8002.5   0.471524
 8005.0   0.471509
 8007.5   0.472363
 8010.0   0.473367
 8012.5   0.473876
 8015.0   0.474101
 8017.5   0.474322
 8020.0   0.474229
 8022.5   0.473495
 8025.0   0.472302
 8027.5   0.470986
 8030.0   0.469978
 8032.5   0.469601
 8035.0   0.469644
 8037.5   0.469721
 8040.0   0.469271
 8042.5   0.467903
 8045.0   0.466080
 8047.5   0.464497
 8050.0   0.463908
 8052.5   0.464762
 8055.0   0.466213
 8057.5   0.467328
 8060.0   0.468121
 8062.5   0.468802
 8065.0   0.469415
 8067.5   0.469929
 8070.0   0.470177
 8072.5   0.470068
 8075.0   0.469942
 8077.5   0.470048
 8080.0   0.469845
 8082.5   0.468795
 8085.0   0.467150
 8087.5   0.465390
 8090.0   0.464098
 8092.5   0.463662
 8095.0   0.463573
 8097.5   0.463295
 8100.0   0.463083
 8102.5   0.463268
 8105.0   0.463709
 8107.5   0.464146
 8110.0   0.464330
 8112.5   0.464103
 8115.0   0.463675
 8117.5   0.463285
 8120.0   0.462937
 8122.5   0.462551
 8125.0   0.461958
 8127.5   0.460979
 8130.0   0.459489
 8132.5   0.457432
 8135.0   0.454969
 8137.5   0.452369
 8140.0   0.450113
 8142.5   0.448558
 8145.0   0.447360
 8147.5   0.446056
 8150.0   0.444426
 8152.5   0.442468
 8155.0   0.440822
 8157.5   0.439945
 8160.0   0.438930
 8162.5   0.436916
 8165.0   0.434596
 8167.5   0.432888
 8170.0   0.432065
 8172.5   0.432005
 8175.0   0.431651
 8177.5   0.430168
 8180.0   0.428530
 8182.5   0.427859
 8185.0   0.428050
 8187.5   0.428583
 8190.0   0.428513
 8192.5   0.427056
 8195.0   0.424489
 8197.5   0.421766
 8200.0   0.421475
 8202.5   0.425658
 8205.0   0.432546
 8207.5   0.439587
 8210.0   0.444909
 8212.5   0.447164
 8215.0   0.446417
 8217.5   0.443014
 8220.0   0.437010
 8222.5   0.428625
 8225.0   0.419031
 8227.5   0.410043
 8230.0   0.405083
 8232.5   0.407088
 8235.0   0.415449
 8237.5   0.427828
 8240.0   0.438520
 8242.5   0.442623
 8245.0   0.441811
 8247.5   0.439047
 8250.0   0.435873
 8252.5   0.433277
 8255.0   0.431445
 8257.5   0.430560
 8260.0   0.431588
 8262.5   0.435075
 8265.0   0.439113
 8267.5   0.441450
 8270.0   0.440904
 8272.5   0.437120
 8275.0   0.431971
 8277.5   0.427518
 8280.0   0.424346
 8282.5   0.422667
 8285.0   0.422687
 8287.5   0.424375
 8290.0   0.426750
 8292.5   0.428751
 8295.0   0.429943
 8297.5   0.430209
 8300.0   0.430068
 8302.5   0.429993
 8305.0   0.429636
 8307.5   0.428561
 8310.0   0.426814
 8312.5   0.424638
 8315.0   0.422584
 8317.5   0.421289
 8320.0   0.421423
 8322.5   0.423160
 8325.0   0.424643
 8327.5   0.424044
 8330.0   0.421686
 8332.5   0.418548
 8335.0   0.416100
 8337.5   0.415560
 8340.0   0.416667
 8342.5   0.418814
 8345.0   0.421502
 8347.5   0.424207
 8350.0   0.426190
 8352.5   0.426894
 8355.0   0.426690
 8357.5   0.426146
 8360.0   0.425680
 8362.5   0.425564
 8365.0   0.425643
 8367.5   0.425680
 8370.0   0.425540
 8372.5   0.425133
 8375.0   0.424436
 8377.5   0.423440
 8380.0   0.422130
 8382.5   0.420587
 8385.0   0.419281
 8387.5   0.418657
 8390.0   0.418683
 8392.5   0.419181
 8395.0   0.419879
 8397.5   0.420513
 8400.0   0.420937
 8402.5   0.421042
 8405.0   0.420743
 8407.5   0.420036
 8410.0   0.419214
 8412.5   0.418607
 8415.0   0.418403
 8417.5   0.418716
 8420.0   0.419506
 8422.5   0.420673
 8425.0   0.422045
 8427.5   0.423357
 8430.0   0.424052
 8432.5   0.423601
 8435.0   0.421876
 8437.5   0.418908
 8440.0   0.414951
 8442.5   0.410516
 8445.0   0.406904
 8447.5   0.405391
 8450.0   0.406366
 8452.5   0.409658
 8455.0   0.413755
 8457.5   0.416921
 8460.0   0.417876
 8462.5   0.415980
 8465.0   0.412699
 8467.5   0.409805
 8470.0   0.408184
 8472.5   0.408290
 8475.0   0.409735
 8477.5   0.411942
 8480.0   0.414410
 8482.5   0.416616
 8485.0   0.417859
 8487.5   0.417037
 8490.0   0.411605
 8492.5   0.400106
 8495.0   0.386870
 8497.5   0.377154
 8500.0   0.374142
 8502.5   0.379101
 8505.0   0.387704
 8507.5   0.395134
 8510.0   0.400197
 8512.5   0.402776
 8515.0   0.403422
 8517.5   0.402881
 8520.0   0.401996
 8522.5   0.401481
 8525.0   0.401439
 8527.5   0.401452
 8530.0   0.399644
 8532.5   0.394201
 8535.0   0.385027
 8537.5   0.372692
 8540.0   0.358708
 8542.5   0.345362
 8545.0   0.337098
 8547.5   0.337414
 8550.0   0.343862
 8552.5   0.353067
 8555.0   0.363886
 8557.5   0.375370
 8560.0   0.385115
 8562.5   0.390948
 8565.0   0.393059
 8567.5   0.392493
 8570.0   0.391339
 8572.5   0.391374
 8575.0   0.392082
 8577.5   0.392501
 8580.0   0.392179
 8582.5   0.390927
 8585.0   0.389102
 8587.5   0.386914
 8590.0   0.383429
 8592.5   0.378092
 8595.0   0.372997
 8597.5   0.370424
 8600.0   0.370743
 8602.5   0.373591
 8605.0   0.377596
 8607.5   0.381410
 8610.0   0.384792
 8612.5   0.387760
 8615.0   0.390247
 8617.5   0.392184
 8620.0   0.393572
 8622.5   0.394470
 8625.0   0.395091
 8627.5   0.395685
 8630.0   0.396490
 8632.5   0.397618
 8635.0   0.398679
 8637.5   0.399181
 8640.0   0.398718
 8642.5   0.397054
 8645.0   0.394531
 8647.5   0.391649
 8650.0   0.388944
 8652.5   0.386262
 8655.0   0.380650
 8657.5   0.369630
 8660.0   0.355424
 8662.5   0.341585
 8665.0   0.332300
 8667.5   0.330836
 8670.0   0.336133
 8672.5   0.346052
 8675.0   0.358458
 8677.5   0.370837
 8680.0   0.379163
 8682.5   0.380413
 8685.0   0.377105
 8687.5   0.373677
 8690.0   0.376719
 8692.5   0.389103
 8695.0   0.396674
 8697.5   0.387266
 8700.0   0.373692
 8702.5   0.370251
 8705.0   0.372203
 8707.5   0.372085
 8710.0   0.370581
 8712.5   0.369871
 8715.0   0.369960
 8717.5   0.370325
 8720.0   0.370502
 8722.5   0.370073
 8725.0   0.368751
 8727.5   0.366365
 8730.0   0.363066
 8732.5   0.359232
 8735.0   0.355821
 8737.5   0.353236
 8740.0   0.349062
 8742.5   0.341227
 8745.0   0.331837
 8747.5   0.324128
 8750.0   0.321685
 8752.5   0.326804
 8755.0   0.336268
 8757.5   0.346031
 8760.0   0.354250
 8762.5   0.359952
 8765.0   0.363430
 8767.5   0.365370
 8770.0   0.366749
 8772.5   0.368347
 8775.0   0.369850
 8777.5   0.370762
 8780.0   0.370943
 8782.5   0.370431
 8785.0   0.369629
 8787.5   0.368985
 8790.0   0.368750
 8792.5   0.368998
 8795.0   0.369279
 8797.5   0.369011
 8800.0   0.367608
 8802.5   0.364889
 8805.0   0.362285
 8807.5   0.361356
 8810.0   0.362561
 8812.5   0.365565
 8815.0   0.367957
 8817.5   0.367653
 8820.0   0.365957
 8822.5   0.364593
 8825.0   0.363582
 8827.5   0.362568
 8830.0   0.361402
 8832.5   0.360110
 8835.0   0.359230
 8837.5   0.359199
 8840.0   0.359548
 8842.5   0.359637
 8845.0   0.359051
 8847.5   0.357323
 8850.0   0.353558
 8852.5   0.346848
 8855.0   0.336664
 8857.5   0.323756
 8860.0   0.313613
 8862.5   0.311335
 8865.0   0.315722
 8867.5   0.324000
 8870.0   0.333383
 8872.5   0.341421
 8875.0   0.347013
 8877.5   0.349886
 8880.0   0.351719
 8882.5   0.354160
 8885.0   0.356770
 8887.5   0.358748
 8890.0   0.359925
 8892.5   0.360381
 8895.0   0.360562
 8897.5   0.360867
 8900.0   0.361147
 8902.5   0.361059
 8905.0   0.360041
 8907.5   0.357836
 8910.0   0.355620
 8912.5   0.354805
 8915.0   0.356301
 8917.5   0.359916
 8920.0   0.361555
 8922.5   0.358018
 8925.0   0.353588
 8927.5   0.353074
 8930.0   0.355895
 8932.5   0.359931
 8935.0   0.362310
 8937.5   0.361008
 8940.0   0.358162
 8942.5   0.356296
 8945.0   0.355317
 8947.5   0.354591
 8950.0   0.353939
 8952.5   0.353309
 8955.0   0.352709
 8957.5   0.352176
 8960.0   0.351818
 8962.5   0.351684
 8965.0   0.351519
 8967.5   0.351150
 8970.0   0.351029
 8972.5   0.351534
 8975.0   0.352112
 8977.5   0.351629
 8980.0   0.347569
 8982.5   0.339068
 8985.0   0.333253
 8987.5   0.336452
 8990.0   0.343803
 8992.5   0.348526
 8995.0   0.347360
 8997.5   0.339611
 9000.0   0.331348
 9002.5   0.327938
 9005.0   0.325188
 9007.5   0.318460
 9010.0   0.310896
 9012.5   0.306850
 9015.0   0.307753
 9017.5   0.313454
 9020.0   0.320394
 9022.5   0.325457
 9025.0   0.330696
 9027.5   0.338305
 9030.0   0.345869
 9032.5   0.350460
 9035.0   0.351721
 9037.5   0.350378
 9040.0   0.348932
 9042.5   0.349592
 9045.0   0.351615
 9047.5   0.353518
 9050.0   0.353802
 9052.5   0.351387
 9055.0   0.346866
 9057.5   0.341440
 9060.0   0.337050
 9062.5   0.335508
 9065.0   0.337361
 9067.5   0.342073
 9070.0   0.346052
 9072.5   0.345975
 9075.0   0.342659
 9077.5   0.338167
 9080.0   0.335417
 9082.5   0.336321
 9085.0   0.337922
 9087.5   0.337153
 9090.0   0.335380
 9092.5   0.334680
 9095.0   0.335529
 9097.5   0.337816
 9100.0   0.340678
 9102.5   0.343072
 9105.0   0.343988
 9107.5   0.342877
 9110.0   0.341009
 9112.5   0.339893
 9115.0   0.340169
 9117.5   0.342011
 9120.0   0.344602
 9122.5   0.346648
 9125.0   0.345932
 9127.5   0.341382
 9130.0   0.337434
 9132.5   0.338481
 9135.0   0.343247
 9137.5   0.348957
 9140.0   0.352523
 9142.5   0.351380
 9145.0   0.345385
 9147.5   0.336096
 9150.0   0.329462
 9152.5   0.330595
 9155.0   0.336861
 9157.5   0.343882
 9160.0   0.348057
 9162.5   0.346901
 9165.0   0.341623
 9167.5   0.334743
 9170.0   0.330338
 9172.5   0.331572
 9175.0   0.336394
 9177.5   0.341679
 9180.0   0.345215
 9182.5   0.345579
 9185.0   0.343595
 9187.5   0.340751
 9190.0   0.338940
 9192.5   0.339468
 9195.0   0.340896
 9197.5   0.341335
 9200.0   0.339857
 9202.5   0.336082
 9205.0   0.330875
 9207.5   0.325355
 9210.0   0.320413
 9212.5   0.316666
 9215.0   0.313866
 9217.5   0.311467
 9220.0   0.308610
 9222.5   0.304526
 9225.0   0.299134
 9227.5   0.293224
 9230.0   0.290380
 9232.5   0.293500
 9235.0   0.299953
 9237.5   0.306331
 9240.0   0.311655
 9242.5   0.315778
 9245.0   0.319452
 9247.5   0.323093
 9250.0   0.324877
 9252.5   0.323354
 9255.0   0.320805
 9257.5   0.319886
 9260.0   0.321010
 9262.5   0.323806
 9265.0   0.326996
 9267.5   0.329216
 9270.0   0.329677
 9272.5   0.328112
 9275.0   0.325783
 9277.5   0.324093
 9280.0   0.323489
 9282.5   0.324001
 9285.0   0.324941
 9287.5   0.325339
 9290.0   0.323826
 9292.5   0.319782
 9295.0   0.315985
 9297.5   0.315172
 9300.0   0.316524
 9302.5   0.318357
 9305.0   0.319083
 9307.5   0.317606
 9310.0   0.314689
 9312.5   0.311471
 9315.0   0.308721
 9317.5   0.307045
 9320.0   0.306771
 9322.5   0.307859
 9325.0   0.309073
 9327.5   0.308757
 9330.0   0.304774
 9332.5   0.296479
 9335.0   0.289677
 9337.5   0.289979
 9340.0   0.295762
 9342.5   0.303664
 9345.0   0.310601
 9347.5   0.314095
 9350.0   0.313798
 9352.5   0.310518
 9355.0   0.307541
 9357.5   0.307569
 9360.0   0.308470
 9362.5   0.307493
 9365.0   0.304226
 9367.5   0.299341
 9370.0   0.295495
 9372.5   0.295107
 9375.0   0.297646
 9377.5   0.302082
 9380.0   0.308326
 9382.5   0.316118
 9385.0   0.323579
 9387.5   0.328490
 9390.0   0.328885
 9392.5   0.323898
 9395.0   0.316825
 9397.5   0.311070
 9400.0   0.306327
 9402.5   0.301752
 9405.0   0.298078
 9407.5   0.296355
 9410.0   0.297332
 9412.5   0.300762
 9415.0   0.302725
 9417.5   0.300211
 9420.0   0.297534
 9422.5   0.299327
 9425.0   0.304191
 9427.5   0.309138
 9430.0   0.310870
 9432.5   0.307324
 9435.0   0.301681
 9437.5   0.298004
 9440.0   0.298650
 9442.5   0.304294
 9445.0   0.310601
 9447.5   0.312686
 9450.0   0.308479
 9452.5   0.298622
 9455.0   0.291787
 9457.5   0.295352
 9460.0   0.303493
 9462.5   0.308697
 9465.0   0.309900
 9467.5   0.307920
 9470.0   0.304661
 9472.5   0.301917
 9475.0   0.299969
 9477.5   0.299238
 9480.0   0.302223
 9482.5   0.310047
 9485.0   0.316236
 9487.5   0.314101
 9490.0   0.303682
 9492.5   0.288649
 9495.0   0.280476
 9497.5   0.288261
 9500.0   0.303800
 9502.5   0.316241
 9505.0   0.321449
 9507.5   0.317942
 9510.0   0.308132
 9512.5   0.295842
 9515.0   0.286648
 9517.5   0.284861
 9520.0   0.287996
 9522.5   0.292369
 9525.0   0.296300
 9527.5   0.298667
 9530.0   0.298565
 9532.5   0.295326
 9535.0   0.289020
 9537.5   0.280407
 9540.0   0.272284
 9542.5   0.267265
 9545.0   0.265212
 9547.5   0.265409
 9550.0   0.267583
 9552.5   0.271589
 9555.0   0.277333
 9557.5   0.284264
 9560.0   0.289936
 9562.5   0.292453
 9565.0   0.294012
 9567.5   0.297063
 9570.0   0.300985
 9572.5   0.304252
 9575.0   0.304801
 9577.5   0.301323
 9580.0   0.296058
 9582.5   0.291716
 9585.0   0.289347
 9587.5   0.289356
 9590.0   0.291226
 9592.5   0.294154
 9595.0   0.297123
 9597.5   0.299198
 9600.0   0.299982
 9602.5   0.299624
 9605.0   0.299920
 9607.5   0.302204
 9610.0   0.304309
 9612.5   0.303648
 9615.0   0.299442
 9617.5   0.292673
 9620.0   0.289541
 9622.5   0.294841
 9625.0   0.302515
 9627.5   0.305604
 9630.0   0.304404
 9632.5   0.301120
 9635.0   0.298334
 9637.5   0.298041
 9640.0   0.299502
 9642.5   0.301398
 9645.0   0.302831
 9647.5   0.303025
 9650.0   0.301261
 9652.5   0.297229
 9655.0   0.292180
 9657.5   0.287988
 9660.0   0.287448
 9662.5   0.292312
 9665.0   0.299231
 9667.5   0.304328
 9670.0   0.306707
 9672.5   0.306478
 9675.0   0.304793
 9677.5   0.303072
 9680.0   0.302770
 9682.5   0.304730
 9685.0   0.307318
 9687.5   0.308670
 9690.0   0.308467
 9692.5   0.306932
 9695.0   0.304901
 9697.5   0.303350
 9700.0   0.303187
 9702.5   0.304813
 9705.0   0.306655
 9707.5   0.307109
 9710.0   0.306434
 9712.5   0.305236
 9715.0   0.303658
 9717.5   0.301791
 9720.0   0.299988
 9722.5   0.298622
 9725.0   0.297875
 9727.5   0.297816
 9730.0   0.298239
 9732.5   0.298869
 9735.0   0.299417
 9737.5   0.299624
 9740.0   0.299351
 9742.5   0.298568
 9745.0   0.297567
 9747.5   0.296658
 9750.0   0.295892
 9752.5   0.295285
 9755.0   0.294970
 9757.5   0.295103
 9760.0   0.295804
 9762.5   0.297044
 9765.0   0.298223
 9767.5   0.298892
 9770.0   0.299768
 9772.5   0.301483
 9775.0   0.303164
 9777.5   0.303839
 9780.0   0.303648
 9782.5   0.302939
 9785.0   0.301789
 9787.5   0.300236
 9790.0   0.298449
 9792.5   0.296618
 9795.0   0.294901
 9797.5   0.293447
 9800.0   0.292416
 9802.5   0.291919
 9805.0   0.291868
 9807.5   0.292123
 9810.0   0.292544
 9812.5   0.292993
 9815.0   0.293331
 9817.5   0.293419
 9820.0   0.293118
 9822.5   0.292333
 9825.0   0.291144
 9827.5   0.289675
 9830.0   0.288051
 9832.5   0.286395
 9835.0   0.284832
 9837.5   0.283485
 9840.0   0.282478
 9842.5   0.281904
 9845.0   0.281723
 9847.5   0.281866
 9850.0   0.282260
 9852.5   0.282835
 9855.0   0.283520
 9857.5   0.284244
 9860.0   0.284937
 9862.5   0.285540
 9865.0   0.286042
 9867.5   0.286446
 9870.0   0.286755
 9872.5   0.286971
 9875.0   0.287097
 9877.5   0.287135
 9880.0   0.287088
 9882.5   0.286961
 9885.0   0.286778
 9887.5   0.286564
 9890.0   0.286345
 9892.5   0.286147
 9895.0   0.285997
 9897.5   0.285921
 9900.0   0.285945
 9902.5   0.286086
 9905.0   0.286329
 9907.5   0.286653
 9910.0   0.287034
 9912.5   0.287449
 9915.0   0.287874
 9917.5   0.288288
 9920.0   0.288667
 9922.5   0.288992
 9925.0   0.289262
 9927.5   0.289480
 9930.0   0.289647
 9932.5   0.289766
 9935.0   0.289841
 9937.5   0.289873
 9940.0   0.289866
 9942.5   0.289816
 9945.0   0.289706
 9947.5   0.289512
 9950.0   0.289211
 9952.5   0.288780
 9955.0   0.288195
 9957.5   0.287434
 9960.0   0.286473
 9962.5   0.285306
 9965.0   0.283996
 9967.5   0.282621
 9970.0   0.281262
 9972.5   0.279997
 9975.0   0.278906
 9977.5   0.278068
 9980.0   0.277563
 9982.5   0.277436
 9985.0   0.277602
 9987.5   0.277942
 9990.0   0.278336
 9992.5   0.278666
 9995.0   0.278813
 9997.5   0.278657
10000.0   0.278080
10002.5   0.276996
10005.0   0.275459
10007.5   0.273555
10010.0   0.271372
10012.5   0.268997
10015.0   0.266517
10017.5   0.264019
10020.0   0.261591
10022.5   0.259305
10025.0   0.257182
10027.5   0.255227
10030.0   0.253446
10032.5   0.251845
10035.0   0.250429
10037.5   0.249205
10040.0   0.248179
10042.5   0.247362
10045.0   0.246791
10047.5   0.246510
10050.0   0.246562
10052.5   0.246991
10055.0   0.247839
10057.5   0.249150
10060.0   0.250968
10062.5   0.253300
10065.0   0.256007
10067.5   0.258915
10070.0   0.261850
10072.5   0.264639
10075.0   0.267106
10077.5   0.269077
10080.0   0.270379
10082.5   0.270896
10085.0   0.270743
10087.5   0.270095
10090.0   0.269127
10092.5   0.268012
10095.0   0.266926
10097.5   0.266042
10100.0   0.265536
10102.5   0.265530
10105.0   0.265947
10107.5   0.266657
10110.0   0.267531
10112.5   0.268439
10115.0   0.269253
10117.5   0.269843
10120.0   0.270080
10122.5   0.269872
10125.0   0.269279
10127.5   0.268396
10130.0   0.267321
10132.5   0.266150
10135.0   0.264980
10137.5   0.263906
10140.0   0.263026
10142.5   0.262413
10145.0   0.262049
10147.5   0.261892
10150.0   0.261902
10152.5   0.262036
10155.0   0.262254
10157.5   0.262513
10160.0   0.262773
10162.5   0.263002
10165.0   0.263206
10167.5   0.263402
10170.0   0.263605
10172.5   0.263833
10175.0   0.264101
10177.5   0.264426
10180.0   0.264825
10182.5   0.265306
10185.0   0.265848
10187.5   0.266425
10190.0   0.267009
10192.5   0.267573
10195.0   0.268088
10197.5   0.268528
10200.0   0.268864
10202.5   0.269070
10205.0   0.269120
10207.5   0.268986
10210.0   0.268643
10212.5   0.268064
10215.0   0.267222
10217.5   0.266092
10220.0   0.264647
10222.5   0.262887
10225.0   0.260919
10227.5   0.258877
10230.0   0.256895
10232.5   0.255106
10235.0   0.253644
10237.5   0.252643
10240.0   0.252235
10242.5   0.252504
10245.0   0.253331
10247.5   0.254546
10250.0   0.255980
10252.5   0.257462
10255.0   0.258822
10257.5   0.259892
10260.0   0.260501
10262.5   0.260524
10265.0   0.260013
10267.5   0.259065
10270.0   0.257777
10272.5   0.256246
10275.0   0.254567
10277.5   0.252837
10280.0   0.251157
10282.5   0.249616
10285.0   0.248248
10287.5   0.247088
10290.0   0.246244
10292.5   0.245774
10295.0   0.245476
10297.5   0.245325
10300.0   0.246276
10302.5   0.248957
10305.0   0.251698
10307.5   0.252864
10310.0   0.253243
10312.5   0.253925
10315.0   0.254766
10317.5   0.255398
10320.0   0.255783
10322.5   0.255957
10325.0   0.255933
10327.5   0.255724
10330.0   0.255365
10332.5   0.254897
10335.0   0.254353
10337.5   0.253766
10340.0   0.253170
10342.5   0.252598
10345.0   0.252070
10347.5   0.251603
10350.0   0.251216
10352.5   0.250927
10355.0   0.250753
10357.5   0.250712
10360.0   0.250823
10362.5   0.251092
10365.0   0.251484
10367.5   0.251951
10370.0   0.252445
10372.5   0.252920
10375.0   0.253329
10377.5   0.253624
10380.0   0.253759
10382.5   0.253699
10385.0   0.253459
10387.5   0.253067
10390.0   0.252552
10392.5   0.251940
10395.0   0.251261
10397.5   0.250542
10400.0   0.249811
10402.5   0.249093
10405.0   0.248401
10407.5   0.247746
10410.0   0.247139
10412.5   0.246591
10415.0   0.246111
10417.5   0.245710
10420.0   0.245399
10422.5   0.245183
10425.0   0.245044
10427.5   0.244958
10430.0   0.244902
10432.5   0.244852
10435.0   0.244784
10437.5   0.244675
10440.0   0.244502
10442.5   0.244248
10445.0   0.243924
10447.5   0.243551
10450.0   0.243147
10452.5   0.242733
10455.0   0.242328
10457.5   0.241951
10460.0   0.241622
10462.5   0.241359
10465.0   0.241175
10467.5   0.241083
10470.0   0.241095
10472.5   0.241224
10475.0   0.241483
10477.5   0.241883
10480.0   0.242436
10482.5   0.243141
10485.0   0.243935
10487.5   0.244740
10490.0   0.245479
10492.5   0.246073
10495.0   0.246446
10497.5   0.246520
10500.0   0.246217
10502.5   0.245493
10505.0   0.244437
10507.5   0.243170
10510.0   0.241815
10512.5   0.240493
10515.0   0.239327
10517.5   0.238438
10520.0   0.237948
10522.5   0.237940
10525.0   0.238341
10527.5   0.239037
10530.0   0.239916
10532.5   0.240866
10535.0   0.241773
10537.5   0.242525
10540.0   0.243008
10542.5   0.243142
10545.0   0.242966
10547.5   0.242551
10550.0   0.241968
10552.5   0.241288
10555.0   0.240583
10557.5   0.239922
10560.0   0.239377
10562.5   0.238998
10565.0   0.238751
10567.5   0.238583
10570.0   0.238439
10572.5   0.238264
10575.0   0.238004
10577.5   0.237605
10580.0   0.237014
10582.5   0.236198
10585.0   0.235212
10587.5   0.234134
10590.0   0.233043
10592.5   0.232016
10595.0   0.231134
10597.5   0.230474
10600.0   0.230108
10602.5   0.230093
10605.0   0.230423
10607.5   0.231057
10610.0   0.231868
10612.5   0.232786
10615.0   0.234068
10617.5   0.235746
10620.0   0.236644
10622.5   0.235826
10625.0   0.234541
10627.5   0.234144
10630.0   0.234232
10632.5   0.234142
10635.0   0.233922
10637.5   0.233750
10640.0   0.233613
10642.5   0.233463
10645.0   0.233304
10647.5   0.233148
10650.0   0.232995
10652.5   0.232841
10655.0   0.232686
10657.5   0.232531
10660.0   0.232377
10662.5   0.232223
10665.0   0.232069
10667.5   0.231915
10670.0   0.231761
10672.5   0.231607
10675.0   0.231452
10677.5   0.231298
10680.0   0.231144
10682.5   0.230991
10685.0   0.230837
10687.5   0.230683
10690.0   0.230529
10692.5   0.230375
10695.0   0.230221
10697.5   0.230067
10700.0   0.229914
10702.5   0.229761
10705.0   0.229607
10707.5   0.229453
10710.0   0.229300
10712.5   0.229147
10715.0   0.228993
10717.5   0.228839
10720.0   0.228686
10722.5   0.228533
10725.0   0.228380
10727.5   0.228227
10730.0   0.228073
10732.5   0.227920
10735.0   0.227767
10737.5   0.227614
10740.0   0.227461
10742.5   0.227308
10745.0   0.227155
10747.5   0.227003
10750.0   0.226850
10752.5   0.226697
10755.0   0.226544
10757.5   0.226391
10760.0   0.226239
10762.5   0.226087
10765.0   0.225934
10767.5   0.225781
10770.0   0.225629
10772.5   0.225477
10775.0   0.225324
10777.5   0.225171
10780.0   0.225019
10782.5   0.224867
10785.0   0.224715
10787.5   0.224563
10790.0   0.224410
10792.5   0.224258
10795.0   0.224106
10797.5   0.223954
10800.0   0.223802
10802.5   0.223651
10805.0   0.223499
10807.5   0.223347
10810.0   0.223195
10812.5   0.223043
10815.0   0.222892
10817.5   0.222741
10820.0   0.222589
10822.5   0.222437
10825.0   0.222286
10827.5   0.222135
10830.0   0.221983
10832.5   0.221831
10835.0   0.221680
10837.5   0.221529
10840.0   0.221378
10842.5   0.221227
10845.0   0.221075
10847.5   0.220924
10850.0   0.220773
10852.5   0.220622
10855.0   0.220471
10857.5   0.220321
10860.0   0.220170
10862.5   0.220019
10865.0   0.219868
10867.5   0.219717
10870.0   0.219567
10872.5   0.219417
10875.0   0.219266
10877.5   0.219115
10880.0   0.218965
10882.5   0.218815
10885.0   0.218664
10887.5   0.218513
10890.0   0.218363
10892.5   0.218213
10895.0   0.218063
10897.5   0.217913
10900.0   0.217763
10902.5   0.217613
10905.0   0.217463
10907.5   0.217313
10910.0   0.217163
10912.5   0.217014
10915.0   0.216864
10917.5   0.216714
10920.0   0.216564
10922.5   0.216414
10925.0   0.216265
10927.5   0.216116
10930.0   0.215966
10932.5   0.215816
10935.0   0.215667
10937.5   0.215518
10940.0   0.215369
10942.5   0.215220
10945.0   0.215070
10947.5   0.214921
10950.0   0.214772
10952.5   0.214623
10955.0   0.214474
10957.5   0.214325
10960.0   0.214176
10962.5   0.214028
10965.0   0.213879
10967.5   0.213730
10970.0   0.213581
10972.5   0.213432
10975.0   0.213284
10977.5   0.213135
10980.0   0.212987
10982.5   0.212839
10985.0   0.212691
10987.5   0.212543
10990.0   0.212394
10992.5   0.212246
10995.0   0.212098
10997.5   0.211950
11000.0   0.211802
11002.5   0.211654
11005.0   0.211506
11007.5   0.211358
11010.0   0.211210
11012.5   0.211063
11015.0   0.210915
11017.5   0.210767
11020.0   0.210619
11022.5   0.210471
11025.0   0.210324
11027.5   0.210177
11030.0   0.210030
11032.5   0.209882
11035.0   0.209735
11037.5   0.209588
11040.0   0.209441
11042.5   0.209294
11045.0   0.209146
11047.5   0.208999
11050.0   0.208852
11052.5   0.208706
11055.0   0.208559
11057.5   0.208412
11060.0   0.208265
11062.5   0.208118
11065.0   0.207972
11067.5   0.207826
11070.0   0.207679
11072.5   0.207533
11075.0   0.207386
11077.5   0.207239
11080.0   0.207093
11082.5   0.206947
11085.0   0.206801
11087.5   0.206655
11090.0   0.206509
11092.5   0.206363
11095.0   0.206217
11097.5   0.206071
11100.0   0.205925
11102.5   0.205779
11105.0   0.205634
11107.5   0.205489
11110.0   0.205343
11112.5   0.205197
11115.0   0.205052
11117.5   0.204907
11120.0   0.204761
11122.5   0.204615
11125.0   0.204470
11127.5   0.204325
11130.0   0.204180
11132.5   0.204035
11135.0   0.203890
11137.5   0.203745
11140.0   0.203600
11142.5   0.203455
11145.0   0.203310
11147.5   0.203165
11150.0   0.203021
11152.5   0.202877
11155.0   0.202732
11157.5   0.202588
11160.0   0.202443
11162.5   0.202298
11165.0   0.202154
11167.5   0.202010
11170.0   0.201866
11172.5   0.201722
11175.0   0.201577
11177.5   0.201433
11180.0   0.201289
11182.5   0.201146
11185.0   0.201002
11187.5   0.200858
11190.0   0.200714
11192.5   0.200570
11195.0   0.200427
11197.5   0.200284
11200.0   0.200140
11202.5   0.199996
11205.0   0.199853
11207.5   0.199710
11210.0   0.199567
11212.5   0.199424
11215.0   0.199280
11217.5   0.199137
11220.0   0.198994
11222.5   0.198852
11225.0   0.198709
11227.5   0.198566
11230.0   0.198423
11232.5   0.198280
11235.0   0.198138
11237.5   0.197996
11240.0   0.197853
11242.5   0.197710
11245.0   0.197568
11247.5   0.197426
11250.0   0.197284
11252.5   0.197142
11255.0   0.196999
11257.5   0.196857
11260.0   0.196715
11262.5   0.196574
11265.0   0.196432
11267.5   0.196290
11270.0   0.196148
11272.5   0.196006
11275.0   0.195865
11277.5   0.195724
11280.0   0.195582
11282.5   0.195440
11285.0   0.195299
11287.5   0.195158
11290.0   0.195017
11292.5   0.194876
11295.0   0.194734
11297.5   0.194593
11300.0   0.194452
11302.5   0.194312
11305.0   0.194171
11307.5   0.194030
11310.0   0.193889
11312.5   0.193748
11315.0   0.193608
11317.5   0.193468
11320.0   0.193327
11322.5   0.193186
11325.0   0.193046
11327.5   0.192906
11330.0   0.192766
11332.5   0.192626
11335.0   0.192486
11337.5   0.192346
11340.0   0.192206
11342.5   0.192066
11345.0   0.191926
11347.5   0.191786
11350.0   0.191647
11352.5   0.191508
11355.0   0.191368
11357.5   0.191228
11360.0   0.191089
11362.5   0.190950
11365.0   0.190811
11367.5   0.190672
11370.0   0.190532
11372.5   0.190393
11375.0   0.190254
11377.5   0.190116
11380.0   0.189977
11382.5   0.189838
11385.0   0.189699
11387.5   0.189560
11390.0   0.189422
11392.5   0.189283
11395.0   0.189145
11397.5   0.189007
11400.0   0.188869
11402.5   0.188731
11405.0   0.188592
11407.5   0.188454
11410.0   0.188316
11412.5   0.188178
11415.0   0.188040
11417.5   0.187902
11420.0   0.187765
11422.5   0.187628
11425.0   0.187490
11427.5   0.187353
11430.0   0.187215
11432.5   0.187077
11435.0   0.186940
11437.5   0.186803
11440.0   0.186666
11442.5   0.186529
11445.0   0.186392
11447.5   0.186255
11450.0   0.186118
11452.5   0.185981
11455.0   0.185844
11457.5   0.185707
11460.0   0.185571
11462.5   0.185435
11465.0   0.185298
11467.5   0.185161
11470.0   0.185025
11472.5   0.184889
11475.0   0.184753
11477.5   0.184617
11480.0   0.184481
11482.5   0.184345
11485.0   0.184209
11487.5   0.184073
11490.0   0.183937
11492.5   0.183801
11495.0   0.183666
11497.5   0.183530
11500.0   0.183395
11502.5   0.183260
11505.0   0.183125
11507.5   0.182990
11510.0   0.182854
11512.5   0.182719
11515.0   0.182584
11517.5   0.182449
11520.0   0.182314
11522.5   0.182179
11525.0   0.182045
11527.5   0.181911
11530.0   0.181776
11532.5   0.181642
11535.0   0.181507
11537.5   0.181372
11540.0   0.181238
11542.5   0.181104
11545.0   0.180970
11547.5   0.180836
11550.0   0.180702
11552.5   0.180568
11555.0   0.180434
11557.5   0.180300
11560.0   0.180167
11562.5   0.180034
11565.0   0.179900
11567.5   0.179766
11570.0   0.179633
11572.5   0.179500
11575.0   0.179367
11577.5   0.179234
11580.0   0.179100
11582.5   0.178967
11585.0   0.178834
11587.5   0.178701
11590.0   0.178569
11592.5   0.178437
11595.0   0.178304
11597.5   0.178172
11600.0   0.178039
11602.5   0.177906
11605.0   0.177774
11607.5   0.177642
11610.0   0.177510
11612.5   0.177378
11615.0   0.177246
11617.5   0.177114
11620.0   0.176982
11622.5   0.176851
11625.0   0.176719
11627.5   0.176587
11630.0   0.176455
11632.5   0.176324
11635.0   0.176193
11637.5   0.176062
11640.0   0.175930
11642.5   0.175799
11645.0   0.175668
11647.5   0.175537
11650.0   0.175406
11652.5   0.175276
11655.0   0.175145
11657.5   0.175014
11660.0   0.174883
11662.5   0.174753
11665.0   0.174623
11667.5   0.174493
11670.0   0.174362
11672.5   0.174232
11675.0   0.174102
11677.5   0.173972
11680.0   0.173842
11682.5   0.173712
11685.0   0.173582
11687.5   0.173452
11690.0   0.173323
11692.5   0.173194
11695.0   0.173064
11697.5   0.172934
11700.0   0.172805
11702.5   0.172676
11705.0   0.172547
11707.5   0.172418
11710.0   0.172289
11712.5   0.172160
11715.0   0.172031
11717.5   0.171902
11720.0   0.171774
11722.5   0.171646
11725.0   0.171517
11727.5   0.171388
11730.0   0.171260
11732.5   0.171132
11735.0   0.171004
11737.5   0.170876
11740.0   0.170748
11742.5   0.170620
11745.0   0.170492
11747.5   0.170364
11750.0   0.170237
11752.5   0.170110
11755.0   0.169982
11757.5   0.169854
11760.0   0.169727
11762.5   0.169600
11765.0   0.169473
11767.5   0.169346
11770.0   0.169219
11772.5   0.169092
11775.0   0.168965
11777.5   0.168838
11780.0   0.168712
11782.5   0.168586
11785.0   0.168459
11787.5   0.168333
11790.0   0.168206
11792.5   0.168079
11795.0   0.167953
11797.5   0.167827
11800.0   0.167701
11802.5   0.167576
11805.0   0.167450
11807.5   0.167324
11810.0   0.167198
11812.5   0.167072
11815.0   0.166947
11817.5   0.166822
11820.0   0.166697
11822.5   0.166572
11825.0   0.166447
11827.5   0.166322
11830.0   0.166197
11832.5   0.166072
11835.0   0.165947
11837.5   0.165822
11840.0   0.165698
11842.5   0.165574
11845.0   0.165449
11847.5   0.165324
11850.0   0.165200
11852.5   0.165076
11855.0   0.164952
11857.5   0.164828
11860.0   0.164704
11862.5   0.164581
11865.0   0.164457
11867.5   0.164333
11870.0   0.164209
11872.5   0.164085
11875.0   0.163962
11877.5   0.163839
11880.0   0.163716
11882.5   0.163593
11885.0   0.163470
11887.5   0.163347
11890.0   0.163224
11892.5   0.163101
11895.0   0.162979
11897.5   0.162857
11900.0   0.162734
11902.5   0.162611
11905.0   0.162489
11907.5   0.162367
11910.0   0.162245
11912.5   0.162123
11915.0   0.162001
11917.5   0.161879
11920.0   0.161757
11922.5   0.161635
11925.0   0.161514
11927.5   0.161393
11930.0   0.161271
11932.5   0.161149
11935.0   0.161028
11937.5   0.160907
11940.0   0.160786
11942.5   0.160665
11945.0   0.160544
11947.5   0.160423
11950.0   0.160303
11952.5   0.160183
11955.0   0.160062
11957.5   0.159942
11960.0   0.159821
11962.5   0.159700
11965.0   0.159580
11967.5   0.159460
11970.0   0.159340
11972.5   0.159221
11975.0   0.159101
11977.5   0.158981
11980.0   0.158861
11982.5   0.158742
11985.0   0.158623
11987.5   0.158504
11990.0   0.158384
11992.5   0.158265
11995.0   0.158146
11997.5   0.158027
12000.0   0.157908
12002.5   0.157789
12005.0   0.157671
12007.5   0.157553
12010.0   0.157434
12012.5   0.157315
12015.0   0.157197
12017.5   0.157079
12020.0   0.156961
12022.5   0.156843
12025.0   0.156725
12027.5   0.156607
12030.0   0.156489
12032.5   0.156371
12035.0   0.156254
12037.5   0.156136
12040.0   0.156019
12042.5   0.155902
12045.0   0.155785
12047.5   0.155668
12050.0   0.155551
12052.5   0.155434
12055.0   0.155317
12057.5   0.155200
12060.0   0.155084
12062.5   0.154968
12065.0   0.154851
12067.5   0.154734
12070.0   0.154618
12072.5   0.154502
12075.0   0.154386
12077.5   0.154270
12080.0   0.154154
12082.5   0.154038
12085.0   0.153923
12087.5   0.153807
12090.0   0.153692
12092.5   0.153577
12095.0   0.153462
12097.5   0.153346
12100.0   0.153231
12102.5   0.153116
12105.0   0.153002
12107.5   0.152887
12110.0   0.152772
12112.5   0.152657
12115.0   0.152543
12117.5   0.152428
12120.0   0.152314
12122.5   0.152200
12125.0   0.152086
12127.5   0.151972
12130.0   0.151858
12132.5   0.151744
12135.0   0.151631
12137.5   0.151518
12140.0   0.151404
12142.5   0.151290
12145.0   0.151177
12147.5   0.151064
12150.0   0.150951
12152.5   0.150838
12155.0   0.150725
12157.5   0.150612
12160.0   0.150499
12162.5   0.150386
12165.0   0.150274
12167.5   0.150162
12170.0   0.150050
12172.5   0.149938
12175.0   0.149825
12177.5   0.149713
12180.0   0.149601
12182.5   0.149489
12185.0   0.149378
12187.5   0.149267
12190.0   0.149155
12192.5   0.149043
12195.0   0.148932
12197.5   0.148821
12200.0   0.148710
12202.5   0.148599
12205.0   0.148488
12207.5   0.148377
12210.0   0.148266
12212.5   0.148155
12215.0   0.148045
12217.5   0.147935
12220.0   0.147825
12222.5   0.147715
12225.0   0.147604
12227.5   0.147494
12230.0   0.147384
12232.5   0.147274
12235.0   0.147165
12237.5   0.147056
12240.0   0.146946
12242.5   0.146836
12245.0   0.146727
12247.5   0.146618
12250.0   0.146509
12252.5   0.146400
12255.0   0.146291
12257.5   0.146182
12260.0   0.146074
12262.5   0.145966
12265.0   0.145857
12267.5   0.145748
12270.0   0.145640
12272.5   0.145532
12275.0   0.145424
12277.5   0.145316
12280.0   0.145208
12282.5   0.145100
12285.0   0.144992
12287.5   0.144884
12290.0   0.144777
12292.5   0.144670
12295.0   0.144563
12297.5   0.144455
12300.0   0.144348
12302.5   0.144241
12305.0   0.144135
12307.5   0.144028
12310.0   0.143921
12312.5   0.143814
12315.0   0.143708
12317.5   0.143601
12320.0   0.143495
12322.5   0.143389
12325.0   0.143283
12327.5   0.143177
12330.0   0.143071
12332.5   0.142965
12335.0   0.142860
12337.5   0.142755
12340.0   0.142649
12342.5   0.142543
12345.0   0.142438
12347.5   0.142333
12350.0   0.142228
12352.5   0.142123
12355.0   0.142018
12357.5   0.141913
12360.0   0.141808
12362.5   0.141703
12365.0   0.141599
12367.5   0.141494
12370.0   0.141390
12372.5   0.141286
12375.0   0.141182
12377.5   0.141078
12380.0   0.140974
12382.5   0.140870
12385.0   0.140766
12387.5   0.140662
12390.0   0.140559
12392.5   0.140455
12395.0   0.140352
12397.5   0.140249
12400.0   0.140146
12402.5   0.140043
12405.0   0.139940
12407.5   0.139837
12410.0   0.139734
12412.5   0.139631
12415.0   0.139529
12417.5   0.139426
12420.0   0.139324
12422.5   0.139222
12425.0   0.139120
12427.5   0.139018
12430.0   0.138916
12432.5   0.138814
12435.0   0.138712
12437.5   0.138610
12440.0   0.138509
12442.5   0.138408
12445.0   0.138306
12447.5   0.138204
12450.0   0.138103
12452.5   0.138002
12455.0   0.137901
12457.5   0.137800
12460.0   0.137699
12462.5   0.137598
12465.0   0.137498
12467.5   0.137398
12470.0   0.137297
12472.5   0.137196
12475.0   0.137096
12477.5   0.136996
12480.0   0.136896
12482.5   0.136796
12485.0   0.136696
12487.5   0.136597
12490.0   0.136497
12492.5   0.136397
12495.0   0.136297
12497.5   0.136198
12500.0   0.136099
12502.5   0.136000
12505.0   0.135900
12507.5   0.135801
12510.0   0.135702
12512.5   0.135603
12515.0   0.135505
12517.5   0.135407
12520.0   0.135308
12522.5   0.135210
12525.0   0.135111
12527.5   0.135012
12530.0   0.134914
12532.5   0.134816
12535.0   0.134718
12537.5   0.134620
12540.0   0.134522
12542.5   0.134424
12545.0   0.134327
12547.5   0.134230
12550.0   0.134132
12552.5   0.134034
12555.0   0.133937
12557.5   0.133840
12560.0   0.133743
12562.5   0.133646
12565.0   0.133549
12567.5   0.133452
12570.0   0.133356
12572.5   0.133260
12575.0   0.133163
12577.5   0.133066
12580.0   0.132970
12582.5   0.132874
12585.0   0.132778
12587.5   0.132682
12590.0   0.132586
12592.5   0.132490
12595.0   0.132394
12597.5   0.132298
12600.0   0.132203
12602.5   0.132108
12605.0   0.132012
12607.5   0.131916
12610.0   0.131821
12612.5   0.131726
12615.0   0.131631
12617.5   0.131536
12620.0   0.131441
12622.5   0.131346
12625.0   0.131252
12627.5   0.131158
12630.0   0.131063
12632.5   0.130968
12635.0   0.130874
12637.5   0.130780
12640.0   0.130686
12642.5   0.130592
12645.0   0.130498
12647.5   0.130404
12650.0   0.130310
12652.5   0.130216
12655.0   0.130123
12657.5   0.130029
12660.0   0.129936
12662.5   0.129843
12665.0   0.129750
12667.5   0.129657
12670.0   0.129564
12672.5   0.129471
12675.0   0.129378
12677.5   0.129285
12680.0   0.129192
12682.5   0.129099
12685.0   0.129007
12687.5   0.128915
12690.0   0.128823
12692.5   0.128731
12695.0   0.128638
12697.5   0.128546
12700.0   0.128454
12702.5   0.128363
12705.0   0.128271
12707.5   0.128179
12710.0   0.128087
12712.5   0.127996
12715.0   0.127905
12717.5   0.127814
12720.0   0.127722
12722.5   0.127631
12725.0   0.127540
12727.5   0.127449
12730.0   0.127358
12732.5   0.127267
12735.0   0.127177
12737.5   0.127087
12740.0   0.126996
12742.5   0.126906
12745.0   0.126815
12747.5   0.126724
12750.0   0.126634
12752.5   0.126544
12755.0   0.126454
12757.5   0.126365
12760.0   0.126275
12762.5   0.126185
12765.0   0.126095
12767.5   0.126005
12770.0   0.125916
12772.5   0.125827
12775.0   0.125738
12777.5   0.125649
12780.0   0.125559
12782.5   0.125470
12785.0   0.125381
12787.5   0.125292
12790.0   0.125204
12792.5   0.125116
12795.0   0.125027
12797.5   0.124939
12800.0   0.124850
12802.5   0.124761
12805.0   0.124673
12807.5   0.124585
12810.0   0.124497
12812.5   0.124409
12815.0   0.124321
12817.5   0.124233
12820.0   0.124146
12822.5   0.124059
12825.0   0.123971
12827.5   0.123883
12830.0   0.123796
12832.5   0.123709
12835.0   0.123622
12837.5   0.123534
12840.0   0.123447
12842.5   0.123360
12845.0   0.123274
12847.5   0.123187
12850.0   0.123100
12852.5   0.123013
12855.0   0.122927
12857.5   0.122841
12860.0   0.122755
12862.5   0.122669
12865.0   0.122582
12867.5   0.122496
12870.0   0.122410
12872.5   0.122325
12875.0   0.122239
12877.5   0.122153
12880.0   0.122067
12882.5   0.121981
12885.0   0.121896
12887.5   0.121811
12890.0   0.121726
12892.5   0.121641
12895.0   0.121555
12897.5   0.121470
12900.0   0.121385
12902.5   0.121300
12905.0   0.121216
12907.5   0.121132
12910.0   0.121047
12912.5   0.120963
12915.0   0.120878
12917.5   0.120793
12920.0   0.120709
12922.5   0.120625
12925.0   0.120541
12927.5   0.120457
12930.0   0.120373
12932.5   0.120289
12935.0   0.120205
12937.5   0.120121
12940.0   0.120038
12942.5   0.119954
12945.0   0.119871
12947.5   0.119788
12950.0   0.119705
12952.5   0.119622
12955.0   0.119538
12957.5   0.119455
12960.0   0.119372
12962.5   0.119289
12965.0   0.119207
12967.5   0.119125
12970.0   0.119042
12972.5   0.118960
12975.0   0.118877
12977.5   0.118794
12980.0   0.118712
12982.5   0.118630
12985.0   0.118548
12987.5   0.118466
12990.0   0.118384
12992.5   0.118303
12995.0   0.118221
12997.5   0.118139
13000.0   0.118057
13002.5   0.117976
13005.0   0.117895
13007.5   0.117814
13010.0   0.117732
13012.5   0.117651
13015.0   0.117570
13017.5   0.117489
13020.0   0.117408
13022.5   0.117327
13025.0   0.117246
13027.5   0.117165
13030.0   0.117085
13032.5   0.117004
13035.0   0.116924
13037.5   0.116844
13040.0   0.116764
13042.5   0.116684
13045.0   0.116603
13047.5   0.116523
13050.0   0.116443
13052.5   0.116363
13055.0   0.116284
13057.5   0.116205
13060.0   0.116125
13062.5   0.116046
13065.0   0.115966
13067.5   0.115886
13070.0   0.115807
13072.5   0.115728
13075.0   0.115649
13077.5   0.115570
13080.0   0.115491
13082.5   0.115412
13085.0   0.115333
13087.5   0.115254
13090.0   0.115176
13092.5   0.115098
13095.0   0.115019
13097.5   0.114940
13100.0   0.114862
13102.5   0.114784
13105.0   0.114706
13107.5   0.114628
13110.0   0.114550
13112.5   0.114472
13115.0   0.114394
13117.5   0.114317
13120.0   0.114239
13122.5   0.114161
13125.0   0.114083
13127.5   0.114006
13130.0   0.113929
13132.5   0.113852
13135.0   0.113774
13137.5   0.113697
13140.0   0.113620
13142.5   0.113543
13145.0   0.113466
13147.5   0.113389
13150.0   0.113313
13152.5   0.113237
13155.0   0.113160
13157.5   0.113084
13160.0   0.113007
13162.5   0.112930
13165.0   0.112854
13167.5   0.112778
13170.0   0.112702
13172.5   0.112626
13175.0   0.112550
13177.5   0.112475
13180.0   0.112399
13182.5   0.112323
13185.0   0.112247
13187.5   0.112172
13190.0   0.112097
13192.5   0.112022
13195.0   0.111946
13197.5   0.111871
13200.0   0.111796
13202.5   0.111721
13205.0   0.111646
13207.5   0.111571
13210.0   0.111496
13212.5   0.111421
13215.0   0.111346
13217.5   0.111271
13220.0   0.111197
13222.5   0.111123
13225.0   0.111049
13227.5   0.110975
13230.0   0.110900
13232.5   0.110826
13235.0   0.110752
13237.5   0.110678
13240.0   0.110604
13242.5   0.110531
13245.0   0.110457
13247.5   0.110383
13250.0   0.110309
13252.5   0.110236
13255.0   0.110163
13257.5   0.110090
13260.0   0.110016
13262.5   0.109943
13265.0   0.109870
13267.5   0.109797
13270.0   0.109724
13272.5   0.109651
13275.0   0.109578
13277.5   0.109505
13280.0   0.109433
13282.5   0.109361
13285.0   0.109288
13287.5   0.109216
13290.0   0.109143
13292.5   0.109070
13295.0   0.108998
13297.5   0.108926
13300.0   0.108854
13302.5   0.108782
13305.0   0.108710
13307.5   0.108638
13310.0   0.108567
13312.5   0.108496
13315.0   0.108424
13317.5   0.108353
13320.0   0.108281
13322.5   0.108209
13325.0   0.108138
13327.5   0.108067
13330.0   0.107996
13332.5   0.107925
13335.0   0.107854
13337.5   0.107783
13340.0   0.107712
13342.5   0.107641
13345.0   0.107570
13347.5   0.107499
13350.0   0.107429
13352.5   0.107358
13355.0   0.107288
13357.5   0.107218
13360.0   0.107148
13362.5   0.107078
13365.0   0.107008
13367.5   0.106938
13370.0   0.106868
13372.5   0.106798
13375.0   0.106728
13377.5   0.106658
13380.0   0.106589
13382.5   0.106520
13385.0   0.106450
13387.5   0.106381
13390.0   0.106311
13392.5   0.106241
13395.0   0.106172
13397.5   0.106103
13400.0   0.106034
13402.5   0.105965
13405.0   0.105896
13407.5   0.105827
13410.0   0.105759
13412.5   0.105691
13415.0   0.105622
13417.5   0.105553
13420.0   0.105485
13422.5   0.105417
13425.0   0.105348
13427.5   0.105279
13430.0   0.105211
13432.5   0.105143
13435.0   0.105075
13437.5   0.105007
13440.0   0.104939
13442.5   0.104871
13445.0   0.104804
13447.5   0.104737
13450.0   0.104669
13452.5   0.104602
13455.0   0.104534
13457.5   0.104466
13460.0   0.104399
13462.5   0.104332
13465.0   0.104265
13467.5   0.104198
13470.0   0.104131
13472.5   0.104064
13475.0   0.103997
13477.5   0.103930
13480.0   0.103863
13482.5   0.103796
13485.0   0.103730
13487.5   0.103664
13490.0   0.103597
13492.5   0.103530
13495.0   0.103464
13497.5   0.103398
13500.0   0.103332
13502.5   0.103266
13505.0   0.103200
13507.5   0.103134
13510.0   0.103068
13512.5   0.103003
13515.0   0.102937
13517.5   0.102871
13520.0   0.102805
13522.5   0.102739
13525.0   0.102674
13527.5   0.102609
13530.0   0.102544
13532.5   0.102479
13535.0   0.102413
13537.5   0.102348
13540.0   0.102283
13542.5   0.102218
13545.0   0.102153
13547.5   0.102088
13550.0   0.102024
13552.5   0.101960
13555.0   0.101895
13557.5   0.101830
13560.0   0.101766
13562.5   0.101702
13565.0   0.101637
13567.5   0.101572
13570.0   0.101508
13572.5   0.101444
13575.0   0.101380
13577.5   0.101316
13580.0   0.101252
13582.5   0.101188
13585.0   0.101125
13587.5   0.101062
13590.0   0.100998
13592.5   0.100934
13595.0   0.100870
13597.5   0.100807
13600.0   0.100744
13602.5   0.100681
13605.0   0.100617
13607.5   0.100554
13610.0   0.100491
13612.5   0.100428
13615.0   0.100365
13617.5   0.100302
13620.0   0.100239
13622.5   0.100176
13625.0   0.100114
13627.5   0.100052
13630.0   0.099989
13632.5   0.099927
13635.0   0.099864
13637.5   0.099801
13640.0   0.099739
13642.5   0.099677
13645.0   0.099615
13647.5   0.099553
13650.0   0.099491
13652.5   0.099429
13655.0   0.099367
13657.5   0.099305
13660.0   0.099244
13662.5   0.099183
13665.0   0.099121
13667.5   0.099060
13670.0   0.098998
13672.5   0.098936
13675.0   0.098875
13677.5   0.098814
13680.0   0.098753
13682.5   0.098691
13685.0   0.098630
13687.5   0.098569
13690.0   0.098509
13692.5   0.098448
13695.0   0.098387
13697.5   0.098326
13700.0   0.098266
13702.5   0.098206
13705.0   0.098145
13707.5   0.098085
13710.0   0.098024
13712.5   0.097963
13715.0   0.097903
13717.5   0.097843
13720.0   0.097783
13722.5   0.097723
13725.0   0.097663
13727.5   0.097603
13730.0   0.097543
13732.5   0.097484
13735.0   0.097424
13737.5   0.097364
13740.0   0.097304
13742.5   0.097244
13745.0   0.097185
13747.5   0.097126
13750.0   0.097067
13752.5   0.097008
13755.0   0.096948
13757.5   0.096889
13760.0   0.096830
13762.5   0.096771
13765.0   0.096712
13767.5   0.096653
13770.0   0.096594
13772.5   0.096535
13775.0   0.096477
13777.5   0.096419
13780.0   0.096360
13782.5   0.096302
13785.0   0.096243
13787.5   0.096184
13790.0   0.096126
13792.5   0.096068
13795.0   0.096010
13797.5   0.095952
13800.0   0.095894
13802.5   0.095836
13805.0   0.095778
13807.5   0.095720
13810.0   0.095662
13812.5   0.095604
13815.0   0.095547
13817.5   0.095490
13820.0   0.095432
13822.5   0.095374
13825.0   0.095317
13827.5   0.095260
13830.0   0.095203
13832.5   0.095146
13835.0   0.095088
13837.5   0.095031
13840.0   0.094974
13842.5   0.094917
13845.0   0.094860
13847.5   0.094804
13850.0   0.094747
13852.5   0.094690
13855.0   0.094633
13857.5   0.094576
13860.0   0.094520
13862.5   0.094464
13865.0   0.094408
13867.5   0.094352
13870.0   0.094295
13872.5   0.094239
13875.0   0.094183
13877.5   0.094127
13880.0   0.094071
13882.5   0.094015
13885.0   0.093959
13887.5   0.093903
13890.0   0.093847
13892.5   0.093791
13895.0   0.093736
13897.5   0.093681
13900.0   0.093625
13902.5   0.093569
13905.0   0.093514
13907.5   0.093459
13910.0   0.093404
13912.5   0.093349
13915.0   0.093293
13917.5   0.093238
13920.0   0.093183
13922.5   0.093128
13925.0   0.093073
13927.5   0.093019
13930.0   0.092964
13932.5   0.092909
13935.0   0.092854
13937.5   0.092799
13940.0   0.092745
13942.5   0.092690
13945.0   0.092636
13947.5   0.092582
13950.0   0.092528
13952.5   0.092474
13955.0   0.092419
13957.5   0.092365
13960.0   0.092311
13962.5   0.092257
13965.0   0.092203
13967.5   0.092150
13970.0   0.092096
13972.5   0.092042
13975.0   0.091988
13977.5   0.091934
13980.0   0.091881
13982.5   0.091827
13985.0   0.091774
13987.5   0.091721
13990.0   0.091668
13992.5   0.091615
13995.0   0.091561
13997.5   0.091508
14000.0   0.091455
14002.5   0.091402
14005.0   0.091349
14007.5   0.091296
14010.0   0.091243
14012.5   0.091191
14015.0   0.091138
14017.5   0.091085
14020.0   0.091032
14022.5   0.090979
14025.0   0.090927
14027.5   0.090875
14030.0   0.090823
14032.5   0.090771
14035.0   0.090718
14037.5   0.090666
14040.0   0.090614
14042.5   0.090562
14045.0   0.090510
14047.5   0.090458
14050.0   0.090406
14052.5   0.090354
14055.0   0.090302
14057.5   0.090250
14060.0   0.090199
14062.5   0.090148
14065.0   0.090096
14067.5   0.090045
14070.0   0.089993
14072.5   0.089941
14075.0   0.089890
14077.5   0.089839
14080.0   0.089788
14082.5   0.089737
14085.0   0.089685
14087.5   0.089634
14090.0   0.089583
14092.5   0.089533
14095.0   0.089482
14097.5   0.089431
14100.0   0.089380
14102.5   0.089329
14105.0   0.089279
14107.5   0.089229
14110.0   0.089178
14112.5   0.089128
14115.0   0.089077
14117.5   0.089026
14120.0   0.088976
14122.5   0.088926
14125.0   0.088876
14127.5   0.088826
14130.0   0.088776
14132.5   0.088726
14135.0   0.088676
14137.5   0.088626
14140.0   0.088576
14142.5   0.088526
14145.0   0.088476
14147.5   0.088426
14150.0   0.088377
14152.5   0.088328
14155.0   0.088278
14157.5   0.088228
14160.0   0.088179
14162.5   0.088130
14165.0   0.088081
14167.5   0.088032
14170.0   0.087982
14172.5   0.087933
14175.0   0.087884
14177.5   0.087835
14180.0   0.087786
14182.5   0.087738
14185.0   0.087689
14187.5   0.087640
14190.0   0.087591
14192.5   0.087542
14195.0   0.087494
14197.5   0.087446
14200.0   0.087397
14202.5   0.087349
14205.0   0.087300
14207.5   0.087251
14210.0   0.087203
14212.5   0.087155
14215.0   0.087107
14217.5   0.087059
14220.0   0.087011
14222.5   0.086963
14225.0   0.086915
14227.5   0.086867
14230.0   0.086819
14232.5   0.086771
14235.0   0.086723
14237.5   0.086675
14240.0   0.086628
14242.5   0.086581
14245.0   0.086533
14247.5   0.086485
14250.0   0.086438
14252.5   0.086391
14255.0   0.086344
14257.5   0.086297
14260.0   0.086249
14262.5   0.086202
14265.0   0.086155
14267.5   0.086108
14270.0   0.086061
14272.5   0.086014
14275.0   0.085967
14277.5   0.085920
14280.0   0.085873
14282.5   0.085826
14285.0   0.085780
14287.5   0.085734
14290.0   0.085687
14292.5   0.085641
14295.0   0.085594
14297.5   0.085547
14300.0   0.085501
14302.5   0.085455
14305.0   0.085409
14307.5   0.085363
14310.0   0.085316
14312.5   0.085270
14315.0   0.085224
14317.5   0.085178
14320.0   0.085132
14322.5   0.085087
14325.0   0.085041
14327.5   0.084995
14330.0   0.084949
14332.5   0.084903
14335.0   0.084858
14337.5   0.084813
14340.0   0.084767
14342.5   0.084722
14345.0   0.084676
14347.5   0.084630
14350.0   0.084585
14352.5   0.084540
14355.0   0.084495
14357.5   0.084450
14360.0   0.084404
14362.5   0.084359
14365.0   0.084314
14367.5   0.084269
14370.0   0.084224
14372.5   0.084180
14375.0   0.084135
14377.5   0.084090
14380.0   0.084045
14382.5   0.084000
14385.0   0.083956
14387.5   0.083912
14390.0   0.083867
14392.5   0.083822
14395.0   0.083778
14397.5   0.083734
14400.0   0.083690
14402.5   0.083646
14405.0   0.083601
14407.5   0.083557
14410.0   0.083513
14412.5   0.083469
14415.0   0.083425
14417.5   0.083381
14420.0   0.083337
14422.5   0.083293
14425.0   0.083249
14427.5   0.083205
14430.0   0.083162
14432.5   0.083119
14435.0   0.083075
14437.5   0.083031
14440.0   0.082988
14442.5   0.082945
14445.0   0.082901
14447.5   0.082857
14450.0   0.082814
14452.5   0.082771
14455.0   0.082728
14457.5   0.082685
14460.0   0.082641
14462.5   0.082598
14465.0   0.082555
14467.5   0.082512
14470.0   0.082469
14472.5   0.082427
14475.0   0.082384
14477.5   0.082341
14480.0   0.082298
14482.5   0.082255
14485.0   0.082213
14487.5   0.082171
14490.0   0.082128
14492.5   0.082086
14495.0   0.082043
14497.5   0.082000
14500.0   0.081958
14502.5   0.081916
14505.0   0.081874
14507.5   0.081832
14510.0   0.081789
14512.5   0.081747
14515.0   0.081705
14517.5   0.081663
14520.0   0.081621
14522.5   0.081579
14525.0   0.081537
14527.5   0.081496
14530.0   0.081454
14532.5   0.081412
14535.0   0.081370
14537.5   0.081328
14540.0   0.081287
14542.5   0.081246
14545.0   0.081204
14547.5   0.081162
14550.0   0.081121
14552.5   0.081080
14555.0   0.081039
14557.5   0.080998
14560.0   0.080956
14562.5   0.080915
14565.0   0.080874
14567.5   0.080833
14570.0   0.080792
14572.5   0.080751
14575.0   0.080710
14577.5   0.080669
14580.0   0.080628
14582.5   0.080588
14585.0   0.080547
14587.5   0.080506
14590.0   0.080465
14592.5   0.080424
14595.0   0.080384
14597.5   0.080343
14600.0   0.080303
14602.5   0.080263
14605.0   0.080223
14607.5   0.080183
14610.0   0.080142
14612.5   0.080101
14615.0   0.080061
14617.5   0.080021
14620.0   0.079981
14622.5   0.079941
14625.0   0.079901
14627.5   0.079861
14630.0   0.079821
14632.5   0.079782
14635.0   0.079742
14637.5   0.079702
14640.0   0.079662
14642.5   0.079622
14645.0   0.079583
14647.5   0.079543
14650.0   0.079503
14652.5   0.079463
14655.0   0.079424
14657.5   0.079385
14660.0   0.079346
14662.5   0.079307
14665.0   0.079267
14667.5   0.079227
14670.0   0.079188
14672.5   0.079149
14675.0   0.079110
14677.5   0.079071
14680.0   0.079032
14682.5   0.078993
14685.0   0.078954
14687.5   0.078915
14690.0   0.078876
14692.5   0.078838
14695.0   0.078799
14697.5   0.078760
14700.0   0.078721
14702.5   0.078682
14705.0   0.078644
14707.5   0.078606
14710.0   0.078567
14712.5   0.078529
14715.0   0.078490
14717.5   0.078451
14720.0   0.078413
14722.5   0.078375
14725.0   0.078337
14727.5   0.078299
14730.0   0.078260
14732.5   0.078222
14735.0   0.078184
14737.5   0.078146
14740.0   0.078108
14742.5   0.078070
14745.0   0.078032
14747.5   0.077994
14750.0   0.077956
14752.5   0.077919
14755.0   0.077881
14757.5   0.077843
14760.0   0.077805
14762.5   0.077767
14765.0   0.077730
14767.5   0.077693
14770.0   0.077655
14772.5   0.077618
14775.0   0.077580
14777.5   0.077542
14780.0   0.077505
14782.5   0.077468
14785.0   0.077431
14787.5   0.077394
14790.0   0.077357
14792.5   0.077319
14795.0   0.077282
14797.5   0.077245
14800.0   0.077208
14802.5   0.077171
14805.0   0.077134
14807.5   0.077098
14810.0   0.077061
14812.5   0.077024
14815.0   0.076987
14817.5   0.076950
14820.0   0.076914
14822.5   0.076877
14825.0   0.076840
14827.5   0.076803
14830.0   0.076767
14832.5   0.076731
14835.0   0.076694
14837.5   0.076657
14840.0   0.076621
14842.5   0.076585
14845.0   0.076549
14847.5   0.076513
14850.0   0.076476
14852.5   0.076440
14855.0   0.076404
14857.5   0.076368
14860.0   0.076332
14862.5   0.076296
14865.0   0.076260
14867.5   0.076224
14870.0   0.076188
14872.5   0.076152
14875.0   0.076116
14877.5   0.076080
14880.0   0.076045
14882.5   0.076010
14885.0   0.075974
14887.5   0.075938
14890.0   0.075902
14892.5   0.075866
14895.0   0.075831
14897.5   0.075795
14900.0   0.075760
14902.5   0.075725
14905.0   0.075690
14907.5   0.075654
14910.0   0.075619
14912.5   0.075584
14915.0   0.075549
14917.5   0.075514
14920.0   0.075478
14922.5   0.075443
14925.0   0.075408
14927.5   0.075373
14930.0   0.075338
14932.5   0.075303
14935.0   0.075268
14937.5   0.075234
14940.0   0.075199
14942.5   0.075164
14945.0   0.075129
14947.5   0.075094
14950.0   0.075060
14952.5   0.075026
14955.0   0.074991
14957.5   0.074956
14960.0   0.074922
14962.5   0.074887
14965.0   0.074853
14967.5   0.074819
14970.0   0.074784
14972.5   0.074749
14975.0   0.074715
14977.5   0.074681
14980.0   0.074647
14982.5   0.074613
14985.0   0.074578
14987.5   0.074544
14990.0   0.074510
14992.5   0.074476
14995.0   0.074442
14997.5   0.074408
15000.0   0.074374
15002.5   0.074340
15005.0   0.074306
15007.5   0.074273
15010.0   0.074239
15012.5   0.074205
15015.0   0.074171
15017.5   0.074137
15020.0   0.074104
15022.5   0.074071
15025.0   0.074037
15027.5   0.074003
15030.0   0.073970
15032.5   0.073936
15035.0   0.073903
15037.5   0.073870
15040.0   0.073836
15042.5   0.073802
15045.0   0.073769
15047.5   0.073736
15050.0   0.073703
15052.5   0.073670
15055.0   0.073637
15057.5   0.073603
15060.0   0.073570
15062.5   0.073537
15065.0   0.073504
15067.5   0.073471
15070.0   0.073438
15072.5   0.073405
15075.0   0.073373
15077.5   0.073340
15080.0   0.073307
15082.5   0.073274
15085.0   0.073241
15087.5   0.073208
15090.0   0.073176
15092.5   0.073144
15095.0   0.073111
15097.5   0.073078
15100.0   0.073046
15102.5   0.073013
15105.0   0.072981
15107.5   0.072949
15110.0   0.072916
15112.5   0.072883
15115.0   0.072851
15117.5   0.072819
15120.0   0.072787
15122.5   0.072755
15125.0   0.072722
15127.5   0.072690
15130.0   0.072658
15132.5   0.072626
15135.0   0.072594
15137.5   0.072562
15140.0   0.072530
15142.5   0.072498
15145.0   0.072466
15147.5   0.072434
15150.0   0.072402
15152.5   0.072370
15155.0   0.072338
15157.5   0.072306
15160.0   0.072275
15162.5   0.072244
15165.0   0.072212
15167.5   0.072180
15170.0   0.072148
15172.5   0.072116
15175.0   0.072085
15177.5   0.072054
15180.0   0.072022
15182.5   0.071990
15185.0   0.071959
15187.5   0.071928
15190.0   0.071897
15192.5   0.071866
15195.0   0.071834
15197.5   0.071802
15200.0   0.071771
15202.5   0.071740
15205.0   0.071709
15207.5   0.071678
15210.0   0.071647
15212.5   0.071616
15215.0   0.071585
15217.5   0.071554
15220.0   0.071523
15222.5   0.071492
15225.0   0.071461
15227.5   0.071430
15230.0   0.071399
15232.5   0.071368
15235.0   0.071337
15237.5   0.071306
15240.0   0.071276
15242.5   0.071246
15245.0   0.071215
15247.5   0.071184
15250.0   0.071153
15252.5   0.071122
15255.0   0.071092
15257.5   0.071062
15260.0   0.071031
15262.5   0.071001
15265.0   0.070970
15267.5   0.070939
15270.0   0.070909
15272.5   0.070879
15275.0   0.070849
15277.5   0.070819
15280.0   0.070788
15282.5   0.070758
15285.0   0.070728
15287.5   0.070698
15290.0   0.070668
15292.5   0.070637
15295.0   0.070607
15297.5   0.070577
15300.0   0.070547
15302.5   0.070517
15305.0   0.070487
15307.5   0.070457
15310.0   0.070428
15312.5   0.070398
15315.0   0.070368
15317.5   0.070338
15320.0   0.070308
15322.5   0.070279
15325.0   0.070249
15327.5   0.070219
15330.0   0.070189
15332.5   0.070159
15335.0   0.070130
15337.5   0.070101
15340.0   0.070071
15342.5   0.070041
15345.0   0.070012
15347.5   0.069982
15350.0   0.069953
15352.5   0.069924
15355.0   0.069894
15357.5   0.069864
15360.0   0.069835
15362.5   0.069806
15365.0   0.069777
15367.5   0.069748
15370.0   0.069718
15372.5   0.069689
15375.0   0.069660
15377.5   0.069631
15380.0   0.069602
15382.5   0.069573
15385.0   0.069544
15387.5   0.069515
15390.0   0.069486
15392.5   0.069457
15395.0   0.069428
15397.5   0.069399
15400.0   0.069370
15402.5   0.069341
15405.0   0.069312
15407.5   0.069284
15410.0   0.069255
15412.5   0.069226
15415.0   0.069197
15417.5   0.069168
15420.0   0.069140
15422.5   0.069111
15425.0   0.069082
15427.5   0.069053
15430.0   0.069025
15432.5   0.068997
15435.0   0.068968
15437.5   0.068939
15440.0   0.068911
15442.5   0.068883
15445.0   0.068854
15447.5   0.068825
15450.0   0.068797
15452.5   0.068769
15455.0   0.068741
15457.5   0.068712
15460.0   0.068684
15462.5   0.068656
15465.0   0.068628
15467.5   0.068600
15470.0   0.068571
15472.5   0.068543
15475.0   0.068515
15477.5   0.068487
15480.0   0.068459
15482.5   0.068431
15485.0   0.068403
15487.5   0.068375
15490.0   0.068347
15492.5   0.068319
15495.0   0.068291
15497.5   0.068263
15500.0   0.068235
15502.5   0.068207
15505.0   0.068180
15507.5   0.068152
15510.0   0.068124
15512.5   0.068096
15515.0   0.068068
15517.5   0.068040
15520.0   0.068013
15522.5   0.067985
15525.0   0.067958
15527.5   0.067931
15530.0   0.067903
15532.5   0.067875
15535.0   0.067847
15537.5   0.067819
15540.0   0.067792
15542.5   0.067765
15545.0   0.067738
15547.5   0.067711
15550.0   0.067683
15552.5   0.067656
15555.0   0.067628
15557.5   0.067600
15560.0   0.067573
15562.5   0.067546
15565.0   0.067519
15567.5   0.067492
15570.0   0.067464
15572.5   0.067437
15575.0   0.067410
15577.5   0.067383
15580.0   0.067356
15582.5   0.067329
15585.0   0.067302
15587.5   0.067275
15590.0   0.067248
15592.5   0.067221
15595.0   0.067194
15597.5   0.067167
15600.0   0.067140
15602.5   0.067113
15605.0   0.067086
15607.5   0.067059
15610.0   0.067032
15612.5   0.067005
15615.0   0.066978
15617.5   0.066952
15620.0   0.066925
15622.5   0.066898
15625.0   0.066871
15627.5   0.066844
15630.0   0.066818
15632.5   0.066792
15635.0   0.066765
15637.5   0.066739
15640.0   0.066712
15642.5   0.066685
15645.0   0.066658
15647.5   0.066631
15650.0   0.066605
15652.5   0.066579
15655.0   0.066552
15657.5   0.066525
15660.0   0.066499
15662.5   0.066473
15665.0   0.066447
15667.5   0.066421
15670.0   0.066394
15672.5   0.066367
15675.0   0.066341
15677.5   0.066315
15680.0   0.066289
15682.5   0.066263
15685.0   0.066236
15687.5   0.066210
15690.0   0.066184
15692.5   0.066158
15695.0   0.066132
15697.5   0.066105
15700.0   0.066079
15702.5   0.066053
15705.0   0.066027
15707.5   0.066001
15710.0   0.065975
15712.5   0.065949
15715.0   0.065923
15717.5   0.065897
15720.0   0.065871
15722.5   0.065845
15725.0   0.065819
15727.5   0.065793
15730.0   0.065768
15732.5   0.065742
15735.0   0.065716
15737.5   0.065690
15740.0   0.065664
15742.5   0.065639
15745.0   0.065613
15747.5   0.065587
15750.0   0.065561
15752.5   0.065535
15755.0   0.065510
15757.5   0.065485
15760.0   0.065459
15762.5   0.065433
15765.0   0.065407
15767.5   0.065381
15770.0   0.065356
15772.5   0.065331
15775.0   0.065305
15777.5   0.065279
15780.0   0.065254
15782.5   0.065229
15785.0   0.065203
15787.5   0.065177
15790.0   0.065152
15792.5   0.065127
15795.0   0.065102
15797.5   0.065077
15800.0   0.065051
15802.5   0.065025
15805.0   0.065000
15807.5   0.064975
15810.0   0.064950
15812.5   0.064924
15815.0   0.064899
15817.5   0.064874
15820.0   0.064849
15822.5   0.064824
15825.0   0.064798
15827.5   0.064773
15830.0   0.064748
15832.5   0.064723
15835.0   0.064698
15837.5   0.064672
15840.0   0.064647
15842.5   0.064622
15845.0   0.064597
15847.5   0.064572
15850.0   0.064547
15852.5   0.064522
15855.0   0.064497
15857.5   0.064472
15860.0   0.064447
15862.5   0.064422
15865.0   0.064397
15867.5   0.064372
15870.0   0.064348
15872.5   0.064323
15875.0   0.064298
15877.5   0.064273
15880.0   0.064248
15882.5   0.064224
15885.0   0.064199
15887.5   0.064174
15890.0   0.064149
15892.5   0.064124
15895.0   0.064099
15897.5   0.064074
15900.0   0.064050
15902.5   0.064026
15905.0   0.064001
15907.5   0.063976
15910.0   0.063951
15912.5   0.063926
15915.0   0.063902
15917.5   0.063878
15920.0   0.063853
15922.5   0.063828
15925.0   0.063804
15927.5   0.063780
15930.0   0.063755
15932.5   0.063731
15935.0   0.063706
15937.5   0.063682
15940.0   0.063657
15942.5   0.063633
15945.0   0.063608
15947.5   0.063583
15950.0   0.063559
15952.5   0.063535
15955.0   0.063510
15957.5   0.063485
15960.0   0.063461
15962.5   0.063437
15965.0   0.063413
15967.5   0.063388
15970.0   0.063364
15972.5   0.063340
15975.0   0.063316
15977.5   0.063291
15980.0   0.063267
15982.5   0.063243
15985.0   0.063219
15987.5   0.063195
15990.0   0.063170
15992.5   0.063146
15995.0   0.063122
15997.5   0.063098
16000.0   0.063073
16002.5   0.063049
16005.0   0.063025
16007.5   0.063001
16010.0   0.062977
16012.5   0.062953
16015.0   0.062929
16017.5   0.062905
16020.0   0.062881
16022.5   0.062857
16025.0   0.062833
16027.5   0.062809
16030.0   0.062785
16032.5   0.062761
16035.0   0.062737
16037.5   0.062713
16040.0   0.062689
16042.5   0.062665
16045.0   0.062641
16047.5   0.062617
16050.0   0.062593
16052.5   0.062569
16055.0   0.062545
16057.5   0.062521
16060.0   0.062497
16062.5   0.062474
16065.0   0.062450
16067.5   0.062426
16070.0   0.062402
16072.5   0.062378
16075.0   0.062355
16077.5   0.062331
16080.0   0.062307
16082.5   0.062283
16085.0   0.062259
16087.5   0.062235
16090.0   0.062212
16092.5   0.062189
16095.0   0.062165
16097.5   0.062141
16100.0   0.062117
16102.5   0.062093
16105.0   0.062070
16107.5   0.062047
16110.0   0.062023
16112.5   0.061999
16115.0   0.061975
16117.5   0.061951
16120.0   0.061928
16122.5   0.061905
16125.0   0.061881
16127.5   0.061857
16130.0   0.061834
16132.5   0.061811
16135.0   0.061787
16137.5   0.061763
16140.0   0.061740
16142.5   0.061717
16145.0   0.061693
16147.5   0.061669
16150.0   0.061646
16152.5   0.061623
16155.0   0.061599
16157.5   0.061575
16160.0   0.061552
16162.5   0.061529
16165.0   0.061505
16167.5   0.061481
16170.0   0.061458
16172.5   0.061435
16175.0   0.061411
16177.5   0.061387
16180.0   0.061364
16182.5   0.061341
16185.0   0.061318
16187.5   0.061295
16190.0   0.061271
16192.5   0.061247
16195.0   0.061224
16197.5   0.061201
16200.0   0.061178
16202.5   0.061155
16205.0   0.061131
16207.5   0.061107
16210.0   0.061084
16212.5   0.061061
16215.0   0.061038
16217.5   0.061014
16220.0   0.060991
16222.5   0.060968
16225.0   0.060945
16227.5   0.060922
16230.0   0.060898
16232.5   0.060875
16235.0   0.060852
16237.5   0.060829
16240.0   0.060806
16242.5   0.060782
16245.0   0.060759
16247.5   0.060736
16250.0   0.060713
16252.5   0.060690
16255.0   0.060666
16257.5   0.060643
16260.0   0.060620
16262.5   0.060597
16265.0   0.060574
16267.5   0.060551
16270.0   0.060528
16272.5   0.060505
16275.0   0.060482
16277.5   0.060458
16280.0   0.060435
16282.5   0.060412
16285.0   0.060389
16287.5   0.060366
16290.0   0.060343
16292.5   0.060320
16295.0   0.060297
16297.5   0.060274
16300.0   0.060251
16302.5   0.060228
16305.0   0.060205
16307.5   0.060182
16310.0   0.060159
16312.5   0.060136
16315.0   0.060113
16317.5   0.060090
16320.0   0.060067
16322.5   0.060044
16325.0   0.060021
16327.5   0.059998
16330.0   0.059975
16332.5   0.059952
16335.0   0.059929
16337.5   0.059906
16340.0   0.059883
16342.5   0.059860
16345.0   0.059837
16347.5   0.059814
16350.0   0.059791
16352.5   0.059768
16355.0   0.059745
16357.5   0.059722
16360.0   0.059699
16362.5   0.059677
16365.0   0.059654
16367.5   0.059631
16370.0   0.059608
16372.5   0.059585
16375.0   0.059562
16377.5   0.059539
16380.0   0.059516
16382.5   0.059493
16385.0   0.059471
16387.5   0.059448
16390.0   0.059425
16392.5   0.059402
16395.0   0.059379
16397.5   0.059356
16400.0   0.059334
16402.5   0.059311
16405.0   0.059288
16407.5   0.059265
16410.0   0.059242
16412.5   0.059220
16415.0   0.059197
16417.5   0.059174
16420.0   0.059151
16422.5   0.059129
16425.0   0.059106
16427.5   0.059083
16430.0   0.059060
16432.5   0.059037
16435.0   0.059015
16437.5   0.058992
16440.0   0.058969
16442.5   0.058946
16445.0   0.058924
16447.5   0.058901
16450.0   0.058878
16452.5   0.058855
16455.0   0.058833
16457.5   0.058810
16460.0   0.058787
16462.5   0.058764
16465.0   0.058742
16467.5   0.058720
16470.0   0.058697
16472.5   0.058674
16475.0   0.058651
16477.5   0.058628
16480.0   0.058606
16482.5   0.058584
16485.0   0.058561
16487.5   0.058538
16490.0   0.058515
16492.5   0.058492
16495.0   0.058470
16497.5   0.058447
16500.0   0.058425
16502.5   0.058403
16505.0   0.058380
16507.5   0.058357
16510.0   0.058334
16512.5   0.058311
16515.0   0.058289
16517.5   0.058267
16520.0   0.058244
16522.5   0.058221
16525.0   0.058199
16527.5   0.058176
16530.0   0.058154
16532.5   0.058132
16535.0   0.058109
16537.5   0.058086
16540.0   0.058064
16542.5   0.058042
16545.0   0.058019
16547.5   0.057996
16550.0   0.057973
16552.5   0.057950
16555.0   0.057928
16557.5   0.057906
16560.0   0.057883
16562.5   0.057860
16565.0   0.057838
16567.5   0.057816
16570.0   0.057794
16572.5   0.057772
16575.0   0.057749
16577.5   0.057726
16580.0   0.057704
16582.5   0.057682
16585.0   0.057659
16587.5   0.057636
16590.0   0.057614
16592.5   0.057591
16595.0   0.057569
16597.5   0.057547
16600.0   0.057524
16602.5   0.057501
16605.0   0.057479
16607.5   0.057457
16610.0   0.057435
16612.5   0.057413
16615.0   0.057390
16617.5   0.057367
16620.0   0.057345
16622.5   0.057322
16625.0   0.057300
16627.5   0.057278
16630.0   0.057256
16632.5   0.057234
16635.0   0.057211
16637.5   0.057188
16640.0   0.057166
16642.5   0.057144
16645.0   0.057122
16647.5   0.057100
16650.0   0.057077
16652.5   0.057055
16655.0   0.057033
16657.5   0.057011
16660.0   0.056988
16662.5   0.056965
16665.0   0.056943
16667.5   0.056921
16670.0   0.056899
16672.5   0.056876
16675.0   0.056854
16677.5   0.056832
16680.0   0.056810
16682.5   0.056788
16685.0   0.056765
16687.5   0.056743
16690.0   0.056721
16692.5   0.056699
16695.0   0.056677
16697.5   0.056654
16700.0   0.056632
16702.5   0.056610
16705.0   0.056588
16707.5   0.056566
16710.0   0.056543
16712.5   0.056521
16715.0   0.056499
16717.5   0.056477
16720.0   0.056455
16722.5   0.056432
16725.0   0.056410
16727.5   0.056388
16730.0   0.056366
16732.5   0.056344
16735.0   0.056322
16737.5   0.056300
16740.0   0.056278
16742.5   0.056256
16745.0   0.056234
16747.5   0.056211
16750.0   0.056189
16752.5   0.056167
16755.0   0.056145
16757.5   0.056123
16760.0   0.056101
16762.5   0.056079
16765.0   0.056057
16767.5   0.056035
16770.0   0.056013
16772.5   0.055991
16775.0   0.055969
16777.5   0.055947
16780.0   0.055925
16782.5   0.055903
16785.0   0.055881
16787.5   0.055858
16790.0   0.055836
16792.5   0.055814
16795.0   0.055792
16797.5   0.055770
16800.0   0.055748
16802.5   0.055726
16805.0   0.055705
16807.5   0.055683
16810.0   0.055661
16812.5   0.055639
16815.0   0.055617
16817.5   0.055595
16820.0   0.055573
16822.5   0.055551
16825.0   0.055529
16827.5   0.055507
16830.0   0.055485
16832.5   0.055463
16835.0   0.055441
16837.5   0.055419
16840.0   0.055397
16842.5   0.055376
16845.0   0.055354
16847.5   0.055332
16850.0   0.055310
16852.5   0.055288
16855.0   0.055266
16857.5   0.055244
16860.0   0.055222
16862.5   0.055200
16865.0   0.055179
16867.5   0.055157
16870.0   0.055135
16872.5   0.055113
16875.0   0.055091
16877.5   0.055069
16880.0   0.055048
16882.5   0.055026
16885.0   0.055004
16887.5   0.054982
16890.0   0.054960
16892.5   0.054939
16895.0   0.054917
16897.5   0.054895
16900.0   0.054873
16902.5   0.054852
16905.0   0.054830
16907.5   0.054808
16910.0   0.054786
16912.5   0.054765
16915.0   0.054743
16917.5   0.054721
16920.0   0.054699
16922.5   0.054677
16925.0   0.054656
16927.5   0.054634
16930.0   0.054612
16932.5   0.054590
16935.0   0.054569
16937.5   0.054547
16940.0   0.054525
16942.5   0.054503
16945.0   0.054482
16947.5   0.054461
16950.0   0.054439
16952.5   0.054417
16955.0   0.054395
16957.5   0.054373
16960.0   0.054352
16962.5   0.054331
16965.0   0.054309
16967.5   0.054287
16970.0   0.054265
16972.5   0.054243
16975.0   0.054222
16977.5   0.054201
16980.0   0.054179
16982.5   0.054158
16985.0   0.054136
16987.5   0.054114
16990.0   0.054092
16992.5   0.054070
16995.0   0.054049
16997.5   0.054028
17000.0   0.054006
17002.5   0.053984
17005.0   0.053963
17007.5   0.053942
17010.0   0.053920
17012.5   0.053898
17015.0   0.053877
17017.5   0.053855
17020.0   0.053834
17022.5   0.053813
17025.0   0.053791
17027.5   0.053770
17030.0   0.053748
17032.5   0.053726
17035.0   0.053705
17037.5   0.053683
17040.0   0.053662
17042.5   0.053640
17045.0   0.053619
17047.5   0.053598
17050.0   0.053576
17052.5   0.053554
17055.0   0.053533
17057.5   0.053512
17060.0   0.053490
17062.5   0.053468
17065.0   0.053447
17067.5   0.053426
17070.0   0.053404
17072.5   0.053382
17075.0   0.053361
17077.5   0.053340
17080.0   0.053319
17082.5   0.053298
17085.0   0.053276
17087.5   0.053254
17090.0   0.053233
17092.5   0.053212
17095.0   0.053190
17097.5   0.053168
17100.0   0.053147
17102.5   0.053126
17105.0   0.053105
17107.5   0.053084
17110.0   0.053062
17112.5   0.053040
17115.0   0.053019
17117.5   0.052998
17120.0   0.052977
17122.5   0.052956
17125.0   0.052934
17127.5   0.052912
17130.0   0.052891
17132.5   0.052870
17135.0   0.052849
17137.5   0.052827
17140.0   0.052806
17142.5   0.052785
17145.0   0.052764
17147.5   0.052742
17150.0   0.052721
17152.5   0.052700
17155.0   0.052679
17157.5   0.052657
17160.0   0.052636
17162.5   0.052615
17165.0   0.052594
17167.5   0.052573
17170.0   0.052551
17172.5   0.052530
17175.0   0.052509
17177.5   0.052488
17180.0   0.052466
17182.5   0.052445
17185.0   0.052424
17187.5   0.052403
17190.0   0.052382
17192.5   0.052360
17195.0   0.052339
17197.5   0.052318
17200.0   0.052297
17202.5   0.052276
17205.0   0.052255
17207.5   0.052233
17210.0   0.052212
17212.5   0.052191
17215.0   0.052170
17217.5   0.052149
17220.0   0.052128
17222.5   0.052107
17225.0   0.052086
17227.5   0.052065
17230.0   0.052044
17232.5   0.052022
17235.0   0.052001
17237.5   0.051980
17240.0   0.051959
17242.5   0.051938
17245.0   0.051917
17247.5   0.051896
17250.0   0.051875
17252.5   0.051854
17255.0   0.051833
17257.5   0.051812
17260.0   0.051791
17262.5   0.051770
17265.0   0.051749
17267.5   0.051728
17270.0   0.051707
17272.5   0.051686
17275.0   0.051665
17277.5   0.051644
17280.0   0.051623
17282.5   0.051602
17285.0   0.051581
17287.5   0.051560
17290.0   0.051539
17292.5   0.051518
17295.0   0.051497
17297.5   0.051476
17300.0   0.051455
17302.5   0.051434
17305.0   0.051413
17307.5   0.051392
17310.0   0.051371
17312.5   0.051350
17315.0   0.051329
17317.5   0.051309
17320.0   0.051288
17322.5   0.051267
17325.0   0.051246
17327.5   0.051225
17330.0   0.051204
17332.5   0.051183
17335.0   0.051162
17337.5   0.051142
17340.0   0.051121
17342.5   0.051100
17345.0   0.051079
17347.5   0.051058
17350.0   0.051037
17352.5   0.051016
17355.0   0.050995
17357.5   0.050975
17360.0   0.050954
17362.5   0.050933
17365.0   0.050912
17367.5   0.050891
17370.0   0.050871
17372.5   0.050850
17375.0   0.050829
17377.5   0.050808
17380.0   0.050787
17382.5   0.050767
17385.0   0.050746
17387.5   0.050725
17390.0   0.050704
17392.5   0.050684
17395.0   0.050663
17397.5   0.050642
17400.0   0.050621
17402.5   0.050600
17405.0   0.050580
17407.5   0.050559
17410.0   0.050538
17412.5   0.050517
17415.0   0.050497
17417.5   0.050477
17420.0   0.050456
17422.5   0.050435
17425.0   0.050414
17427.5   0.050394
17430.0   0.050373
17432.5   0.050352
17435.0   0.050331
17437.5   0.050310
17440.0   0.050290
17442.5   0.050269
17445.0   0.050249
17447.5   0.050229
17450.0   0.050208
17452.5   0.050187
17455.0   0.050166
17457.5   0.050145
17460.0   0.050125
17462.5   0.050104
17465.0   0.050084
17467.5   0.050064
17470.0   0.050043
17472.5   0.050022
17475.0   0.050001
17477.5   0.049980
17480.0   0.049960
17482.5   0.049940
17485.0   0.049919
17487.5   0.049898
17490.0   0.049878
17492.5   0.049858
17495.0   0.049837
17497.5   0.049817
17500.0   0.049796
17502.5   0.049775
17505.0   0.049755
17507.5   0.049734
17510.0   0.049714
17512.5   0.049693
17515.0   0.049673
17517.5   0.049653
17520.0   0.049632
17522.5   0.049612
17525.0   0.049591
17527.5   0.049571
17530.0   0.049550
17532.5   0.049530
17535.0   0.049509
17537.5   0.049489
17540.0   0.049468
17542.5   0.049447
17545.0   0.049427
17547.5   0.049407
17550.0   0.049386
17552.5   0.049365
17555.0   0.049345
17557.5   0.049325
17560.0   0.049305
17562.5   0.049285
17565.0   0.049264
17567.5   0.049243
17570.0   0.049223
17572.5   0.049203
17575.0   0.049182
17577.5   0.049161
17580.0   0.049141
17582.5   0.049121
17585.0   0.049101
17587.5   0.049081
17590.0   0.049060
17592.5   0.049039
17595.0   0.049019
17597.5   0.048999
17600.0   0.048979
17602.5   0.048959
17605.0   0.048938
17607.5   0.048917
17610.0   0.048897
17612.5   0.048877
17615.0   0.048857
17617.5   0.048836
17620.0   0.048816
17622.5   0.048796
17625.0   0.048776
17627.5   0.048756
17630.0   0.048735
17632.5   0.048715
17635.0   0.048695
17637.5   0.048675
17640.0   0.048654
17642.5   0.048634
17645.0   0.048614
17647.5   0.048594
17650.0   0.048573
17652.5   0.048553
17655.0   0.048533
17657.5   0.048513
17660.0   0.048492
17662.5   0.048472
17665.0   0.048452
17667.5   0.048432
17670.0   0.048412
17672.5   0.048391
17675.0   0.048371
17677.5   0.048351
17680.0   0.048331
17682.5   0.048311
17685.0   0.048291
17687.5   0.048271
17690.0   0.048250
17692.5   0.048230
17695.0   0.048210
17697.5   0.048190
17700.0   0.048170
17702.5   0.048149
17705.0   0.048129
17707.5   0.048109
17710.0   0.048089
17712.5   0.048069
17715.0   0.048049
17717.5   0.048029
17720.0   0.048009
17722.5   0.047989
17725.0   0.047969
17727.5   0.047949
17730.0   0.047929
17732.5   0.047909
17735.0   0.047889
17737.5   0.047869
17740.0   0.047848
17742.5   0.047828
17745.0   0.047808
17747.5   0.047788
17750.0   0.047768
17752.5   0.047748
17755.0   0.047728
17757.5   0.047708
17760.0   0.047688
17762.5   0.047668
17765.0   0.047648
17767.5   0.047628
17770.0   0.047608
17772.5   0.047588
17775.0   0.047568
17777.5   0.047549
17780.0   0.047529
17782.5   0.047509
17785.0   0.047489
17787.5   0.047469
17790.0   0.047449
17792.5   0.047429
17795.0   0.047409
17797.5   0.047389
17800.0   0.047369
17802.5   0.047349
17805.0   0.047329
17807.5   0.047309
17810.0   0.047289
17812.5   0.047270
17815.0   0.047250
17817.5   0.047230
17820.0   0.047210
17822.5   0.047190
17825.0   0.047170
17827.5   0.047150
17830.0   0.047130
17832.5   0.047110
17835.0   0.047091
17837.5   0.047071
17840.0   0.047051
17842.5   0.047031
17845.0   0.047011
17847.5   0.046992
17850.0   0.046972
17852.5   0.046952
17855.0   0.046932
17857.5   0.046913
17860.0   0.046893
17862.5   0.046873
17865.0   0.046853
17867.5   0.046833
17870.0   0.046814
17872.5   0.046794
17875.0   0.046774
17877.5   0.046754
17880.0   0.046734
17882.5   0.046714
17885.0   0.046695
17887.5   0.046676
17890.0   0.046656
17892.5   0.046636
17895.0   0.046616
17897.5   0.046596
17900.0   0.046577
17902.5   0.046557
17905.0   0.046537
17907.5   0.046517
17910.0   0.046498
17912.5   0.046479
17915.0   0.046459
17917.5   0.046439
17920.0   0.046419
17922.5   0.046399
17925.0   0.046380
17927.5   0.046361
17930.0   0.046341
17932.5   0.046321
17935.0   0.046301
17937.5   0.046281
17940.0   0.046262
17942.5   0.046242
17945.0   0.046223
17947.5   0.046204
17950.0   0.046184
17952.5   0.046164
17955.0   0.046144
17957.5   0.046124
17960.0   0.046105
17962.5   0.046086
17965.0   0.046066
17967.5   0.046046
17970.0   0.046027
17972.5   0.046008
17975.0   0.045988
17977.5   0.045968
17980.0   0.045949
17982.5   0.045930
17985.0   0.045910
17987.5   0.045890
17990.0   0.045871
17992.5   0.045852
17995.0   0.045832
17997.5   0.045812
18000.0   0.045793
18002.5   0.045773
18005.0   0.045754
18007.5   0.045735
18010.0   0.045715
18012.5   0.045695
18015.0   0.045676
18017.5   0.045657
18020.0   0.045637
18022.5   0.045617
18025.0   0.045598
18027.5   0.045579
18030.0   0.045559
18032.5   0.045539
18035.0   0.045520
18037.5   0.045501
18040.0   0.045481
18042.5   0.045461
18045.0   0.045442
18047.5   0.045423
18050.0   0.045404
18052.5   0.045385
18055.0   0.045365
18057.5   0.045345
18060.0   0.045326
18062.5   0.045307
18065.0   0.045287
18067.5   0.045267
18070.0   0.045248
18072.5   0.045229
18075.0   0.045210
18077.5   0.045191
18080.0   0.045171
18082.5   0.045151
18085.0   0.045132
18087.5   0.045113
18090.0   0.045094
18092.5   0.045074
18095.0   0.045055
18097.5   0.045036
18100.0   0.045017
18102.5   0.044998
18105.0   0.044978
18107.5   0.044958
18110.0   0.044939
18112.5   0.044920
18115.0   0.044901
18117.5   0.044881
18120.0   0.044862
18122.5   0.044843
18125.0   0.044824
18127.5   0.044805
18130.0   0.044785
18132.5   0.044766
18135.0   0.044747
18137.5   0.044728
18140.0   0.044708
18142.5   0.044689
18145.0   0.044670
18147.5   0.044651
18150.0   0.044632
18152.5   0.044612
18155.0   0.044593
18157.5   0.044574
18160.0   0.044555
18162.5   0.044536
18165.0   0.044517
18167.5   0.044497
18170.0   0.044478
18172.5   0.044459
18175.0   0.044440
18177.5   0.044421
18180.0   0.044402
18182.5   0.044382
18185.0   0.044363
18187.5   0.044344
18190.0   0.044325
18192.5   0.044306
18195.0   0.044287
18197.5   0.044268
18200.0   0.044249
18202.5   0.044230
18205.0   0.044211
18207.5   0.044192
18210.0   0.044173
18212.5   0.044153
18215.0   0.044134
18217.5   0.044115
18220.0   0.044096
18222.5   0.044077
18225.0   0.044058
18227.5   0.044039
18230.0   0.044020
18232.5   0.044001
18235.0   0.043982
18237.5   0.043963
18240.0   0.043944
18242.5   0.043925
18245.0   0.043906
18247.5   0.043887
18250.0   0.043868
18252.5   0.043849
18255.0   0.043830
18257.5   0.043811
18260.0   0.043792
18262.5   0.043773
18265.0   0.043754
18267.5   0.043735
18270.0   0.043716
18272.5   0.043697
18275.0   0.043678
18277.5   0.043660
18280.0   0.043641
18282.5   0.043622
18285.0   0.043603
18287.5   0.043584
18290.0   0.043565
18292.5   0.043546
18295.0   0.043527
18297.5   0.043508
18300.0   0.043489
18302.5   0.043471
18305.0   0.043452
18307.5   0.043433
18310.0   0.043414
18312.5   0.043395
18315.0   0.043376
18317.5   0.043357
18320.0   0.043338
18322.5   0.043319
18325.0   0.043301
18327.5   0.043282
18330.0   0.043263
18332.5   0.043244
18335.0   0.043225
18337.5   0.043207
18340.0   0.043188
18342.5   0.043169
18345.0   0.043150
18347.5   0.043132
18350.0   0.043113
18352.5   0.043094
18355.0   0.043075
18357.5   0.043056
18360.0   0.043038
18362.5   0.043019
18365.0   0.043000
18367.5   0.042981
18370.0   0.042963
18372.5   0.042944
18375.0   0.042925
18377.5   0.042907
18380.0   0.042888
18382.5   0.042869
18385.0   0.042850
18387.5   0.042831
18390.0   0.042813
18392.5   0.042794
18395.0   0.042775
18397.5   0.042756
18400.0   0.042738
18402.5   0.042720
18405.0   0.042701
18407.5   0.042682
18410.0   0.042663
18412.5   0.042644
18415.0   0.042626
18417.5   0.042608
18420.0   0.042589
18422.5   0.042570
18425.0   0.042551
18427.5   0.042532
18430.0   0.042514
18432.5   0.042496
18435.0   0.042477
18437.5   0.042458
18440.0   0.042440
18442.5   0.042422
18445.0   0.042403
18447.5   0.042384
18450.0   0.042365
18452.5   0.042346
18455.0   0.042328
18457.5   0.042310
18460.0   0.042291
18462.5   0.042272
18465.0   0.042254
18467.5   0.042236
18470.0   0.042217
18472.5   0.042199
18475.0   0.042180
18477.5   0.042162
18480.0   0.042143
18482.5   0.042124
18485.0   0.042106
18487.5   0.042087
18490.0   0.042069
18492.5   0.042050
18495.0   0.042032
18497.5   0.042013
18500.0   0.041995
18502.5   0.041977
18505.0   0.041958
18507.5   0.041940
18510.0   0.041921
18512.5   0.041902
18515.0   0.041884
18517.5   0.041866
18520.0   0.041847
18522.5   0.041828
18525.0   0.041810
18527.5   0.041792
18530.0   0.041774
18532.5   0.041756
18535.0   0.041737
18537.5   0.041718
18540.0   0.041700
18542.5   0.041682
18545.0   0.041663
18547.5   0.041644
18550.0   0.041626
18552.5   0.041608
18555.0   0.041590
18557.5   0.041572
18560.0   0.041553
18562.5   0.041534
18565.0   0.041516
18567.5   0.041498
18570.0   0.041480
18572.5   0.041462
18575.0   0.041443
18577.5   0.041424
18580.0   0.041406
18582.5   0.041388
18585.0   0.041370
18587.5   0.041352
18590.0   0.041333
18592.5   0.041314
18595.0   0.041296
18597.5   0.041278
18600.0   0.041260
18602.5   0.041241
18605.0   0.041223
18607.5   0.041205
18610.0   0.041187
18612.5   0.041169
18615.0   0.041150
18617.5   0.041132
18620.0   0.041114
18622.5   0.041096
18625.0   0.041077
18627.5   0.041059
18630.0   0.041041
18632.5   0.041023
18635.0   0.041005
18637.5   0.040987
18640.0   0.040968
18642.5   0.040950
18645.0   0.040932
18647.5   0.040914
18650.0   0.040896
18652.5   0.040877
18655.0   0.040859
18657.5   0.040841
18660.0   0.040823
18662.5   0.040805
18665.0   0.040787
18667.5   0.040768
18670.0   0.040750
18672.5   0.040732
18675.0   0.040714
18677.5   0.040696
18680.0   0.040678
18682.5   0.040660
18685.0   0.040642
18687.5   0.040624
18690.0   0.040605
18692.5   0.040587
18695.0   0.040569
18697.5   0.040551
18700.0   0.040533
18702.5   0.040515
18705.0   0.040497
18707.5   0.040479
18710.0   0.040461
18712.5   0.040443
18715.0   0.040425
18717.5   0.040407
18720.0   0.040389
18722.5   0.040371
18725.0   0.040353
18727.5   0.040335
18730.0   0.040317
18732.5   0.040299
18735.0   0.040281
18737.5   0.040263
18740.0   0.040245
18742.5   0.040227
18745.0   0.040209
18747.5   0.040191
18750.0   0.040173
18752.5   0.040155
18755.0   0.040137
18757.5   0.040119
18760.0   0.040101
18762.5   0.040083
18765.0   0.040065
18767.5   0.040047
18770.0   0.040029
18772.5   0.040011
18775.0   0.039993
18777.5   0.039975
18780.0   0.039958
18782.5   0.039940
18785.0   0.039922
18787.5   0.039904
18790.0   0.039886
18792.5   0.039868
18795.0   0.039850
18797.5   0.039832
18800.0   0.039814
18802.5   0.039796
18805.0   0.039779
18807.5   0.039761
18810.0   0.039743
18812.5   0.039725
18815.0   0.039707
18817.5   0.039689
18820.0   0.039672
18822.5   0.039654
18825.0   0.039636
18827.5   0.039618
18830.0   0.039600
18832.5   0.039583
18835.0   0.039565
18837.5   0.039547
18840.0   0.039529
18842.5   0.039512
18845.0   0.039494
18847.5   0.039476
18850.0   0.039458
18852.5   0.039441
18855.0   0.039423
18857.5   0.039405
18860.0   0.039387
18862.5   0.039369
18865.0   0.039352
18867.5   0.039334
18870.0   0.039316
18872.5   0.039298
18875.0   0.039281
18877.5   0.039263
18880.0   0.039245
18882.5   0.039227
18885.0   0.039210
18887.5   0.039193
18890.0   0.039175
18892.5   0.039157
18895.0   0.039139
18897.5   0.039121
18900.0   0.039104
18902.5   0.039087
18905.0   0.039069
18907.5   0.039051
18910.0   0.039033
18912.5   0.039015
18915.0   0.038998
18917.5   0.038980
18920.0   0.038963
18922.5   0.038946
18925.0   0.038928
18927.5   0.038910
18930.0   0.038892
18932.5   0.038874
18935.0   0.038857
18937.5   0.038840
18940.0   0.038822
18942.5   0.038804
18945.0   0.038787
18947.5   0.038769
18950.0   0.038752
18952.5   0.038735
18955.0   0.038717
18957.5   0.038699
18960.0   0.038682
18962.5   0.038665
18965.0   0.038647
18967.5   0.038629
18970.0   0.038611
18972.5   0.038593
18975.0   0.038576
18977.5   0.038559
18980.0   0.038541
18982.5   0.038524
18985.0   0.038506
18987.5   0.038488
18990.0   0.038471
18992.5   0.038454
18995.0   0.038437
18997.5   0.038420
19000.0   0.038402
19002.5   0.038384
19005.0   0.038367
19007.5   0.038350
19010.0   0.038332
19012.5   0.038315
19015.0   0.038297
19017.5   0.038279
19020.0   0.038262
19022.5   0.038245
19025.0   0.038227
19027.5   0.038209
19030.0   0.038192
19032.5   0.038175
19035.0   0.038158
19037.5   0.038141
19040.0   0.038123
19042.5   0.038105
19045.0   0.038088
19047.5   0.038070
19050.0   0.038053
19052.5   0.038036
19055.0   0.038019
19057.5   0.038002
19060.0   0.037984
19062.5   0.037966
19065.0   0.037949
19067.5   0.037932
19070.0   0.037915
19072.5   0.037898
19075.0   0.037880
19077.5   0.037863
19080.0   0.037846
19082.5   0.037829
19085.0   0.037811
19087.5   0.037793
19090.0   0.037776
19092.5   0.037759
19095.0   0.037742
19097.5   0.037724
19100.0   0.037707
19102.5   0.037690
19105.0   0.037673
19107.5   0.037656
19110.0   0.037638
19112.5   0.037621
19115.0   0.037604
19117.5   0.037587
19120.0   0.037569
19122.5   0.037552
19125.0   0.037535
19127.5   0.037518
19130.0   0.037501
19132.5   0.037483
19135.0   0.037466
19137.5   0.037449
19140.0   0.037432
19142.5   0.037415
19145.0   0.037398
19147.5   0.037381
19150.0   0.037363
19152.5   0.037346
19155.0   0.037329
19157.5   0.037312
19160.0   0.037295
19162.5   0.037277
19165.0   0.037260
19167.5   0.037243
19170.0   0.037226
19172.5   0.037209
19175.0   0.037192
19177.5   0.037175
19180.0   0.037158
19182.5   0.037141
19185.0   0.037124
19187.5   0.037106
19190.0   0.037089
19192.5   0.037072
19195.0   0.037055
19197.5   0.037038
19200.0   0.037021
19202.5   0.037004
19205.0   0.036987
19207.5   0.036970
19210.0   0.036953
19212.5   0.036936
19215.0   0.036919
19217.5   0.036902
19220.0   0.036885
19222.5   0.036868
19225.0   0.036851
19227.5   0.036834
19230.0   0.036817
19232.5   0.036800
19235.0   0.036783
19237.5   0.036766
19240.0   0.036749
19242.5   0.036732
19245.0   0.036715
19247.5   0.036698
19250.0   0.036681
19252.5   0.036664
19255.0   0.036647
19257.5   0.036630
19260.0   0.036613
19262.5   0.036596
19265.0   0.036580
19267.5   0.036563
19270.0   0.036546
19272.5   0.036529
19275.0   0.036512
19277.5   0.036495
19280.0   0.036478
19282.5   0.036461
19285.0   0.036444
19287.5   0.036428
19290.0   0.036411
19292.5   0.036394
19295.0   0.036377
19297.5   0.036360
19300.0   0.036343
19302.5   0.036326
19305.0   0.036309
19307.5   0.036293
19310.0   0.036276
19312.5   0.036259
19315.0   0.036242
19317.5   0.036225
19320.0   0.036209
19322.5   0.036192
19325.0   0.036175
19327.5   0.036158
19330.0   0.036141
19332.5   0.036125
19335.0   0.036108
19337.5   0.036091
19340.0   0.036074
19342.5   0.036058
19345.0   0.036041
19347.5   0.036024
19350.0   0.036007
19352.5   0.035990
19355.0   0.035974
19357.5   0.035957
19360.0   0.035940
19362.5   0.035923
19365.0   0.035907
19367.5   0.035890
19370.0   0.035873
19372.5   0.035856
19375.0   0.035840
19377.5   0.035824
19380.0   0.035807
19382.5   0.035790
19385.0   0.035773
19387.5   0.035756
19390.0   0.035740
19392.5   0.035724
19395.0   0.035707
19397.5   0.035690
19400.0   0.035673
19402.5   0.035656
19405.0   0.035640
19407.5   0.035624
19410.0   0.035607
19412.5   0.035590
19415.0   0.035573
19417.5   0.035556
19420.0   0.035540
19422.5   0.035524
19425.0   0.035507
19427.5   0.035491
19430.0   0.035474
19432.5   0.035457
19435.0   0.035441
19437.5   0.035425
19440.0   0.035408
19442.5   0.035391
19445.0   0.035374
19447.5   0.035357
19450.0   0.035341
19452.5   0.035325
19455.0   0.035308
19457.5   0.035291
19460.0   0.035275
19462.5   0.035259
19465.0   0.035242
19467.5   0.035225
19470.0   0.035209
19472.5   0.035193
19475.0   0.035176
19477.5   0.035159
19480.0   0.035143
19482.5   0.035126
19485.0   0.035110
19487.5   0.035094
19490.0   0.035077
19492.5   0.035060
19495.0   0.035044
19497.5   0.035028
19500.0   0.035011
19502.5   0.034994
19505.0   0.034978
19507.5   0.034962
19510.0   0.034946
19512.5   0.034930
19515.0   0.034913
19517.5   0.034896
19520.0   0.034880
19522.5   0.034864
19525.0   0.034847
19527.5   0.034830
19530.0   0.034814
19532.5   0.034798
19535.0   0.034782
19537.5   0.034766
19540.0   0.034749
19542.5   0.034732
19545.0   0.034716
19547.5   0.034699
19550.0   0.034683
19552.5   0.034667
19555.0   0.034651
19557.5   0.034635
19560.0   0.034618
19562.5   0.034601
19565.0   0.034585
19567.5   0.034569
19570.0   0.034553
19572.5   0.034536
19575.0   0.034520
19577.5   0.034504
19580.0   0.034488
19582.5   0.034472
19585.0   0.034455
19587.5   0.034439
19590.0   0.034423
19592.5   0.034406
19595.0   0.034390
19597.5   0.034374
19600.0   0.034358
19602.5   0.034341
19605.0   0.034325
19607.5   0.034309
19610.0   0.034293
19612.5   0.034277
19615.0   0.034260
19617.5   0.034244
19620.0   0.034228
19622.5   0.034212
19625.0   0.034195
19627.5   0.034179
19630.0   0.034163
19632.5   0.034147
19635.0   0.034131
19637.5   0.034114
19640.0   0.034098
19642.5   0.034082
19645.0   0.034066
19647.5   0.034050
19650.0   0.034034
19652.5   0.034017
19655.0   0.034001
19657.5   0.033985
19660.0   0.033969
19662.5   0.033953
19665.0   0.033937
19667.5   0.033921
19670.0   0.033905
19672.5   0.033889
19675.0   0.033873
19677.5   0.033856
19680.0   0.033840
19682.5   0.033824
19685.0   0.033808
19687.5   0.033792
19690.0   0.033776
19692.5   0.033760
19695.0   0.033744
19697.5   0.033728
19700.0   0.033712
19702.5   0.033696
19705.0   0.033680
19707.5   0.033664
19710.0   0.033648
19712.5   0.033632
19715.0   0.033616
19717.5   0.033600
19720.0   0.033584
19722.5   0.033568
19725.0   0.033552
19727.5   0.033536
19730.0   0.033520
19732.5   0.033504
19735.0   0.033488
19737.5   0.033472
19740.0   0.033456
19742.5   0.033440
19745.0   0.033424
19747.5   0.033408
19750.0   0.033392
19752.5   0.033376
19755.0   0.033360
19757.5   0.033344
19760.0   0.033328
19762.5   0.033312
19765.0   0.033296
19767.5   0.033280
19770.0   0.033265
19772.5   0.033249
19775.0   0.033233
19777.5   0.033217
19780.0   0.033201
19782.5   0.033185
19785.0   0.033169
19787.5   0.033154
19790.0   0.033138
19792.5   0.033122
19795.0   0.033106
19797.5   0.033090
19800.0   0.033074
19802.5   0.033058
19805.0   0.033042
19807.5   0.033027
19810.0   0.033011
19812.5   0.032995
19815.0   0.032979
19817.5   0.032963
19820.0   0.032948
19822.5   0.032932
19825.0   0.032916
19827.5   0.032900
19830.0   0.032884
19832.5   0.032869
19835.0   0.032853
19837.5   0.032837
19840.0   0.032821
19842.5   0.032806
19845.0   0.032790
19847.5   0.032774
19850.0   0.032758
19852.5   0.032742
19855.0   0.032727
19857.5   0.032711
19860.0   0.032695
19862.5   0.032679
19865.0   0.032664
19867.5   0.032649
19870.0   0.032633
19872.5   0.032617
19875.0   0.032601
19877.5   0.032586
19880.0   0.032570
19882.5   0.032554
19885.0   0.032538
19887.5   0.032522
19890.0   0.032507
19892.5   0.032492
19895.0   0.032476
19897.5   0.032460
19900.0   0.032444
19902.5   0.032428
19905.0   0.032413
19907.5   0.032398
19910.0   0.032382
19912.5   0.032366
19915.0   0.032351
19917.5   0.032336
19920.0   0.032320
19922.5   0.032304
19925.0   0.032288
19927.5   0.032272
19930.0   0.032257
19932.5   0.032242
19935.0   0.032226
19937.5   0.032210
19940.0   0.032195
19942.5   0.032180
19945.0   0.032164
19947.5   0.032149
19950.0   0.032133
19952.5   0.032117
19955.0   0.032102
19957.5   0.032087
19960.0   0.032071
19962.5   0.032055
19965.0   0.032039
19967.5   0.032023
19970.0   0.032008
19972.5   0.031992
19975.0   0.031977
19977.5   0.031962
19980.0   0.031947
19982.5   0.031932
19985.0   0.031916
19987.5   0.031900
19990.0   0.031885
19992.5   0.031870
19995.0   0.031854
19997.5   0.031838
20000.0   0.031823
20002.5   0.031808
20005.0   0.031792
20007.5   0.031776
20010.0   0.031761
20012.5   0.031746
20015.0   0.031730
20017.5   0.031714
20020.0   0.031699
20022.5   0.031684
20025.0   0.031669
20027.5   0.031654
20030.0   0.031638
20032.5   0.031622
20035.0   0.031607
20037.5   0.031591
20040.0   0.031576
20042.5   0.031561
20045.0   0.031546
20047.5   0.031531
20050.0   0.031515
20052.5   0.031499
20055.0   0.031484
20057.5   0.031469
20060.0   0.031454
20062.5   0.031439
20065.0   0.031423
20067.5   0.031407
20070.0   0.031392
20072.5   0.031377
20075.0   0.031362
20077.5   0.031346
20080.0   0.031331
20082.5   0.031316
20085.0   0.031301
20087.5   0.031285
20090.0   0.031270
20092.5   0.031255
20095.0   0.031240
20097.5   0.031224
20100.0   0.031209
20102.5   0.031194
20105.0   0.031179
20107.5   0.031164
20110.0   0.031148
20112.5   0.031133
20115.0   0.031118
20117.5   0.031103
20120.0   0.031087
20122.5   0.031072
20125.0   0.031057
20127.5   0.031042
20130.0   0.031027
20132.5   0.031011
20135.0   0.030996
20137.5   0.030981
20140.0   0.030966
20142.5   0.030951
20145.0   0.030936
20147.5   0.030920
20150.0   0.030905
20152.5   0.030890
20155.0   0.030875
20157.5   0.030860
20160.0   0.030845
20162.5   0.030830
20165.0   0.030815
20167.5   0.030800
20170.0   0.030784
20172.5   0.030769
20175.0   0.030754
20177.5   0.030739
20180.0   0.030724
20182.5   0.030709
20185.0   0.030694
20187.5   0.030679
20190.0   0.030664
20192.5   0.030649
20195.0   0.030634
20197.5   0.030619
20200.0   0.030604
20202.5   0.030589
20205.0   0.030574
20207.5   0.030558
20210.0   0.030543
20212.5   0.030528
20215.0   0.030513
20217.5   0.030498
20220.0   0.030483
20222.5   0.030468
20225.0   0.030453
20227.5   0.030438
20230.0   0.030423
20232.5   0.030408
20235.0   0.030394
20237.5   0.030379
20240.0   0.030364
20242.5   0.030349
20245.0   0.030334
20247.5   0.030319
20250.0   0.030304
20252.5   0.030289
20255.0   0.030274
20257.5   0.030259
20260.0   0.030244
20262.5   0.030229
20265.0   0.030214
20267.5   0.030199
20270.0   0.030184
20272.5   0.030170
20275.0   0.030155
20277.5   0.030140
20280.0   0.030125
20282.5   0.030110
20285.0   0.030095
20287.5   0.030080
20290.0   0.030065
20292.5   0.030050
20295.0   0.030036
20297.5   0.030021
20300.0   0.030006
20302.5   0.029991
20305.0   0.029976
20307.5   0.029961
20310.0   0.029947
20312.5   0.029932
20315.0   0.029917
20317.5   0.029902
20320.0   0.029887
20322.5   0.029873
20325.0   0.029858
20327.5   0.029843
20330.0   0.029828
20332.5   0.029814
20335.0   0.029799
20337.5   0.029784
20340.0   0.029769
20342.5   0.029755
20345.0   0.029740
20347.5   0.029725
20350.0   0.029710
20352.5   0.029695
20355.0   0.029681
20357.5   0.029666
20360.0   0.029651
20362.5   0.029636
20365.0   0.029622
20367.5   0.029607
20370.0   0.029592
20372.5   0.029577
20375.0   0.029563
20377.5   0.029549
20380.0   0.029534
20382.5   0.029519
20385.0   0.029504
20387.5   0.029489
20390.0   0.029475
20392.5   0.029461
20395.0   0.029446
20397.5   0.029431
20400.0   0.029416
20402.5   0.029401
20405.0   0.029387
20407.5   0.029372
20410.0   0.029358
20412.5   0.029344
20415.0   0.029329
20417.5   0.029314
20420.0   0.029299
20422.5   0.029284
20425.0   0.029270
20427.5   0.029256
20430.0   0.029241
20432.5   0.029226
20435.0   0.029212
20437.5   0.029198
20440.0   0.029183
20442.5   0.029168
20445.0   0.029154
20447.5   0.029140
20450.0   0.029125
20452.5   0.029110
20455.0   0.029095
20457.5   0.029080
20460.0   0.029066
20462.5   0.029052
20465.0   0.029037
20467.5   0.029022
20470.0   0.029008
20472.5   0.028994
20475.0   0.028979
20477.5   0.028964
20480.0   0.028950
20482.5   0.028936
20485.0   0.028921
20487.5   0.028906
20490.0   0.028892
20492.5   0.028878
20495.0   0.028864
20497.5   0.028850
20500.0   0.028835
20502.5   0.028820
20505.0   0.028806
20507.5   0.028791
20510.0   0.028777
20512.5   0.028763
20515.0   0.028748
20517.5   0.028733
20520.0   0.028719
20522.5   0.028705
20525.0   0.028691
20527.5   0.028677
20530.0   0.028662
20532.5   0.028647
20535.0   0.028633
20537.5   0.028618
20540.0   0.028604
20542.5   0.028590
20545.0   0.028576
20547.5   0.028562
20550.0   0.028547
20552.5   0.028532
20555.0   0.028518
20557.5   0.028504
20560.0   0.028490
20562.5   0.028476
20565.0   0.028461
20567.5   0.028446
20570.0   0.028432
20572.5   0.028418
20575.0   0.028404
20577.5   0.028389
20580.0   0.028375
20582.5   0.028361
20585.0   0.028347
20587.5   0.028333
20590.0   0.028318
20592.5   0.028303
20595.0   0.028289
20597.5   0.028275
20600.0   0.028261
20602.5   0.028247
20605.0   0.028233
20607.5   0.028218
20610.0   0.028204
20612.5   0.028190
20615.0   0.028176
20617.5   0.028162
20620.0   0.028147
20622.5   0.028133
20625.0   0.028119
20627.5   0.028105
20630.0   0.028090
20632.5   0.028076
20635.0   0.028062
20637.5   0.028048
20640.0   0.028034
20642.5   0.028019
20645.0   0.028005
20647.5   0.027991
20650.0   0.027977
20652.5   0.027963
20655.0   0.027949
20657.5   0.027935
20660.0   0.027921
20662.5   0.027907
20665.0   0.027892
20667.5   0.027878
20670.0   0.027864
20672.5   0.027850
20675.0   0.027836
20677.5   0.027822
20680.0   0.027808
20682.5   0.027794
20685.0   0.027780
20687.5   0.027765
20690.0   0.027751
20692.5   0.027737
20695.0   0.027723
20697.5   0.027709
20700.0   0.027695
20702.5   0.027681
20705.0   0.027667
20707.5   0.027653
20710.0   0.027639
20712.5   0.027625
20715.0   0.027611
20717.5   0.027597
20720.0   0.027583
20722.5   0.027569
20725.0   0.027555
20727.5   0.027541
20730.0   0.027527
20732.5   0.027513
20735.0   0.027499
20737.5   0.027485
20740.0   0.027471
20742.5   0.027457
20745.0   0.027443
20747.5   0.027429
20750.0   0.027415
20752.5   0.027401
20755.0   0.027387
20757.5   0.027374
20760.0   0.027360
20762.5   0.027346
20765.0   0.027332
20767.5   0.027318
20770.0   0.027304
20772.5   0.027290
20775.0   0.027276
20777.5   0.027262
20780.0   0.027248
20782.5   0.027235
20785.0   0.027221
20787.5   0.027207
20790.0   0.027193
20792.5   0.027179
20795.0   0.027165
20797.5   0.027151
20800.0   0.027137
20802.5   0.027123
20805.0   0.027110
20807.5   0.027096
20810.0   0.027082
20812.5   0.027068
20815.0   0.027054
20817.5   0.027041
20820.0   0.027027
20822.5   0.027013
20825.0   0.026999
20827.5   0.026986
20830.0   0.026972
20832.5   0.026958
20835.0   0.026944
20837.5   0.026930
20840.0   0.026917
20842.5   0.026903
20845.0   0.026889
20847.5   0.026875
20850.0   0.026861
20852.5   0.026847
20855.0   0.026834
20857.5   0.026821
20860.0   0.026807
20862.5   0.026793
20865.0   0.026779
20867.5   0.026765
20870.0   0.026752
20872.5   0.026738
20875.0   0.026724
20877.5   0.026710
20880.0   0.026697
20882.5   0.026684
20885.0   0.026670
20887.5   0.026656
20890.0   0.026642
20892.5   0.026628
20895.0   0.026615
20897.5   0.026602
20900.0   0.026588
20902.5   0.026574
20905.0   0.026560
20907.5   0.026546
20910.0   0.026533
20912.5   0.026519
20915.0   0.026506
20917.5   0.026493
20920.0   0.026479
20922.5   0.026465
20925.0   0.026451
20927.5   0.026437
20930.0   0.026424
20932.5   0.026411
20935.0   0.026397
20937.5   0.026383
20940.0   0.026370
20942.5   0.026356
20945.0   0.026343
20947.5   0.026330
20950.0   0.026316
20952.5   0.026302
20955.0   0.026288
20957.5   0.026274
20960.0   0.026261
20962.5   0.026248
20965.0   0.026234
20967.5   0.026220
20970.0   0.026207
20972.5   0.026194
20975.0   0.026180
20977.5   0.026167
20980.0   0.026153
20982.5   0.026139
20985.0   0.026126
20987.5   0.026113
20990.0   0.026099
20992.5   0.026085
20995.0   0.026072
20997.5   0.026059
21000.0   0.026046
21002.5   0.026033
21005.0   0.026019
21007.5   0.026005
21010.0   0.025992
21012.5   0.025979
21015.0   0.025965
21017.5   0.025952
21020.0   0.025938
21022.5   0.025924
21025.0   0.025911
21027.5   0.025898
21030.0   0.025885
21032.5   0.025872
21035.0   0.025858
21037.5   0.025844
21040.0   0.025831
21042.5   0.025817
21045.0   0.025804
21047.5   0.025791
21050.0   0.025778
21052.5   0.025765
21055.0   0.025751
21057.5   0.025737
21060.0   0.025724
21062.5   0.025711
21065.0   0.025698
21067.5   0.025685
21070.0   0.025671
21072.5   0.025657
21075.0   0.025644
21077.5   0.025631
21080.0   0.025618
21082.5   0.025604
21085.0   0.025591
21087.5   0.025578
21090.0   0.025565
21092.5   0.025551
21095.0   0.025538
21097.5   0.025525
21100.0   0.025512
21102.5   0.025499
21105.0   0.025485
21107.5   0.025472
21110.0   0.025459
21112.5   0.025446
21115.0   0.025432
21117.5   0.025419
21120.0   0.025406
21122.5   0.025393
21125.0   0.025379
21127.5   0.025366
21130.0   0.025353
21132.5   0.025340
21135.0   0.025326
21137.5   0.025313
21140.0   0.025300
21142.5   0.025287
21145.0   0.025274
21147.5   0.025260
21150.0   0.025247
21152.5   0.025234
21155.0   0.025221
21157.5   0.025208
21160.0   0.025195
21162.5   0.025182
21165.0   0.025169
21167.5   0.025156
21170.0   0.025142
21172.5   0.025129
21175.0   0.025116
21177.5   0.025103
21180.0   0.025090
21182.5   0.025077
21185.0   0.025064
21187.5   0.025051
21190.0   0.025038
21192.5   0.025025
21195.0   0.025012
21197.5   0.024999
21200.0   0.024985
21202.5   0.024972
21205.0   0.024959
21207.5   0.024946
21210.0   0.024933
21212.5   0.024920
21215.0   0.024907
21217.5   0.024894
21220.0   0.024881
21222.5   0.024868
21225.0   0.024855
21227.5   0.024842
21230.0   0.024829
21232.5   0.024816
21235.0   0.024803
21237.5   0.024790
21240.0   0.024777
21242.5   0.024764
21245.0   0.024751
21247.5   0.024738
21250.0   0.024725
21252.5   0.024712
21255.0   0.024699
21257.5   0.024686
21260.0   0.024673
21262.5   0.024660
21265.0   0.024648
21267.5   0.024635
21270.0   0.024622
21272.5   0.024609
21275.0   0.024596
21277.5   0.024583
21280.0   0.024570
21282.5   0.024557
21285.0   0.024544
21287.5   0.024532
21290.0   0.024519
21292.5   0.024506
21295.0   0.024493
21297.5   0.024480
21300.0   0.024467
21302.5   0.024454
21305.0   0.024441
21307.5   0.024428
21310.0   0.024416
21312.5   0.024403
21315.0   0.024390
21317.5   0.024377
21320.0   0.024364
21322.5   0.024352
21325.0   0.024339
21327.5   0.024326
21330.0   0.024313
21332.5   0.024300
21335.0   0.024288
21337.5   0.024275
21340.0   0.024262
21342.5   0.024249
21345.0   0.024236
21347.5   0.024224
21350.0   0.024211
21352.5   0.024198
21355.0   0.024185
21357.5   0.024172
21360.0   0.024160
21362.5   0.024147
21365.0   0.024134
21367.5   0.024121
21370.0   0.024109
21372.5   0.024097
21375.0   0.024084
21377.5   0.024071
21380.0   0.024058
21382.5   0.024046
21385.0   0.024033
21387.5   0.024020
21390.0   0.024007
21392.5   0.023994
21395.0   0.023982
21397.5   0.023970
21400.0   0.023957
21402.5   0.023944
21405.0   0.023931
21407.5   0.023918
21410.0   0.023906
21412.5   0.023893
21415.0   0.023881
21417.5   0.023869
21420.0   0.023856
21422.5   0.023843
21425.0   0.023830
21427.5   0.023817
21430.0   0.023805
21432.5   0.023793
21435.0   0.023780
21437.5   0.023767
21440.0   0.023755
21442.5   0.023743
21445.0   0.023730
21447.5   0.023717
21450.0   0.023704
21452.5   0.023691
21455.0   0.023679
21457.5   0.023667
21460.0   0.023654
21462.5   0.023641
21465.0   0.023629
21467.5   0.023617
21470.0   0.023604
21472.5   0.023591
21475.0   0.023579
21477.5   0.023566
21480.0   0.023554
21482.5   0.023542
21485.0   0.023529
21487.5   0.023517
21490.0   0.023504
21492.5   0.023492
21495.0   0.023479
21497.5   0.023466
21500.0   0.023454
21502.5   0.023442
21505.0   0.023429
21507.5   0.023416
21510.0   0.023404
21512.5   0.023392
21515.0   0.023380
21517.5   0.023368
21520.0   0.023355
21522.5   0.023342
21525.0   0.023330
21527.5   0.023317
21530.0   0.023305
21532.5   0.023293
21535.0   0.023280
21537.5   0.023267
21540.0   0.023255
21542.5   0.023243
21545.0   0.023231
21547.5   0.023219
21550.0   0.023206
21552.5   0.023193
21555.0   0.023181
21557.5   0.023168
21560.0   0.023156
21562.5   0.023144
21565.0   0.023132
21567.5   0.023120
21570.0   0.023107
21572.5   0.023094
21575.0   0.023082
21577.5   0.023070
21580.0   0.023058
21582.5   0.023045
21585.0   0.023033
21587.5   0.023021
21590.0   0.023009
21592.5   0.022997
21595.0   0.022984
21597.5   0.022972
21600.0   0.022960
21602.5   0.022947
21605.0   0.022935
21607.5   0.022923
21610.0   0.022911
21612.5   0.022899
21615.0   0.022886
21617.5   0.022874
21620.0   0.022862
21622.5   0.022850
21625.0   0.022837
21627.5   0.022825
21630.0   0.022813
21632.5   0.022801
21635.0   0.022788
21637.5   0.022776
21640.0   0.022764
21642.5   0.022752
21645.0   0.022740
21647.5   0.022728
21650.0   0.022715
21652.5   0.022703
21655.0   0.022691
21657.5   0.022679
21660.0   0.022667
21662.5   0.022654
21665.0   0.022642
21667.5   0.022630
21670.0   0.022618
21672.5   0.022606
21675.0   0.022594
21677.5   0.022581
21680.0   0.022569
21682.5   0.022557
21685.0   0.022545
21687.5   0.022533
21690.0   0.022521
21692.5   0.022509
21695.0   0.022497
21697.5   0.022485
21700.0   0.022473
21702.5   0.022461
21705.0   0.022449
21707.5   0.022436
21710.0   0.022424
21712.5   0.022412
21715.0   0.022400
21717.5   0.022388
21720.0   0.022376
21722.5   0.022364
21725.0   0.022352
21727.5   0.022340
21730.0   0.022328
21732.5   0.022316
21735.0   0.022304
21737.5   0.022292
21740.0   0.022280
21742.5   0.022268
21745.0   0.022256
21747.5   0.022244
21750.0   0.022232
21752.5   0.022220
21755.0   0.022208
21757.5   0.022196
21760.0   0.022184
21762.5   0.022172
21765.0   0.022161
21767.5   0.022149
21770.0   0.022137
21772.5   0.022125
21775.0   0.022113
21777.5   0.022101
21780.0   0.022089
21782.5   0.022077
21785.0   0.022065
21787.5   0.022053
21790.0   0.022041
21792.5   0.022030
21795.0   0.022018
21797.5   0.022006
21800.0   0.021994
21802.5   0.021982
21805.0   0.021970
21807.5   0.021958
21810.0   0.021946
21812.5   0.021934
21815.0   0.021923
21817.5   0.021911
21820.0   0.021899
21822.5   0.021887
21825.0   0.021875
21827.5   0.021863
21830.0   0.021852
21832.5   0.021840
21835.0   0.021828
21837.5   0.021816
21840.0   0.021804
21842.5   0.021793
21845.0   0.021781
21847.5   0.021769
21850.0   0.021757
21852.5   0.021746
21855.0   0.021734
21857.5   0.021722
21860.0   0.021710
21862.5   0.021698
21865.0   0.021687
21867.5   0.021675
21870.0   0.021663
21872.5   0.021652
21875.0   0.021640
21877.5   0.021628
21880.0   0.021616
21882.5   0.021604
21885.0   0.021593
21887.5   0.021581
21890.0   0.021569
21892.5   0.021557
21895.0   0.021546
21897.5   0.021535
21900.0   0.021523
21902.5   0.021511
21905.0   0.021499
21907.5   0.021487
21910.0   0.021476
21912.5   0.021465
21915.0   0.021453
21917.5   0.021441
21920.0   0.021429
21922.5   0.021417
21925.0   0.021406
21927.5   0.021395
21930.0   0.021383
21932.5   0.021372
21935.0   0.021360
21937.5   0.021348
21940.0   0.021336
21942.5   0.021324
21945.0   0.021313
21947.5   0.021302
21950.0   0.021290
21952.5   0.021279
21955.0   0.021267
21957.5   0.021255
21960.0   0.021244
21962.5   0.021233
21965.0   0.021221
21967.5   0.021209
21970.0   0.021197
21972.5   0.021185
21975.0   0.021174
21977.5   0.021163
21980.0   0.021151
21982.5   0.021139
21985.0   0.021128
21987.5   0.021117
21990.0   0.021105
21992.5   0.021093
21995.0   0.021082
21997.5   0.021071
22000.0   0.021059
22002.5   0.021047
22005.0   0.021036
22007.5   0.021025
22010.0   0.021013
22012.5   0.021001
22015.0   0.020990
22017.5   0.020979
22020.0   0.020968
22022.5   0.020957
22025.0   0.020945
22027.5   0.020933
22030.0   0.020922
22032.5   0.020911
22035.0   0.020899
22037.5   0.020887
22040.0   0.020876
22042.5   0.020865
22045.0   0.020853
22047.5   0.020841
22050.0   0.020830
22052.5   0.020819
22055.0   0.020808
22057.5   0.020797
22060.0   0.020785
22062.5   0.020773
22065.0   0.020762
22067.5   0.020751
22070.0   0.020740
22072.5   0.020729
22075.0   0.020717
22077.5   0.020706
22080.0   0.020694
22082.5   0.020682
22085.0   0.020671
22087.5   0.020660
22090.0   0.020649
22092.5   0.020638
22095.0   0.020626
22097.5   0.020615
22100.0   0.020604
22102.5   0.020593
22105.0   0.020581
22107.5   0.020569
22110.0   0.020558
22112.5   0.020547
22115.0   0.020536
22117.5   0.020524
22120.0   0.020513
22122.5   0.020502
22125.0   0.020491
22127.5   0.020480
22130.0   0.020468
22132.5   0.020457
22135.0   0.020446
22137.5   0.020435
22140.0   0.020424
22142.5   0.020412
22145.0   0.020401
22147.5   0.020390
22150.0   0.020379
22152.5   0.020368
22155.0   0.020356
22157.5   0.020345
22160.0   0.020334
22162.5   0.020323
22165.0   0.020312
22167.5   0.020301
22170.0   0.020289
22172.5   0.020278
22175.0   0.020267
22177.5   0.020256
22180.0   0.020245
22182.5   0.020233
22185.0   0.020222
22187.5   0.020211
22190.0   0.020200
22192.5   0.020189
22195.0   0.020178
22197.5   0.020167
22200.0   0.020156
22202.5   0.020145
22205.0   0.020133
22207.5   0.020122
22210.0   0.020111
22212.5   0.020100
22215.0   0.020089
22217.5   0.020078
22220.0   0.020067
22222.5   0.020056
22225.0   0.020045
22227.5   0.020034
22230.0   0.020023
22232.5   0.020012
22235.0   0.020001
22237.5   0.019990
22240.0   0.019979
22242.5   0.019968
22245.0   0.019957
22247.5   0.019946
22250.0   0.019935
22252.5   0.019924
22255.0   0.019913
22257.5   0.019902
22260.0   0.019891
22262.5   0.019880
22265.0   0.019869
22267.5   0.019858
22270.0   0.019847
22272.5   0.019836
22275.0   0.019825
22277.5   0.019814
22280.0   0.019803
22282.5   0.019792
22285.0   0.019781
22287.5   0.019770
22290.0   0.019759
22292.5   0.019748
22295.0   0.019737
22297.5   0.019726
22300.0   0.019715
22302.5   0.019705
22305.0   0.019694
22307.5   0.019683
22310.0   0.019672
22312.5   0.019661
22315.0   0.019650
22317.5   0.019639
22320.0   0.019628
22322.5   0.019617
22325.0   0.019606
22327.5   0.019595
22330.0   0.019585
22332.5   0.019574
22335.0   0.019563
22337.5   0.019552
22340.0   0.019541
22342.5   0.019530
22345.0   0.019520
22347.5   0.019509
22350.0   0.019498
22352.5   0.019487
22355.0   0.019476
22357.5   0.019466
22360.0   0.019455
22362.5   0.019444
22365.0   0.019433
22367.5   0.019423
22370.0   0.019412
22372.5   0.019401
22375.0   0.019390
22377.5   0.019380
22380.0   0.019369
22382.5   0.019358
22385.0   0.019347
22387.5   0.019336
22390.0   0.019326
22392.5   0.019315
22395.0   0.019304
22397.5   0.019294
22400.0   0.019283
22402.5   0.019272
22405.0   0.019261
22407.5   0.019250
22410.0   0.019240
22412.5   0.019229
22415.0   0.019218
22417.5   0.019207
22420.0   0.019197
22422.5   0.019187
22425.0   0.019176
22427.5   0.019165
22430.0   0.019154
22432.5   0.019143
22435.0   0.019133
22437.5   0.019123
22440.0   0.019112
22442.5   0.019101
22445.0   0.019090
22447.5   0.019079
22450.0   0.019069
22452.5   0.019058
22455.0   0.019048
22457.5   0.019038
22460.0   0.019027
22462.5   0.019016
22465.0   0.019005
22467.5   0.018994
22470.0   0.018984
22472.5   0.018974
22475.0   0.018963
22477.5   0.018953
22480.0   0.018942
22482.5   0.018931
22485.0   0.018921
22487.5   0.018911
22490.0   0.018900
22492.5   0.018889
22495.0   0.018878
22497.5   0.018867
22500.0   0.018857
22502.5   0.018847
22505.0   0.018836
22507.5   0.018825
22510.0   0.018815
22512.5   0.018805
22515.0   0.018794
22517.5   0.018784
22520.0   0.018773
22522.5   0.018762
22525.0   0.018752
22527.5   0.018742
22530.0   0.018731
22532.5   0.018720
22535.0   0.018710
22537.5   0.018700
22540.0   0.018689
22542.5   0.018678
22545.0   0.018668
22547.5   0.018658
22550.0   0.018648
22552.5   0.018638
22555.0   0.018627
22557.5   0.018616
22560.0   0.018606
22562.5   0.018596
22565.0   0.018585
22567.5   0.018574
22570.0   0.018564
22572.5   0.018554
22575.0   0.018543
22577.5   0.018532
22580.0   0.018522
22582.5   0.018512
22585.0   0.018502
22587.5   0.018492
22590.0   0.018481
22592.5   0.018470
22595.0   0.018460
22597.5   0.018450
22600.0   0.018440
22602.5   0.018430
22605.0   0.018419
22607.5   0.018409
22610.0   0.018398
22612.5   0.018387
22615.0   0.018377
22617.5   0.018367
22620.0   0.018357
22622.5   0.018347
22625.0   0.018336
22627.5   0.018326
22630.0   0.018316
22632.5   0.018306
22635.0   0.018295
22637.5   0.018284
22640.0   0.018274
22642.5   0.018264
22645.0   0.018254
22647.5   0.018243
22650.0   0.018233
22652.5   0.018223
22655.0   0.018213
22657.5   0.018203
22660.0   0.018192
22662.5   0.018182
22665.0   0.018172
22667.5   0.018162
22670.0   0.018151
22672.5   0.018141
22675.0   0.018131
22677.5   0.018121
22680.0   0.018111
22682.5   0.018100
22685.0   0.018090
22687.5   0.018080
22690.0   0.018070
22692.5   0.018060
22695.0   0.018049
22697.5   0.018039
22700.0   0.018029
22702.5   0.018019
22705.0   0.018009
22707.5   0.017998
22710.0   0.017988
22712.5   0.017978
22715.0   0.017968
22717.5   0.017958
22720.0   0.017948
22722.5   0.017938
22725.0   0.017928
22727.5   0.017918
22730.0   0.017907
22732.5   0.017897
22735.0   0.017887
22737.5   0.017877
22740.0   0.017867
22742.5   0.017857
22745.0   0.017847
22747.5   0.017837
22750.0   0.017827
22752.5   0.017816
22755.0   0.017806
22757.5   0.017796
22760.0   0.017786
22762.5   0.017776
22765.0   0.017766
22767.5   0.017756
22770.0   0.017746
22772.5   0.017736
22775.0   0.017726
22777.5   0.017716
22780.0   0.017706
22782.5   0.017696
22785.0   0.017686
22787.5   0.017676
22790.0   0.017666
22792.5   0.017656
22795.0   0.017646
22797.5   0.017636
22800.0   0.017626
22802.5   0.017616
22805.0   0.017606
22807.5   0.017596
22810.0   0.017586
22812.5   0.017576
22815.0   0.017566
22817.5   0.017556
22820.0   0.017546
22822.5   0.017536
22825.0   0.017526
22827.5   0.017516
22830.0   0.017506
22832.5   0.017497
22835.0   0.017487
22837.5   0.017477
22840.0   0.017467
22842.5   0.017457
22845.0   0.017447
22847.5   0.017437
22850.0   0.017427
22852.5   0.017417
22855.0   0.017407
22857.5   0.017397
22860.0   0.017387
22862.5   0.017377
22865.0   0.017368
22867.5   0.017358
22870.0   0.017348
22872.5   0.017338
22875.0   0.017328
22877.5   0.017319
22880.0   0.017309
22882.5   0.017299
22885.0   0.017289
22887.5   0.017279
22890.0   0.017269
22892.5   0.017259
22895.0   0.017250
22897.5   0.017240
22900.0   0.017230
22902.5   0.017220
22905.0   0.017210
22907.5   0.017201
22910.0   0.017191
22912.5   0.017181
22915.0   0.017171
22917.5   0.017162
22920.0   0.017152
22922.5   0.017142
22925.0   0.017132
22927.5   0.017122
22930.0   0.017113
22932.5   0.017103
22935.0   0.017093
22937.5   0.017083
22940.0   0.017074
22942.5   0.017064
22945.0   0.017054
22947.5   0.017044
22950.0   0.017035
22952.5   0.017025
22955.0   0.017015
22957.5   0.017005
22960.0   0.016996
22962.5   0.016987
22965.0   0.016977
22967.5   0.016967
22970.0   0.016957
22972.5   0.016948
22975.0   0.016938
22977.5   0.016928
22980.0   0.016918
22982.5   0.016908
22985.0   0.016899
22987.5   0.016890
22990.0   0.016880
22992.5   0.016871
22995.0   0.016861
22997.5   0.016851
23000.0   0.016841
23002.5   0.016831
23005.0   0.016822
23007.5   0.016812
23010.0   0.016803
23012.5   0.016794
23015.0   0.016784
23017.5   0.016774
23020.0   0.016764
23022.5   0.016754
23025.0   0.016745
23027.5   0.016736
23030.0   0.016726
23032.5   0.016716
23035.0   0.016707
23037.5   0.016697
23040.0   0.016688
23042.5   0.016679
23045.0   0.016669
23047.5   0.016659
23050.0   0.016650
23052.5   0.016641
23055.0   0.016631
23057.5   0.016621
23060.0   0.016611
23062.5   0.016601
23065.0   0.016592
23067.5   0.016583
23070.0   0.016573
23072.5   0.016563
23075.0   0.016554
23077.5   0.016545
23080.0   0.016535
23082.5   0.016525
23085.0   0.016516
23087.5   0.016507
23090.0   0.016498
23092.5   0.016489
23095.0   0.016479
23097.5   0.016469
23100.0   0.016460
23102.5   0.016451
23105.0   0.016441
23107.5   0.016432
23110.0   0.016422
23112.5   0.016412
23115.0   0.016403
23117.5   0.016394
23120.0   0.016384
23122.5   0.016374
23125.0   0.016365
23127.5   0.016356
23130.0   0.016347
23132.5   0.016338
23135.0   0.016328
23137.5   0.016319
23140.0   0.016309
23142.5   0.016299
23145.0   0.016290
23147.5   0.016281
23150.0   0.016272
23152.5   0.016263
23155.0   0.016253
23157.5   0.016243
23160.0   0.016234
23162.5   0.016224
23165.0   0.016215
23167.5   0.016206
23170.0   0.016197
23172.5   0.016188
23175.0   0.016178
23177.5   0.016168
23180.0   0.016159
23182.5   0.016150
23185.0   0.016141
23187.5   0.016131
23190.0   0.016122
23192.5   0.016113
23195.0   0.016104
23197.5   0.016095
23200.0   0.016085
23202.5   0.016076
23205.0   0.016067
23207.5   0.016057
23210.0   0.016048
23212.5   0.016039
23215.0   0.016030
23217.5   0.016021
23220.0   0.016011
23222.5   0.016002
23225.0   0.015993
23227.5   0.015984
23230.0   0.015974
23232.5   0.015965
23235.0   0.015956
23237.5   0.015947
23240.0   0.015937
23242.5   0.015928
23245.0   0.015919
23247.5   0.015910
23250.0   0.015901
23252.5   0.015891
23255.0   0.015882
23257.5   0.015873
23260.0   0.015864
23262.5   0.015855
23265.0   0.015845
23267.5   0.015836
23270.0   0.015827
23272.5   0.015818
23275.0   0.015809
23277.5   0.015800
23280.0   0.015791
23282.5   0.015782
23285.0   0.015772
23287.5   0.015763
23290.0   0.015754
23292.5   0.015745
23295.0   0.015736
23297.5   0.015727
23300.0   0.015718
23302.5   0.015709
23305.0   0.015699
23307.5   0.015690
23310.0   0.015681
23312.5   0.015672
23315.0   0.015663
23317.5   0.015654
23320.0   0.015645
23322.5   0.015636
23325.0   0.015627
23327.5   0.015618
23330.0   0.015609
23332.5   0.015600
23335.0   0.015591
23337.5   0.015582
23340.0   0.015573
23342.5   0.015564
23345.0   0.015554
23347.5   0.015545
23350.0   0.015536
23352.5   0.015527
23355.0   0.015518
23357.5   0.015509
23360.0   0.015500
23362.5   0.015491
23365.0   0.015482
23367.5   0.015473
23370.0   0.015464
23372.5   0.015456
23375.0   0.015447
23377.5   0.015438
23380.0   0.015429
23382.5   0.015420
23385.0   0.015411
23387.5   0.015402
23390.0   0.015393
23392.5   0.015384
23395.0   0.015375
23397.5   0.015366
23400.0   0.015357
23402.5   0.015348
23405.0   0.015339
23407.5   0.015330
23410.0   0.015321
23412.5   0.015312
23415.0   0.015304
23417.5   0.015295
23420.0   0.015286
23422.5   0.015277
23425.0   0.015268
23427.5   0.015259
23430.0   0.015250
23432.5   0.015241
23435.0   0.015232
23437.5   0.015223
23440.0   0.015215
23442.5   0.015206
23445.0   0.015197
23447.5   0.015188
23450.0   0.015179
23452.5   0.015171
23455.0   0.015162
23457.5   0.015153
23460.0   0.015144
23462.5   0.015135
23465.0   0.015126
23467.5   0.015117
23470.0   0.015109
23472.5   0.015100
23475.0   0.015091
23477.5   0.015082
23480.0   0.015073
23482.5   0.015065
23485.0   0.015056
23487.5   0.015047
23490.0   0.015038
23492.5   0.015030
23495.0   0.015021
23497.5   0.015012
23500.0   0.015003
23502.5   0.014995
23505.0   0.014986
23507.5   0.014977
23510.0   0.014968
23512.5   0.014959
23515.0   0.014951
23517.5   0.014942
23520.0   0.014933
23522.5   0.014924
23525.0   0.014916
23527.5   0.014907
23530.0   0.014898
23532.5   0.014889
23535.0   0.014881
23537.5   0.014873
23540.0   0.014864
23542.5   0.014855
23545.0   0.014846
23547.5   0.014837
23550.0   0.014829
23552.5   0.014821
23555.0   0.014812
23557.5   0.014803
23560.0   0.014794
23562.5   0.014785
23565.0   0.014777
23567.5   0.014769
23570.0   0.014760
23572.5   0.014751
23575.0   0.014742
23577.5   0.014733
23580.0   0.014725
23582.5   0.014717
23585.0   0.014708
23587.5   0.014699
23590.0   0.014691
23592.5   0.014683
23595.0   0.014674
23597.5   0.014665
23600.0   0.014656
23602.5   0.014647
23605.0   0.014639
23607.5   0.014631
23610.0   0.014622
23612.5   0.014613
23615.0   0.014605
23617.5   0.014597
23620.0   0.014588
23622.5   0.014579
23625.0   0.014571
23627.5   0.014563
23630.0   0.014554
23632.5   0.014545
23635.0   0.014537
23637.5   0.014529
23640.0   0.014520
23642.5   0.014511
23645.0   0.014502
23647.5   0.014493
23650.0   0.014485
23652.5   0.014477
23655.0   0.014468
23657.5   0.014459
23660.0   0.014451
23662.5   0.014443
23665.0   0.014435
23667.5   0.014427
23670.0   0.014418
23672.5   0.014409
23675.0   0.014401
23677.5   0.014393
23680.0   0.014384
23682.5   0.014375
23685.0   0.014367
23687.5   0.014359
23690.0   0.014350
23692.5   0.014341
23695.0   0.014333
23697.5   0.014325
23700.0   0.014316
23702.5   0.014307
23705.0   0.014299
23707.5   0.014291
23710.0   0.014283
23712.5   0.014275
23715.0   0.014266
23717.5   0.014257
23720.0   0.014249
23722.5   0.014241
23725.0   0.014232
23727.5   0.014223
23730.0   0.014215
23732.5   0.014207
23735.0   0.014199
23737.5   0.014191
23740.0   0.014182
23742.5   0.014173
23745.0   0.014165
23747.5   0.014157
23750.0   0.014149
23752.5   0.014141
23755.0   0.014132
23757.5   0.014123
23760.0   0.014115
23762.5   0.014107
23765.0   0.014099
23767.5   0.014091
23770.0   0.014082
23772.5   0.014073
23775.0   0.014065
23777.5   0.014057
23780.0   0.014049
23782.5   0.014040
23785.0   0.014032
23787.5   0.014024
23790.0   0.014016
23792.5   0.014007
23795.0   0.013999
23797.5   0.013991
23800.0   0.013983
23802.5   0.013974
23805.0   0.013966
23807.5   0.013958
23810.0   0.013950
23812.5   0.013942
23815.0   0.013933
23817.5   0.013925
23820.0   0.013917
23822.5   0.013909
23825.0   0.013900
23827.5   0.013892
23830.0   0.013884
23832.5   0.013876
23835.0   0.013868
23837.5   0.013859
23840.0   0.013851
23842.5   0.013843
23845.0   0.013835
23847.5   0.013827
23850.0   0.013819
23852.5   0.013811
23855.0   0.013802
23857.5   0.013794
23860.0   0.013786
23862.5   0.013778
23865.0   0.013770
23867.5   0.013761
23870.0   0.013753
23872.5   0.013745
23875.0   0.013737
23877.5   0.013729
23880.0   0.013721
23882.5   0.013713
23885.0   0.013705
23887.5   0.013697
23890.0   0.013688
23892.5   0.013680
23895.0   0.013672
23897.5   0.013664
23900.0   0.013656
23902.5   0.013648
23905.0   0.013640
23907.5   0.013632
23910.0   0.013624
23912.5   0.013616
23915.0   0.013607
23917.5   0.013599
23920.0   0.013591
23922.5   0.013583
23925.0   0.013575
23927.5   0.013567
23930.0   0.013559
23932.5   0.013551
23935.0   0.013543
23937.5   0.013535
23940.0   0.013527
23942.5   0.013519
23945.0   0.013511
23947.5   0.013503
23950.0   0.013495
23952.5   0.013487
23955.0   0.013479
23957.5   0.013471
23960.0   0.013463
23962.5   0.013455
23965.0   0.013447
23967.5   0.013439
23970.0   0.013431
23972.5   0.013423
23975.0   0.013415
23977.5   0.013407
23980.0   0.013399
23982.5   0.013391
23985.0   0.013383
23987.5   0.013375
23990.0   0.013367
23992.5   0.013360
23995.0   0.013352
23997.5   0.013344
24000.0   0.013336
24002.5   0.013328
24005.0   0.013320
24007.5   0.013312
24010.0   0.013304
24012.5   0.013296
24015.0   0.013288
24017.5   0.013280
24020.0   0.013272
24022.5   0.013265
24025.0   0.013257
24027.5   0.013249
24030.0   0.013241
24032.5   0.013233
24035.0   0.013225
24037.5   0.013217
24040.0   0.013209
24042.5   0.013201
24045.0   0.013194
24047.5   0.013186
24050.0   0.013178
24052.5   0.013170
24055.0   0.013162
24057.5   0.013154
24060.0   0.013147
24062.5   0.013139
24065.0   0.013131
24067.5   0.013123
24070.0   0.013115
24072.5   0.013108
24075.0   0.013100
24077.5   0.013092
24080.0   0.013084
24082.5   0.013076
24085.0   0.013069
24087.5   0.013061
24090.0   0.013053
24092.5   0.013045
24095.0   0.013037
24097.5   0.013030
24100.0   0.013022
24102.5   0.013014
24105.0   0.013006
24107.5   0.012999
24110.0   0.012991
24112.5   0.012983
24115.0   0.012975
24117.5   0.012967
24120.0   0.012960
24122.5   0.012952
24125.0   0.012944
24127.5   0.012936
24130.0   0.012929
24132.5   0.012922
24135.0   0.012914
24137.5   0.012906
24140.0   0.012898
24142.5   0.012891
24145.0   0.012883
24147.5   0.012875
24150.0   0.012867
24152.5   0.012859
24155.0   0.012852
24157.5   0.012845
24160.0   0.012837
24162.5   0.012829
24165.0   0.012821
24167.5   0.012813
24170.0   0.012806
24172.5   0.012798
24175.0   0.012791
24177.5   0.012784
24180.0   0.012776
24182.5   0.012768
24185.0   0.012760
24187.5   0.012752
24190.0   0.012745
24192.5   0.012738
24195.0   0.012730
24197.5   0.012723
24200.0   0.012715
