 1200.0   0.004133
 1202.5   0.012157
 1205.0   0.028503
 1207.5   0.053719
 1210.0   0.078916
 1212.5   0.093737
 1215.0   0.091386
 1217.5   0.069639
 1220.0   0.041003
 1222.5   0.018937
 1225.0   0.005986
 1227.5   0.001217
 1230.0   0.000716
 1232.5   0.000648
 1235.0   0.000489
 1237.5   0.000467
 1240.0   0.000501
 1242.5   0.000470
 1245.0   0.000393
 1247.5   0.000313
 1250.0   0.000239
 1252.5   0.000173
 1255.0   0.000134
 1257.5   0.000135
 1260.0   0.000150
 1262.5   0.000153
 1265.0   0.000146
 1267.5   0.000142
 1270.0   0.000153
 1272.5   0.000189
 1275.0   0.000239
 1277.5   0.000285
 1280.0   0.000307
 1282.5   0.000293
 1285.0   0.000254
 1287.5   0.000209
 1290.0   0.000172
 1292.5   0.000159
 1295.0   0.000196
 1297.5   0.000300
 1300.0   0.000443
 1302.5   0.000575
 1305.0   0.000597
 1307.5   0.000447
 1310.0   0.000253
 1312.5   0.000153
 1315.0   0.000122
 1317.5   0.000106
 1320.0   0.000101
 1322.5   0.000115
 1325.0   0.000150
 1327.5   0.000217
 1330.0   0.000373
 1332.5   0.000625
 1335.0   0.000748
 1337.5   0.000557
 1340.0   0.000264
 1342.5   0.000111
 1345.0   0.000058
 1347.5   0.000019
 1350.0   0.000012
 1352.5   0.000062
 1355.0   0.000129
 1357.5   0.000169
 1360.0   0.000183
 1362.5   0.000181
 1365.0   0.000164
 1367.5   0.000136
 1370.0   0.000119
 1372.5   0.000130
 1375.0   0.000146
 1377.5   0.000140
 1380.0   0.000120
 1382.5   0.000102
 1385.0   0.000108
 1387.5   0.000157
 1390.0   0.000246
 1392.5   0.000354
 1395.0   0.000419
 1397.5   0.000396
 1400.0   0.000359
 1402.5   0.000380
 1405.0   0.000395
 1407.5   0.000332
 1410.0   0.000236
 1412.5   0.000165
 1415.0   0.000127
 1417.5   0.000117
 1420.0   0.000131
 1422.5   0.000167
 1425.0   0.000217
 1427.5   0.000269
 1430.0   0.000283
 1432.5   0.000235
 1435.0   0.000181
 1437.5   0.000178
 1440.0   0.000215
 1442.5   0.000268
 1445.0   0.000314
 1447.5   0.000339
 1450.0   0.000347
 1452.5   0.000342
 1455.0   0.000303
 1457.5   0.000221
 1460.0   0.000162
 1462.5   0.000189
 1465.0   0.000277
 1467.5   0.000379
 1470.0   0.000431
 1472.5   0.000390
 1475.0   0.000299
 1477.5   0.000223
 1480.0   0.000225
 1482.5   0.000337
 1485.0   0.000465
 1487.5   0.000516
 1490.0   0.000517
 1492.5   0.000512
 1495.0   0.000489
 1497.5   0.000433
 1500.0   0.000363
 1502.5   0.000306
 1505.0   0.000296
 1507.5   0.000346
 1510.0   0.000391
 1512.5   0.000370
 1515.0   0.000333
 1517.5   0.000333
 1520.0   0.000339
 1522.5   0.000322
 1525.0   0.000348
 1527.5   0.000471
 1530.0   0.000600
 1532.5   0.000631
 1535.0   0.000558
 1537.5   0.000434
 1540.0   0.000435
 1542.5   0.000697
 1545.0   0.001056
 1547.5   0.001292
 1550.0   0.001258
 1552.5   0.000906
 1555.0   0.000509
 1557.5   0.000337
 1560.0   0.000327
 1562.5   0.000351
 1565.0   0.000350
 1567.5   0.000303
 1570.0   0.000270
 1572.5   0.000308
 1575.0   0.000374
 1577.5   0.000414
 1580.0   0.000420
 1582.5   0.000394
 1585.0   0.000343
 1587.5   0.000278
 1590.0   0.000230
 1592.5   0.000227
 1595.0   0.000259
 1597.5   0.000307
 1600.0   0.000348
 1602.5   0.000362
 1605.0   0.000345
 1607.5   0.000306
 1610.0   0.000275
 1612.5   0.000278
 1615.0   0.000287
 1617.5   0.000276
 1620.0   0.000277
 1622.5   0.000324
 1625.0   0.000394
 1627.5   0.000458
 1630.0   0.000517
 1632.5   0.000579
 1635.0   0.000660
 1637.5   0.000755
 1640.0   0.000762
 1642.5   0.000607
 1645.0   0.000427
 1647.5   0.000377
 1650.0   0.000485
 1652.5   0.000719
 1655.0   0.000945
 1657.5   0.001032
 1660.0   0.000961
 1662.5   0.000764
 1665.0   0.000576
 1667.5   0.000510
 1670.0   0.000500
 1672.5   0.000465
 1675.0   0.000432
 1677.5   0.000440
 1680.0   0.000463
 1682.5   0.000472
 1685.0   0.000480
 1687.5   0.000506
 1690.0   0.000540
 1692.5   0.000568
 1695.0   0.000595
 1697.5   0.000631
 1700.0   0.000674
 1702.5   0.000718
 1705.0   0.000734
 1707.5   0.000707
 1710.0   0.000682
 1712.5   0.000701
 1715.0   0.000723
 1717.5   0.000704
 1720.0   0.000671
 1722.5   0.000659
 1725.0   0.000670
 1727.5   0.000699
 1730.0   0.000736
 1732.5   0.000770
 1735.0   0.000797
 1737.5   0.000817
 1740.0   0.000838
 1742.5   0.000868
 1745.0   0.000910
 1747.5   0.000962
 1750.0   0.001019
 1752.5   0.001072
 1755.0   0.001114
 1757.5   0.001135
 1760.0   0.001126
 1762.5   0.001091
 1765.0   0.001075
 1767.5   0.001117
 1770.0   0.001178
 1772.5   0.001212
 1775.0   0.001218
 1777.5   0.001208
 1780.0   0.001202
 1782.5   0.001202
 1785.0   0.001131
 1787.5   0.000948
 1790.0   0.000837
 1792.5   0.000961
 1795.0   0.001170
 1797.5   0.001297
 1800.0   0.001414
 1802.5   0.001615
 1805.0   0.001839
 1807.5   0.002017
 1810.0   0.002190
 1812.5   0.002401
 1815.0   0.002583
 1817.5   0.002649
 1820.0   0.002529
 1822.5   0.002209
 1825.0   0.001884
 1827.5   0.001745
 1830.0   0.001742
 1832.5   0.001782
 1835.0   0.001819
 1837.5   0.001825
 1840.0   0.001781
 1842.5   0.001686
 1845.0   0.001607
 1847.5   0.001608
 1850.0   0.001666
 1852.5   0.001739
 1855.0   0.001801
 1857.5   0.001841
 1860.0   0.001895
 1862.5   0.002003
 1865.0   0.002163
 1867.5   0.002344
 1870.0   0.002445
 1872.5   0.002395
 1875.0   0.002317
 1877.5   0.002337
 1880.0   0.002398
 1882.5   0.002426
 1885.0   0.002460
 1887.5   0.002544
 1890.0   0.002629
 1892.5   0.002659
 1895.0   0.002650
 1897.5   0.002631
 1900.0   0.002619
 1902.5   0.002626
 1905.0   0.002650
 1907.5   0.002687
 1910.0   0.002730
 1912.5   0.002774
 1915.0   0.002821
 1917.5   0.002869
 1920.0   0.002909
 1922.5   0.002921
 1925.0   0.002862
 1927.5   0.002711
 1930.0   0.002571
 1932.5   0.002555
 1935.0   0.002692
 1937.5   0.002971
 1940.0   0.003305
 1942.5   0.003580
 1945.0   0.003664
 1947.5   0.003642
 1950.0   0.004489
 1952.5   0.006772
 1955.0   0.008526
 1957.5   0.007936
 1960.0   0.006307
 1962.5   0.005430
 1965.0   0.005917
 1967.5   0.007642
 1970.0   0.008694
 1972.5   0.007560
 1975.0   0.006101
 1977.5   0.006321
 1980.0   0.007434
 1982.5   0.008106
 1985.0   0.007610
 1987.5   0.005928
 1990.0   0.005268
 1992.5   0.007365
 1995.0   0.009817
 1997.5   0.010057
 2000.0   0.008977
 2002.5   0.007989
 2005.0   0.007119
 2007.5   0.006175
 2010.0   0.005476
 2012.5   0.005415
 2015.0   0.006159
 2017.5   0.007557
 2020.0   0.008399
 2022.5   0.007689
 2025.0   0.006360
 2027.5   0.005619
 2030.0   0.005854
 2032.5   0.007099
 2035.0   0.008801
 2037.5   0.010312
 2040.0   0.011189
 2042.5   0.011300
 2045.0   0.011544
 2047.5   0.012540
 2050.0   0.012756
 2052.5   0.010926
 2055.0   0.008982
 2057.5   0.008907
 2060.0   0.009672
 2062.5   0.009985
 2065.0   0.010517
 2067.5   0.011998
 2070.0   0.013435
 2072.5   0.013771
 2075.0   0.013418
 2077.5   0.013072
 2080.0   0.013108
 2082.5   0.013539
 2085.0   0.013256
 2087.5   0.011466
 2090.0   0.009770
 2092.5   0.009923
 2095.0   0.011903
 2097.5   0.015123
 2100.0   0.018507
 2102.5   0.020822
 2105.0   0.020693
 2107.5   0.017643
 2110.0   0.014922
 2112.5   0.015609
 2115.0   0.018359
 2117.5   0.020881
 2120.0   0.021511
 2122.5   0.019412
 2125.0   0.016434
 2127.5   0.014666
 2130.0   0.014465
 2132.5   0.015639
 2135.0   0.017537
 2137.5   0.019350
 2140.0   0.020113
 2142.5   0.019332
 2145.0   0.018565
 2147.5   0.019357
 2150.0   0.021147
 2152.5   0.022807
 2155.0   0.023041
 2157.5   0.021178
 2160.0   0.019227
 2162.5   0.018951
 2165.0   0.018464
 2167.5   0.015954
 2170.0   0.013554
 2172.5   0.013565
 2175.0   0.015007
 2177.5   0.016602
 2180.0   0.019166
 2182.5   0.023472
 2185.0   0.028026
 2187.5   0.031190
 2190.0   0.033004
 2192.5   0.033824
 2195.0   0.033598
 2197.5   0.032211
 2200.0   0.029709
 2202.5   0.026385
 2205.0   0.023371
 2207.5   0.021635
 2210.0   0.020642
 2212.5   0.019849
 2215.0   0.020171
 2217.5   0.022379
 2220.0   0.025212
 2222.5   0.027056
 2225.0   0.026920
 2227.5   0.024654
 2230.0   0.022857
 2232.5   0.023832
 2235.0   0.025955
 2237.5   0.027294
 2240.0   0.028616
 2242.5   0.030861
 2245.0   0.032965
 2247.5   0.033597
 2250.0   0.032376
 2252.5   0.029472
 2255.0   0.026305
 2257.5   0.024170
 2260.0   0.022601
 2262.5   0.021056
 2265.0   0.020451
 2267.5   0.021388
 2270.0   0.021761
 2272.5   0.019975
 2275.0   0.019190
 2277.5   0.022294
 2280.0   0.026324
 2282.5   0.027771
 2285.0   0.026785
 2287.5   0.024632
 2290.0   0.023385
 2292.5   0.024529
 2295.0   0.026388
 2297.5   0.027196
 2300.0   0.027974
 2302.5   0.029894
 2305.0   0.031936
 2307.5   0.032854
 2310.0   0.032693
 2312.5   0.031762
 2315.0   0.030139
 2317.5   0.028269
 2320.0   0.028291
 2322.5   0.031606
 2325.0   0.034974
 2327.5   0.035009
 2330.0   0.032393
 2332.5   0.028877
 2335.0   0.026424
 2337.5   0.026274
 2340.0   0.026576
 2342.5   0.025441
 2345.0   0.023913
 2347.5   0.023448
 2350.0   0.024197
 2352.5   0.025866
 2355.0   0.027670
 2357.5   0.028932
 2360.0   0.029896
 2362.5   0.031031
 2365.0   0.032778
 2367.5   0.035298
 2370.0   0.037670
 2372.5   0.038745
 2375.0   0.037540
 2377.5   0.033701
 2380.0   0.029221
 2382.5   0.026210
 2385.0   0.024895
 2387.5   0.024997
 2390.0   0.026098
 2392.5   0.027421
 2395.0   0.026897
 2397.5   0.023332
 2400.0   0.020325
 2402.5   0.021165
 2405.0   0.023121
 2407.5   0.023058
 2410.0   0.022248
 2412.5   0.022691
 2415.0   0.024908
 2417.5   0.028790
 2420.0   0.033207
 2422.5   0.036744
 2425.0   0.037874
 2427.5   0.035825
 2430.0   0.032948
 2432.5   0.031729
 2435.0   0.032080
 2437.5   0.033202
 2440.0   0.034034
 2442.5   0.033714
 2445.0   0.032431
 2447.5   0.030912
 2450.0   0.030967
 2452.5   0.033641
 2455.0   0.035821
 2457.5   0.034527
 2460.0   0.031469
 2462.5   0.029095
 2465.0   0.028116
 2467.5   0.028565
 2470.0   0.029488
 2472.5   0.029868
 2475.0   0.029409
 2477.5   0.028043
 2480.0   0.025906
 2482.5   0.023415
 2485.0   0.021923
 2487.5   0.022543
 2490.0   0.024502
 2492.5   0.026806
 2495.0   0.029453
 2497.5   0.032387
 2500.0   0.034347
 2502.5   0.034259
 2505.0   0.033009
 2507.5   0.031741
 2510.0   0.030658
 2512.5   0.029771
 2515.0   0.029257
 2517.5   0.029179
 2520.0   0.028990
 2522.5   0.028386
 2525.0   0.028660
 2527.5   0.030764
 2530.0   0.032699
 2532.5   0.032521
 2535.0   0.031460
 2537.5   0.031162
 2540.0   0.031762
 2542.5   0.032997
 2545.0   0.034534
 2547.5   0.036057
 2550.0   0.037384
 2552.5   0.038475
 2555.0   0.039710
 2557.5   0.041628
 2560.0   0.044977
 2562.5   0.049889
 2565.0   0.053830
 2567.5   0.054336
 2570.0   0.051889
 2572.5   0.048191
 2575.0   0.046883
 2577.5   0.050632
 2580.0   0.056277
 2582.5   0.060066
 2585.0   0.061710
 2587.5   0.061715
 2590.0   0.060299
 2592.5   0.057771
 2595.0   0.055097
 2597.5   0.053237
 2600.0   0.052459
 2602.5   0.052629
 2605.0   0.052687
 2607.5   0.051812
 2610.0   0.051075
 2612.5   0.051545
 2615.0   0.052387
 2617.5   0.052689
 2620.0   0.053126
 2622.5   0.054439
 2625.0   0.056049
 2627.5   0.057548
 2630.0   0.060523
 2632.5   0.066739
 2635.0   0.076681
 2637.5   0.089609
 2640.0   0.101154
 2642.5   0.107188
 2645.0   0.108174
 2647.5   0.106134
 2650.0   0.104751
 2652.5   0.106991
 2655.0   0.111304
 2657.5   0.115119
 2660.0   0.116292
 2662.5   0.113780
 2665.0   0.110502
 2667.5   0.109487
 2670.0   0.110242
 2672.5   0.111531
 2675.0   0.112677
 2677.5   0.113138
 2680.0   0.112362
 2682.5   0.110156
 2685.0   0.107777
 2687.5   0.106443
 2690.0   0.105758
 2692.5   0.105525
 2695.0   0.107947
 2697.5   0.114388
 2700.0   0.120456
 2702.5   0.121751
 2705.0   0.119606
 2707.5   0.116367
 2710.0   0.112691
 2712.5   0.108500
 2715.0   0.102452
 2717.5   0.093964
 2720.0   0.086735
 2722.5   0.084599
 2725.0   0.087631
 2727.5   0.094156
 2730.0   0.099248
 2732.5   0.098301
 2735.0   0.091256
 2737.5   0.080030
 2740.0   0.069914
 2742.5   0.065497
 2745.0   0.065188
 2747.5   0.066556
 2750.0   0.069989
 2752.5   0.076175
 2755.0   0.084190
 2757.5   0.092719
 2760.0   0.100493
 2762.5   0.106462
 2765.0   0.110414
 2767.5   0.112492
 2770.0   0.113408
 2772.5   0.113441
 2775.0   0.110549
 2777.5   0.103109
 2780.0   0.093481
 2782.5   0.084544
 2785.0   0.077256
 2787.5   0.071874
 2790.0   0.067773
 2792.5   0.064299
 2795.0   0.061573
 2797.5   0.059869
 2800.0   0.059310
 2802.5   0.060100
 2805.0   0.062927
 2807.5   0.068857
 2810.0   0.079994
 2812.5   0.096968
 2815.0   0.113465
 2817.5   0.123414
 2820.0   0.128644
 2822.5   0.132567
 2825.0   0.137018
 2827.5   0.142724
 2830.0   0.147558
 2832.5   0.149128
 2835.0   0.146842
 2837.5   0.140906
 2840.0   0.132913
 2842.5   0.124168
 2845.0   0.113446
 2847.5   0.100076
 2850.0   0.088133
 2852.5   0.082599
 2855.0   0.087334
 2857.5   0.103774
 2860.0   0.124779
 2862.5   0.142427
 2865.0   0.154245
 2867.5   0.159847
 2870.0   0.161761
 2872.5   0.162137
 2875.0   0.158707
 2877.5   0.150123
 2880.0   0.143122
 2882.5   0.144632
 2885.0   0.154251
 2887.5   0.169490
 2890.0   0.186831
 2892.5   0.203662
 2895.0   0.222036
 2897.5   0.243835
 2900.0   0.265604
 2902.5   0.283132
 2905.0   0.294514
 2907.5   0.299012
 2910.0   0.298259
 2912.5   0.293854
 2915.0   0.284907
 2917.5   0.271156
 2920.0   0.257356
 2922.5   0.248637
 2925.0   0.246612
 2927.5   0.250873
 2930.0   0.256434
 2932.5   0.258120
 2935.0   0.254571
 2937.5   0.246381
 2940.0   0.238128
 2942.5   0.234039
 2945.0   0.232933
 2947.5   0.233385
 2950.0   0.238386
 2952.5   0.249908
 2955.0   0.261427
 2957.5   0.265850
 2960.0   0.262299
 2962.5   0.251792
 2965.0   0.236709
 2967.5   0.221186
 2970.0   0.215031
 2972.5   0.224867
 2975.0   0.238911
 2977.5   0.243356
 2980.0   0.234699
 2982.5   0.215388
 2985.0   0.201381
 2987.5   0.205750
 2990.0   0.216512
 2992.5   0.219039
 2995.0   0.213190
 2997.5   0.202704
 3000.0   0.192364
 3002.5   0.186442
 3005.0   0.186111
 3007.5   0.191091
 3010.0   0.198393
 3012.5   0.204332
 3015.0   0.205163
 3017.5   0.199728
 3020.0   0.197293
 3022.5   0.206865
 3025.0   0.225995
 3027.5   0.248711
 3030.0   0.266395
 3032.5   0.272204
 3035.0   0.269042
 3037.5   0.262186
 3040.0   0.256655
 3042.5   0.256295
 3045.0   0.260510
 3047.5   0.266923
 3050.0   0.270472
 3052.5   0.266987
 3055.0   0.258566
 3057.5   0.249197
 3060.0   0.244171
 3062.5   0.247301
 3065.0   0.255186
 3067.5   0.263268
 3070.0   0.269582
 3072.5   0.273354
 3075.0   0.275997
 3077.5   0.278778
 3080.0   0.280212
 3082.5   0.278607
 3085.0   0.274211
 3087.5   0.267670
 3090.0   0.259278
 3092.5   0.250058
 3095.0   0.244303
 3097.5   0.246891
 3100.0   0.261771
 3102.5   0.289845
 3105.0   0.320750
 3107.5   0.342377
 3110.0   0.346896
 3112.5   0.331737
 3115.0   0.311096
 3117.5   0.299850
 3120.0   0.298821
 3122.5   0.305161
 3125.0   0.315384
 3127.5   0.326249
 3130.0   0.336131
 3132.5   0.343803
 3135.0   0.348017
 3137.5   0.346803
 3140.0   0.335313
 3142.5   0.312743
 3145.0   0.297349
 3147.5   0.304513
 3150.0   0.319066
 3152.5   0.321651
 3155.0   0.306723
 3157.5   0.277026
 3160.0   0.254660
 3162.5   0.258917
 3165.0   0.278508
 3167.5   0.297743
 3170.0   0.313909
 3172.5   0.326470
 3175.0   0.330629
 3177.5   0.322944
 3180.0   0.309646
 3182.5   0.298510
 3185.0   0.293801
 3187.5   0.297169
 3190.0   0.303311
 3192.5   0.306242
 3195.0   0.304204
 3197.5   0.297780
 3200.0   0.292702
 3202.5   0.293616
 3205.0   0.295665
 3207.5   0.293389
 3210.0   0.288407
 3212.5   0.283455
 3215.0   0.278643
 3217.5   0.273554
 3220.0   0.268278
 3222.5   0.263165
 3225.0   0.259103
 3227.5   0.257120
 3230.0   0.258282
 3232.5   0.263259
 3235.0   0.271104
 3237.5   0.280469
 3240.0   0.290005
 3242.5   0.298727
 3245.0   0.307088
 3247.5   0.315904
 3250.0   0.325990
 3252.5   0.337835
 3255.0   0.350627
 3257.5   0.363231
 3260.0   0.374511
 3262.5   0.383428
 3265.0   0.389332
 3267.5   0.391672
 3270.0   0.389896
 3272.5   0.384093
 3275.0   0.376917
 3277.5   0.371665
 3280.0   0.371631
 3282.5   0.379013
 3285.0   0.391610
 3287.5   0.406123
 3290.0   0.419253
 3292.5   0.428295
 3295.0   0.432915
 3297.5   0.433375
 3300.0   0.429936
 3302.5   0.423142
 3305.0   0.414669
 3307.5   0.406474
 3310.0   0.400514
 3312.5   0.398105
 3315.0   0.397987
 3317.5   0.398258
 3320.0   0.397016
 3322.5   0.392997
 3325.0   0.387494
 3327.5   0.382437
 3330.0   0.379759
 3332.5   0.380838
 3335.0   0.384837
 3337.5   0.390368
 3340.0   0.396040
 3342.5   0.400628
 3345.0   0.403554
 3347.5   0.404405
 3350.0   0.402766
 3352.5   0.398454
 3355.0   0.392208
 3357.5   0.384997
 3360.0   0.377790
 3362.5   0.371561
 3365.0   0.367303
 3367.5   0.366012
 3370.0   0.368685
 3372.5   0.375809
 3375.0   0.385840
 3377.5   0.396725
 3380.0   0.406412
 3382.5   0.413348
 3385.0   0.417979
 3387.5   0.421253
 3390.0   0.424115
 3392.5   0.427229
 3395.0   0.430126
 3397.5   0.432054
 3400.0   0.432261
 3402.5   0.430365
 3405.0   0.427469
 3407.5   0.425046
 3410.0   0.424571
 3412.5   0.426987
 3415.0   0.431121
 3417.5   0.435271
 3420.0   0.437734
 3422.5   0.437111
 3425.0   0.433214
 3427.5   0.426160
 3430.0   0.416065
 3432.5   0.403428
 3435.0   0.390278
 3437.5   0.379026
 3440.0   0.372082
 3442.5   0.371190
 3445.0   0.375420
 3447.5   0.383175
 3450.0   0.392859
 3452.5   0.402929
 3455.0   0.412058
 3457.5   0.418975
 3460.0   0.422410
 3462.5   0.421573
 3465.0   0.417606
 3467.5   0.412132
 3470.0   0.406777
 3472.5   0.402814
 3475.0   0.400105
 3477.5   0.398164
 3480.0   0.396517
 3482.5   0.394938
 3485.0   0.394176
 3487.5   0.395268
 3490.0   0.399420
 3492.5   0.407375
 3495.0   0.417845
 3497.5   0.429631
 3500.0   0.443906
 3502.5   0.460064
 3505.0   0.468004
 3507.5   0.460706
 3510.0   0.452975
 3512.5   0.458521
 3515.0   0.464855
 3517.5   0.457724
 3520.0   0.442014
 3522.5   0.428165
 3525.0   0.429689
 3527.5   0.454830
 3530.0   0.487678
 3532.5   0.510495
 3535.0   0.522392
 3537.5   0.526903
 3540.0   0.528410
 3542.5   0.530424
 3545.0   0.532130
 3547.5   0.530856
 3550.0   0.520827
 3552.5   0.499174
 3555.0   0.477754
 3557.5   0.466956
 3560.0   0.456572
 3562.5   0.435854
 3565.0   0.412484
 3567.5   0.396819
 3570.0   0.391492
 3572.5   0.394644
 3575.0   0.394166
 3577.5   0.380331
 3580.0   0.363176
 3582.5   0.356040
 3585.0   0.365704
 3587.5   0.394233
 3590.0   0.431383
 3592.5   0.465543
 3595.0   0.491936
 3597.5   0.506608
 3600.0   0.502058
 3602.5   0.475295
 3605.0   0.444913
 3607.5   0.429389
 3610.0   0.425137
 3612.5   0.424318
 3615.0   0.424149
 3617.5   0.427028
 3620.0   0.451029
 3622.5   0.504653
 3625.0   0.542445
 3627.5   0.524197
 3630.0   0.484635
 3632.5   0.467818
 3635.0   0.480196
 3637.5   0.512471
 3640.0   0.529951
 3642.5   0.506403
 3645.0   0.474807
 3647.5   0.474313
 3650.0   0.509522
 3652.5   0.570774
 3655.0   0.625897
 3657.5   0.645659
 3660.0   0.635087
 3662.5   0.609168
 3665.0   0.588457
 3667.5   0.588417
 3670.0   0.598586
 3672.5   0.603611
 3675.0   0.594509
 3677.5   0.568392
 3680.0   0.540397
 3682.5   0.526701
 3685.0   0.529629
 3687.5   0.546848
 3690.0   0.571241
 3692.5   0.596010
 3695.0   0.620410
 3697.5   0.640108
 3700.0   0.630368
 3702.5   0.576073
 3705.0   0.520973
 3707.5   0.510583
 3710.0   0.538600
 3712.5   0.580264
 3715.0   0.588791
 3717.5   0.534647
 3720.0   0.479304
 3722.5   0.483423
 3725.0   0.513412
 3727.5   0.520547
 3730.0   0.489832
 3732.5   0.426601
 3735.0   0.383781
 3737.5   0.403722
 3740.0   0.438882
 3742.5   0.436385
 3745.0   0.411908
 3747.5   0.396826
 3750.0   0.416762
 3752.5   0.480104
 3755.0   0.532040
 3757.5   0.523520
 3760.0   0.491729
 3762.5   0.483819
 3765.0   0.500570
 3767.5   0.531964
 3770.0   0.571179
 3772.5   0.612518
 3775.0   0.651598
 3777.5   0.683369
 3780.0   0.698796
 3782.5   0.690532
 3785.0   0.661979
 3787.5   0.620274
 3790.0   0.576761
 3792.5   0.543104
 3795.0   0.528043
 3797.5   0.537006
 3800.0   0.565098
 3802.5   0.603493
 3805.0   0.637960
 3807.5   0.653790
 3810.0   0.639782
 3812.5   0.592181
 3815.0   0.533520
 3817.5   0.486324
 3820.0   0.446786
 3822.5   0.407820
 3825.0   0.375553
 3827.5   0.356134
 3830.0   0.342589
 3832.5   0.328814
 3835.0   0.325299
 3837.5   0.344552
 3840.0   0.390568
 3842.5   0.458697
 3845.0   0.518216
 3847.5   0.541191
 3850.0   0.536922
 3852.5   0.520993
 3855.0   0.496902
 3857.5   0.470254
 3860.0   0.467175
 3862.5   0.503970
 3865.0   0.537154
 3867.5   0.525913
 3870.0   0.499915
 3872.5   0.495191
 3875.0   0.502732
 3877.5   0.505477
 3880.0   0.499194
 3882.5   0.485372
 3885.0   0.475553
 3887.5   0.482009
 3890.0   0.509875
 3892.5   0.556592
 3895.0   0.595964
 3897.5   0.604785
 3900.0   0.595432
 3902.5   0.587550
 3905.0   0.594276
 3907.5   0.621249
 3910.0   0.650641
 3912.5   0.662619
 3915.0   0.652812
 3917.5   0.622364
 3920.0   0.579023
 3922.5   0.529682
 3925.0   0.471200
 3927.5   0.402115
 3930.0   0.337703
 3932.5   0.295850
 3935.0   0.288152
 3937.5   0.319090
 3940.0   0.370961
 3942.5   0.424770
 3945.0   0.478525
 3947.5   0.532250
 3950.0   0.577042
 3952.5   0.603014
 3955.0   0.605280
 3957.5   0.581533
 3960.0   0.534769
 3962.5   0.472080
 3965.0   0.411635
 3967.5   0.373400
 3970.0   0.373458
 3972.5   0.419708
 3975.0   0.491209
 3977.5   0.563379
 3980.0   0.625900
 3982.5   0.674708
 3985.0   0.716475
 3987.5   0.757576
 3990.0   0.792461
 3992.5   0.814948
 3995.0   0.828249
 3997.5   0.836843
 4000.0   0.840898
 4002.5   0.840927
 4005.0   0.843147
 4007.5   0.852939
 4010.0   0.866640
 4012.5   0.879254
 4015.0   0.889515
 4017.5   0.897278
 4020.0   0.903170
 4022.5   0.906478
 4025.0   0.900373
 4027.5   0.880596
 4030.0   0.859303
 4032.5   0.849449
 4035.0   0.850784
 4037.5   0.857474
 4040.0   0.854548
 4042.5   0.833269
 4045.0   0.818972
 4047.5   0.833943
 4050.0   0.854215
 4052.5   0.852706
 4055.0   0.836134
 4057.5   0.817620
 4060.0   0.802101
 4062.5   0.792211
 4065.0   0.789570
 4067.5   0.794568
 4070.0   0.803693
 4072.5   0.813488
 4075.0   0.824623
 4077.5   0.838911
 4080.0   0.858612
 4082.5   0.884081
 4085.0   0.907607
 4087.5   0.920860
 4090.0   0.921100
 4092.5   0.907227
 4095.0   0.879099
 4097.5   0.840742
 4100.0   0.811903
 4102.5   0.810029
 4105.0   0.827658
 4107.5   0.852414
 4110.0   0.877185
 4112.5   0.896952
 4115.0   0.909794
 4117.5   0.915257
 4120.0   0.915654
 4122.5   0.912973
 4125.0   0.905125
 4127.5   0.891266
 4130.0   0.879607
 4132.5   0.877644
 4135.0   0.880947
 4137.5   0.882997
 4140.0   0.880841
 4142.5   0.874463
 4145.0   0.872019
 4147.5   0.879825
 4150.0   0.888649
 4152.5   0.889649
 4155.0   0.891075
 4157.5   0.901762
 4160.0   0.915795
 4162.5   0.924706
 4165.0   0.924555
 4167.5   0.914023
 4170.0   0.897744
 4172.5   0.881781
 4175.0   0.871970
 4177.5   0.871348
 4180.0   0.871989
 4182.5   0.866432
 4185.0   0.860047
 4187.5   0.859106
 4190.0   0.860672
 4192.5   0.860120
 4195.0   0.855291
 4197.5   0.846990
 4200.0   0.845420
 4202.5   0.859431
 4205.0   0.883052
 4207.5   0.906994
 4210.0   0.923513
 4212.5   0.927887
 4215.0   0.925928
 4217.5   0.922059
 4220.0   0.904599
 4222.5   0.866234
 4225.0   0.833209
 4227.5   0.829855
 4230.0   0.839289
 4232.5   0.840635
 4235.0   0.838246
 4237.5   0.841005
 4240.0   0.850680
 4242.5   0.865180
 4245.0   0.874097
 4247.5   0.869866
 4250.0   0.864624
 4252.5   0.870203
 4255.0   0.877501
 4257.5   0.876320
 4260.0   0.873003
 4262.5   0.873639
 4265.0   0.866747
 4267.5   0.842644
 4270.0   0.816398
 4272.5   0.805246
 4275.0   0.810356
 4277.5   0.826857
 4280.0   0.841793
 4282.5   0.843893
 4285.0   0.836705
 4287.5   0.826056
 4290.0   0.812066
 4292.5   0.792643
 4295.0   0.762555
 4297.5   0.719785
 4300.0   0.678326
 4302.5   0.651696
 4305.0   0.635510
 4307.5   0.626224
 4310.0   0.641548
 4312.5   0.695624
 4315.0   0.767064
 4317.5   0.827778
 4320.0   0.858400
 4322.5   0.852335
 4325.0   0.845344
 4327.5   0.870068
 4330.0   0.904314
 4332.5   0.918096
 4335.0   0.905090
 4337.5   0.870894
 4340.0   0.845142
 4342.5   0.852903
 4345.0   0.876937
 4347.5   0.894986
 4350.0   0.907018
 4352.5   0.918022
 4355.0   0.930861
 4357.5   0.947100
 4360.0   0.965259
 4362.5   0.981857
 4365.0   0.988472
 4367.5   0.978547
 4370.0   0.957937
 4372.5   0.934707
 4375.0   0.913365
 4377.5   0.895347
 4380.0   0.873368
 4382.5   0.843793
 4385.0   0.826303
 4387.5   0.838092
 4390.0   0.863078
 4392.5   0.881917
 4395.0   0.895479
 4397.5   0.907372
 4400.0   0.911942
 4402.5   0.906169
 4405.0   0.906815
 4407.5   0.928093
 4410.0   0.954223
 4412.5   0.967590
 4415.0   0.973239
 4417.5   0.979670
 4420.0   0.986536
 4422.5   0.991700
 4425.0   0.994714
 4427.5   0.995413
 4430.0   0.993066
 4432.5   0.988573
 4435.0   0.989904
 4437.5   1.002671
 4440.0   1.015969
 4442.5   1.018849
 4445.0   1.016689
 4447.5   1.015802
 4450.0   1.009915
 4452.5   0.993047
 4455.0   0.972977
 4457.5   0.959844
 4460.0   0.959453
 4462.5   0.973388
 4465.0   0.990673
 4467.5   1.001430
 4470.0   1.012722
 4472.5   1.031468
 4475.0   1.047064
 4477.5   1.049596
 4480.0   1.049422
 4482.5   1.057555
 4485.0   1.067364
 4487.5   1.070500
 4490.0   1.069397
 4492.5   1.068869
 4495.0   1.072485
 4497.5   1.082550
 4500.0   1.097559
 4502.5   1.114523
 4505.0   1.128323
 4507.5   1.134397
 4510.0   1.132538
 4512.5   1.124443
 4515.0   1.115062
 4517.5   1.107827
 4520.0   1.096836
 4522.5   1.076466
 4525.0   1.051546
 4527.5   1.029504
 4530.0   1.017725
 4532.5   1.021053
 4535.0   1.034218
 4537.5   1.049412
 4540.0   1.058806
 4542.5   1.057210
 4545.0   1.050022
 4547.5   1.044541
 4550.0   1.045099
 4552.5   1.054106
 4555.0   1.069264
 4557.5   1.086377
 4560.0   1.098372
 4562.5   1.100544
 4565.0   1.100526
 4567.5   1.106256
 4570.0   1.114548
 4572.5   1.119754
 4575.0   1.117507
 4577.5   1.105641
 4580.0   1.089501
 4582.5   1.075468
 4585.0   1.066538
 4587.5   1.063607
 4590.0   1.062557
 4592.5   1.059677
 4595.0   1.057895
 4597.5   1.060919
 4600.0   1.068932
 4602.5   1.081005
 4605.0   1.095295
 4607.5   1.109471
 4610.0   1.120164
 4612.5   1.125252
 4615.0   1.128648
 4617.5   1.133987
 4620.0   1.137752
 4622.5   1.136084
 4625.0   1.130914
 4627.5   1.124707
 4630.0   1.116280
 4632.5   1.104639
 4635.0   1.093191
 4637.5   1.085735
 4640.0   1.083234
 4642.5   1.085084
 4645.0   1.087261
 4647.5   1.086123
 4650.0   1.082975
 4652.5   1.080329
 4655.0   1.080570
 4657.5   1.083813
 4660.0   1.081215
 4662.5   1.065703
 4665.0   1.046252
 4667.5   1.034092
 4670.0   1.033437
 4672.5   1.044078
 4675.0   1.055141
 4677.5   1.057127
 4680.0   1.056722
 4682.5   1.061626
 4685.0   1.067424
 4687.5   1.068529
 4690.0   1.066786
 4692.5   1.064492
 4695.0   1.058327
 4697.5   1.045356
 4700.0   1.029810
 4702.5   1.017111
 4705.0   1.010283
 4707.5   1.011001
 4710.0   1.017944
 4712.5   1.029455
 4715.0   1.045520
 4717.5   1.065300
 4720.0   1.083019
 4722.5   1.092493
 4725.0   1.090837
 4727.5   1.078156
 4730.0   1.063209
 4732.5   1.054654
 4735.0   1.052069
 4737.5   1.053588
 4740.0   1.060632
 4742.5   1.073798
 4745.0   1.087114
 4747.5   1.094742
 4750.0   1.097967
 4752.5   1.099291
 4755.0   1.098969
 4757.5   1.095850
 4760.0   1.085411
 4762.5   1.065767
 4765.0   1.048959
 4767.5   1.046747
 4770.0   1.055846
 4772.5   1.069756
 4775.0   1.084164
 4777.5   1.095454
 4780.0   1.100619
 4782.5   1.098598
 4785.0   1.095500
 4787.5   1.097622
 4790.0   1.104860
 4792.5   1.114386
 4795.0   1.118893
 4797.5   1.112950
 4800.0   1.103111
 4802.5   1.097072
 4805.0   1.095107
 4807.5   1.095811
 4810.0   1.098487
 4812.5   1.102299
 4815.0   1.105153
 4817.5   1.105071
 4820.0   1.101800
 4822.5   1.095670
 4825.0   1.087620
 4827.5   1.079078
 4830.0   1.072811
 4832.5   1.070913
 4835.0   1.071438
 4837.5   1.071993
 4840.0   1.072430
 4842.5   1.072737
 4845.0   1.071204
 4847.5   1.065895
 4850.0   1.055670
 4852.5   1.039032
 4855.0   1.012270
 4857.5   0.974625
 4860.0   0.939377
 4862.5   0.920443
 4865.0   0.920268
 4867.5   0.936046
 4870.0   0.955449
 4872.5   0.968132
 4875.0   0.981216
 4877.5   1.002410
 4880.0   1.024300
 4882.5   1.037294
 4885.0   1.038197
 4887.5   1.028628
 4890.0   1.023050
 4892.5   1.034129
 4895.0   1.054501
 4897.5   1.072660
 4900.0   1.080557
 4902.5   1.074562
 4905.0   1.065268
 4907.5   1.063166
 4910.0   1.064105
 4912.5   1.061440
 4915.0   1.053182
 4917.5   1.039767
 4920.0   1.026667
 4922.5   1.020258
 4925.0   1.025497
 4927.5   1.043316
 4930.0   1.059957
 4932.5   1.062617
 4935.0   1.056987
 4937.5   1.052419
 4940.0   1.054401
 4942.5   1.064917
 4945.0   1.075797
 4947.5   1.079331
 4950.0   1.079803
 4952.5   1.081753
 4955.0   1.078751
 4957.5   1.066384
 4960.0   1.059262
 4962.5   1.069983
 4965.0   1.084066
 4967.5   1.085893
 4970.0   1.082386
 4972.5   1.082928
 4975.0   1.084206
 4977.5   1.080127
 4980.0   1.066161
 4982.5   1.042101
 4985.0   1.023451
 4987.5   1.024023
 4990.0   1.035151
 4992.5   1.044076
 4995.0   1.044147
 4997.5   1.032211
 5000.0   1.012990
 5002.5   0.993677
 5005.0   0.983458
 5007.5   0.988095
 5010.0   0.997649
 5012.5   1.001078
 5015.0   0.998632
 5017.5   0.994045
 5020.0   0.993711
 5022.5   1.002035
 5025.0   1.012820
 5027.5   1.019514
 5030.0   1.024769
 5032.5   1.031090
 5035.0   1.031205
 5037.5   1.019276
 5040.0   1.004966
 5042.5   0.999458
 5045.0   1.004493
 5047.5   1.017740
 5050.0   1.030009
 5052.5   1.034101
 5055.0   1.037631
 5057.5   1.048353
 5060.0   1.059769
 5062.5   1.063418
 5065.0   1.057252
 5067.5   1.043045
 5070.0   1.031446
 5072.5   1.030972
 5075.0   1.032719
 5077.5   1.027199
 5080.0   1.019990
 5082.5   1.018906
 5085.0   1.025625
 5087.5   1.039050
 5090.0   1.053122
 5092.5   1.061036
 5095.0   1.057954
 5097.5   1.042948
 5100.0   1.028772
 5102.5   1.026949
 5105.0   1.030398
 5107.5   1.030717
 5110.0   1.032828
 5112.5   1.042280
 5115.0   1.053817
 5117.5   1.060517
 5120.0   1.059601
 5122.5   1.050671
 5125.0   1.038704
 5127.5   1.029038
 5130.0   1.023076
 5132.5   1.020326
 5135.0   1.016650
 5137.5   1.008579
 5140.0   0.998961
 5142.5   0.991706
 5145.0   0.988649
 5147.5   0.990421
 5150.0   0.994916
 5152.5   0.999482
 5155.0   1.002016
 5157.5   1.000072
 5160.0   0.989286
 5162.5   0.965839
 5165.0   0.930022
 5167.5   0.886094
 5170.0   0.850093
 5172.5   0.837408
 5175.0   0.849072
 5177.5   0.877749
 5180.0   0.896991
 5182.5   0.887137
 5185.0   0.874782
 5187.5   0.887719
 5190.0   0.912281
 5192.5   0.929810
 5195.0   0.943136
 5197.5   0.958079
 5200.0   0.970918
 5202.5   0.977189
 5205.0   0.978998
 5207.5   0.980025
 5210.0   0.983675
 5212.5   0.992157
 5215.0   1.003185
 5217.5   1.013359
 5220.0   1.019329
 5222.5   1.018252
 5225.0   1.009254
 5227.5   0.994469
 5230.0   0.986090
 5232.5   0.994306
 5235.0   1.011223
 5237.5   1.026496
 5240.0   1.038044
 5242.5   1.046035
 5245.0   1.051354
 5247.5   1.054601
 5250.0   1.054514
 5252.5   1.050344
 5255.0   1.045251
 5257.5   1.040715
 5260.0   1.027597
 5262.5   0.998335
 5265.0   0.962293
 5267.5   0.932474
 5270.0   0.919521
 5272.5   0.929705
 5275.0   0.954173
 5277.5   0.980903
 5280.0   1.000316
 5282.5   1.007715
 5285.0   1.015481
 5287.5   1.034644
 5290.0   1.053763
 5292.5   1.059421
 5295.0   1.052766
 5297.5   1.039555
 5300.0   1.029413
 5302.5   1.030109
 5305.0   1.038128
 5307.5   1.047682
 5310.0   1.055170
 5312.5   1.058510
 5315.0   1.059500
 5317.5   1.059382
 5320.0   1.053281
 5322.5   1.036676
 5325.0   1.012586
 5327.5   0.987871
 5330.0   0.977226
 5332.5   0.990398
 5335.0   1.009501
 5337.5   1.015908
 5340.0   1.015648
 5342.5   1.018482
 5345.0   1.024449
 5347.5   1.031649
 5350.0   1.040151
 5352.5   1.050170
 5355.0   1.060536
 5357.5   1.068993
 5360.0   1.070339
 5362.5   1.060355
 5365.0   1.041714
 5367.5   1.020165
 5370.0   1.006866
 5372.5   1.010176
 5375.0   1.021857
 5377.5   1.031439
 5380.0   1.036131
 5382.5   1.036278
 5385.0   1.037098
 5387.5   1.041898
 5390.0   1.041470
 5392.5   1.027810
 5395.0   1.010250
 5397.5   0.999056
 5400.0   0.990886
 5402.5   0.980854
 5405.0   0.971512
 5407.5   0.966954
 5410.0   0.970002
 5412.5   0.981621
 5415.0   0.996623
 5417.5   1.009046
 5420.0   1.015995
 5422.5   1.016489
 5425.0   1.014136
 5427.5   1.012598
 5430.0   1.011173
 5432.5   1.009127
 5435.0   1.009963
 5437.5   1.016073
 5440.0   1.021174
 5442.5   1.019385
 5445.0   1.015107
 5447.5   1.014029
 5450.0   1.016702
 5452.5   1.022223
 5455.0   1.028997
 5457.5   1.034872
 5460.0   1.036165
 5462.5   1.030760
 5465.0   1.024334
 5467.5   1.022259
 5470.0   1.020904
 5472.5   1.015667
 5475.0   1.007085
 5477.5   0.998037
 5480.0   0.995648
 5482.5   1.004702
 5485.0   1.016380
 5487.5   1.021444
 5490.0   1.022584
 5492.5   1.024204
 5495.0   1.025631
 5497.5   1.025266
 5500.0   1.022892
 5502.5   1.019136
 5505.0   1.016618
 5507.5   1.017065
 5510.0   1.016639
 5512.5   1.012132
 5515.0   1.008410
 5517.5   1.010512
 5520.0   1.016103
 5522.5   1.020919
 5525.0   1.020360
 5527.5   1.012223
 5530.0   1.004222
 5532.5   1.003759
 5535.0   1.007078
 5537.5   1.008960
 5540.0   1.009486
 5542.5   1.010215
 5545.0   1.013308
 5547.5   1.020121
 5550.0   1.028184
 5552.5   1.034281
 5555.0   1.036036
 5557.5   1.032183
 5560.0   1.025041
 5562.5   1.017126
 5565.0   1.008164
 5567.5   0.997825
 5570.0   0.988359
 5572.5   0.982279
 5575.0   0.980567
 5577.5   0.983115
 5580.0   0.986976
 5582.5   0.988343
 5585.0   0.982803
 5587.5   0.968839
 5590.0   0.957116
 5592.5   0.957362
 5595.0   0.963371
 5597.5   0.966838
 5600.0   0.966984
 5602.5   0.966025
 5605.0   0.970641
 5607.5   0.984989
 5610.0   0.998677
 5612.5   1.000911
 5615.0   0.993835
 5617.5   0.983248
 5620.0   0.976632
 5622.5   0.979197
 5625.0   0.985386
 5627.5   0.989167
 5630.0   0.993390
 5632.5   1.000960
 5635.0   1.006128
 5637.5   1.003677
 5640.0   0.999161
 5642.5   0.998775
 5645.0   1.000518
 5647.5   1.001056
 5650.0   0.999925
 5652.5   0.997060
 5655.0   0.991111
 5657.5   0.981701
 5660.0   0.973625
 5662.5   0.971536
 5665.0   0.974333
 5667.5   0.979457
 5670.0   0.984260
 5672.5   0.986806
 5675.0   0.988102
 5677.5   0.988992
 5680.0   0.986732
 5682.5   0.979100
 5685.0   0.969552
 5687.5   0.962267
 5690.0   0.958650
 5692.5   0.959083
 5695.0   0.962644
 5697.5   0.967763
 5700.0   0.971591
 5702.5   0.971453
 5705.0   0.966654
 5707.5   0.957836
 5710.0   0.949011
 5712.5   0.944746
 5715.0   0.948463
 5717.5   0.961305
 5720.0   0.976436
 5722.5   0.986894
 5725.0   0.993202
 5727.5   0.997228
 5730.0   0.998750
 5732.5   0.997595
 5735.0   0.995889
 5737.5   0.995539
 5740.0   0.995292
 5742.5   0.993464
 5745.0   0.989813
 5747.5   0.984707
 5750.0   0.979508
 5752.5   0.975625
 5755.0   0.973664
 5757.5   0.973709
 5760.0   0.974554
 5762.5   0.975285
 5765.0   0.977460
 5767.5   0.982120
 5770.0   0.985779
 5772.5   0.985391
 5775.0   0.984188
 5777.5   0.985031
 5780.0   0.983016
 5782.5   0.973957
 5785.0   0.964312
 5787.5   0.960919
 5790.0   0.961482
 5792.5   0.962132
 5795.0   0.961836
 5797.5   0.960841
 5800.0   0.961677
 5802.5   0.966137
 5805.0   0.970768
 5807.5   0.972388
 5810.0   0.974140
 5812.5   0.979514
 5815.0   0.987069
 5817.5   0.994338
 5820.0   0.999683
 5822.5   1.001907
 5825.0   1.000751
 5827.5   0.996883
 5830.0   0.993739
 5832.5   0.994294
 5835.0   0.996893
 5837.5   0.999121
 5840.0   1.000137
 5842.5   0.999828
 5845.0   0.999425
 5847.5   0.999672
 5850.0   0.998034
 5852.5   0.992033
 5855.0   0.982698
 5857.5   0.972559
 5860.0   0.966634
 5862.5   0.968666
 5865.0   0.974817
 5867.5   0.980482
 5870.0   0.985563
 5872.5   0.990203
 5875.0   0.991005
 5877.5   0.984824
 5880.0   0.973053
 5882.5   0.957411
 5885.0   0.936378
 5887.5   0.909233
 5890.0   0.881683
 5892.5   0.861001
 5895.0   0.854280
 5897.5   0.866166
 5900.0   0.891685
 5902.5   0.922704
 5905.0   0.948058
 5907.5   0.959402
 5910.0   0.962703
 5912.5   0.965518
 5915.0   0.967457
 5917.5   0.967075
 5920.0   0.966658
 5922.5   0.967984
 5925.0   0.967083
 5927.5   0.960689
 5930.0   0.954111
 5932.5   0.952794
 5935.0   0.954169
 5937.5   0.954655
 5940.0   0.954643
 5942.5   0.954922
 5945.0   0.953910
 5947.5   0.950366
 5950.0   0.946775
 5952.5   0.945676
 5955.0   0.946080
 5957.5   0.946599
 5960.0   0.947762
 5962.5   0.950120
 5965.0   0.952398
 5967.5   0.953357
 5970.0   0.953739
 5972.5   0.954107
 5975.0   0.952320
 5977.5   0.946897
 5980.0   0.941695
 5982.5   0.940543
 5985.0   0.941834
 5987.5   0.943190
 5990.0   0.944600
 5992.5   0.946276
 5995.0   0.946946
 5997.5   0.945462
 6000.0   0.942658
 6002.5   0.939647
 6005.0   0.936677
 6007.5   0.933900
 6010.0   0.931962
 6012.5   0.930954
 6015.0   0.928250
 6017.5   0.922165
 6020.0   0.917488
 6022.5   0.918988
 6025.0   0.924887
 6027.5   0.932477
 6030.0   0.941869
 6032.5   0.952847
 6035.0   0.961056
 6037.5   0.962773
 6040.0   0.960928
 6042.5   0.959285
 6045.0   0.958291
 6047.5   0.957291
 6050.0   0.954535
 6052.5   0.949071
 6055.0   0.944231
 6057.5   0.942974
 6060.0   0.942481
 6062.5   0.939908
 6065.0   0.938100
 6067.5   0.940020
 6070.0   0.943420
 6072.5   0.945161
 6075.0   0.943766
 6077.5   0.939021
 6080.0   0.934119
 6082.5   0.931891
 6085.0   0.930318
 6087.5   0.926868
 6090.0   0.921822
 6092.5   0.916198
 6095.0   0.911159
 6097.5   0.907506
 6100.0   0.904445
 6102.5   0.901709
 6105.0   0.902734
 6107.5   0.910493
 6110.0   0.922403
 6112.5   0.933950
 6115.0   0.938468
 6117.5   0.931602
 6120.0   0.920409
 6122.5   0.913045
 6125.0   0.910654
 6127.5   0.911667
 6130.0   0.910667
 6132.5   0.903344
 6135.0   0.893654
 6137.5   0.887014
 6140.0   0.886410
 6142.5   0.892872
 6145.0   0.902032
 6147.5   0.909097
 6150.0   0.912984
 6152.5   0.913357
 6155.0   0.909168
 6157.5   0.900048
 6160.0   0.889070
 6162.5   0.879787
 6165.0   0.874223
 6167.5   0.873624
 6170.0   0.877639
 6172.5   0.885394
 6175.0   0.895512
 6177.5   0.906287
 6180.0   0.915187
 6182.5   0.919892
 6185.0   0.919759
 6187.5   0.915401
 6190.0   0.910791
 6192.5   0.909857
 6195.0   0.912988
 6197.5   0.918978
 6200.0   0.923786
 6202.5   0.924271
 6205.0   0.923742
 6207.5   0.925368
 6210.0   0.925323
 6212.5   0.919837
 6215.0   0.912369
 6217.5   0.907375
 6220.0   0.906072
 6222.5   0.908069
 6225.0   0.909787
 6227.5   0.908034
 6230.0   0.904350
 6232.5   0.901329
 6235.0   0.901056
 6237.5   0.904053
 6240.0   0.905099
 6242.5   0.899968
 6245.0   0.894153
 6247.5   0.893206
 6250.0   0.893206
 6252.5   0.889712
 6255.0   0.885677
 6257.5   0.884759
 6260.0   0.886051
 6262.5   0.888034
 6265.0   0.891308
 6267.5   0.896365
 6270.0   0.901156
 6272.5   0.903066
 6275.0   0.899750
 6277.5   0.890845
 6280.0   0.883636
 6282.5   0.884813
 6285.0   0.891028
 6287.5   0.897122
 6290.0   0.900743
 6292.5   0.900723
 6295.0   0.897827
 6297.5   0.893390
 6300.0   0.889093
 6302.5   0.886674
 6305.0   0.887745
 6307.5   0.892306
 6310.0   0.894035
 6312.5   0.887445
 6315.0   0.876703
 6317.5   0.868070
 6320.0   0.866534
 6322.5   0.874476
 6325.0   0.885130
 6327.5   0.891343
 6330.0   0.893572
 6332.5   0.893568
 6335.0   0.890646
 6337.5   0.884722
 6340.0   0.880544
 6342.5   0.882141
 6345.0   0.885842
 6347.5   0.887290
 6350.0   0.887078
 6352.5   0.886513
 6355.0   0.884810
 6357.5   0.881266
 6360.0   0.877594
 6362.5   0.875866
 6365.0   0.877174
 6367.5   0.881757
 6370.0   0.887422
 6372.5   0.891780
 6375.0   0.894104
 6377.5   0.894223
 6380.0   0.892545
 6382.5   0.889886
 6385.0   0.888121
 6387.5   0.888664
 6390.0   0.890027
 6392.5   0.890054
 6395.0   0.886817
 6397.5   0.879664
 6400.0   0.872807
 6402.5   0.870106
 6405.0   0.869151
 6407.5   0.866854
 6410.0   0.863673
 6412.5   0.860832
 6415.0   0.859059
 6417.5   0.858748
 6420.0   0.859446
 6422.5   0.860861
 6425.0   0.864185
 6427.5   0.869897
 6430.0   0.874146
 6432.5   0.873457
 6435.0   0.870175
 6437.5   0.867570
 6440.0   0.866781
 6442.5   0.867807
 6445.0   0.868221
 6447.5   0.865853
 6450.0   0.861996
 6452.5   0.858668
 6455.0   0.857338
 6457.5   0.858411
 6460.0   0.858576
 6462.5   0.855309
 6465.0   0.852936
 6467.5   0.855562
 6470.0   0.859553
 6472.5   0.860811
 6475.0   0.861120
 6477.5   0.862680
 6480.0   0.863465
 6482.5   0.861371
 6485.0   0.858218
 6487.5   0.855372
 6490.0   0.848471
 6492.5   0.834526
 6495.0   0.821770
 6497.5   0.819057
 6500.0   0.826512
 6502.5   0.841229
 6505.0   0.856926
 6507.5   0.867898
 6510.0   0.874140
 6512.5   0.877007
 6515.0   0.877585
 6517.5   0.876841
 6520.0   0.875540
 6522.5   0.874192
 6525.0   0.872476
 6527.5   0.870070
 6530.0   0.867472
 6532.5   0.865377
 6535.0   0.864455
 6537.5   0.864881
 6540.0   0.864876
 6542.5   0.862576
 6545.0   0.857731
 6547.5   0.850671
 6550.0   0.842441
 6552.5   0.833092
 6555.0   0.817994
 6557.5   0.792909
 6560.0   0.759838
 6562.5   0.725868
 6565.0   0.712194
 6567.5   0.734343
 6570.0   0.771071
 6572.5   0.798146
 6575.0   0.816145
 6577.5   0.830485
 6580.0   0.841115
 6582.5   0.847159
 6585.0   0.849893
 6587.5   0.850483
 6590.0   0.847488
 6592.5   0.840549
 6595.0   0.836237
 6597.5   0.840173
 6600.0   0.847239
 6602.5   0.851152
 6605.0   0.851696
 6607.5   0.850403
 6610.0   0.849732
 6612.5   0.851570
 6615.0   0.854605
 6617.5   0.856995
 6620.0   0.857984
 6622.5   0.857127
 6625.0   0.854146
 6627.5   0.849029
 6630.0   0.842666
 6632.5   0.836377
 6635.0   0.832312
 6637.5   0.831803
 6640.0   0.832085
 6642.5   0.830544
 6645.0   0.829274
 6647.5   0.830700
 6650.0   0.833869
 6652.5   0.837176
 6655.0   0.839792
 6657.5   0.840990
 6660.0   0.839682
 6662.5   0.835661
 6665.0   0.832606
 6667.5   0.833614
 6670.0   0.835568
 6672.5   0.834677
 6675.0   0.830653
 6677.5   0.824839
 6680.0   0.821589
 6682.5   0.824366
 6685.0   0.830051
 6687.5   0.834617
 6690.0   0.836992
 6692.5   0.837167
 6695.0   0.836440
 6697.5   0.836119
 6700.0   0.836255
 6702.5   0.836281
 6705.0   0.834413
 6707.5   0.829313
 6710.0   0.822638
 6712.5   0.816311
 6715.0   0.810314
 6717.5   0.804783
 6720.0   0.802397
 6722.5   0.805207
 6725.0   0.810217
 6727.5   0.814097
 6730.0   0.817231
 6732.5   0.820556
 6735.0   0.823493
 6737.5   0.825233
 6740.0   0.825562
 6742.5   0.824460
 6745.0   0.822077
 6747.5   0.818817
 6750.0   0.815919
 6752.5   0.814552
 6755.0   0.814757
 6757.5   0.816250
 6760.0   0.818565
 6762.5   0.820953
 6765.0   0.821717
 6767.5   0.819841
 6770.0   0.817980
 6772.5   0.818752
 6775.0   0.820958
 6777.5   0.822677
 6780.0   0.822925
 6782.5   0.821423
 6785.0   0.819767
 6787.5   0.819536
 6790.0   0.820374
 6792.5   0.821488
 6795.0   0.822278
 6797.5   0.822289
 6800.0   0.821460
 6802.5   0.819838
 6805.0   0.817508
 6807.5   0.814740
 6810.0   0.812503
 6812.5   0.811559
 6815.0   0.811154
 6817.5   0.810466
 6820.0   0.809925
 6822.5   0.809870
 6825.0   0.809021
 6827.5   0.806260
 6830.0   0.802739
 6832.5   0.799966
 6835.0   0.798601
 6837.5   0.798678
 6840.0   0.798557
 6842.5   0.796911
 6845.0   0.795328
 6847.5   0.795624
 6850.0   0.797618
 6852.5   0.800686
 6855.0   0.804420
 6857.5   0.808426
 6860.0   0.812145
 6862.5   0.815046
 6865.0   0.816876
 6867.5   0.817511
 6870.0   0.817052
 6872.5   0.815702
 6875.0   0.813846
 6877.5   0.811900
 6880.0   0.810225
 6882.5   0.809120
 6885.0   0.808691
 6887.5   0.808960
 6890.0   0.809792
 6892.5   0.810993
 6895.0   0.812282
 6897.5   0.813371
 6900.0   0.814014
 6902.5   0.814014
 6905.0   0.813304
 6907.5   0.811880
 6910.0   0.809838
 6912.5   0.807339
 6915.0   0.804696
 6917.5   0.802201
 6920.0   0.799922
 6922.5   0.797882
 6925.0   0.796149
 6927.5   0.794780
 6930.0   0.793725
 6932.5   0.792905
 6935.0   0.792215
 6937.5   0.791555
 6940.0   0.790870
 6942.5   0.790141
 6945.0   0.789438
 6947.5   0.788849
 6950.0   0.788449
 6952.5   0.788320
 6955.0   0.788589
 6957.5   0.789330
 6960.0   0.790351
 6962.5   0.791481
 6965.0   0.792889
 6967.5   0.794495
 6970.0   0.794878
 6972.5   0.792490
 6975.0   0.786610
 6977.5   0.778032
 6980.0   0.772784
 6982.5   0.775659
 6985.0   0.781283
 6987.5   0.783587
 6990.0   0.783906
 6992.5   0.784627
 6995.0   0.784956
 6997.5   0.783719
 7000.0   0.781404
 7002.5   0.778942
 7005.0   0.777387
 7007.5   0.777406
 7010.0   0.778004
 7012.5   0.777857
 7015.0   0.775988
 7017.5   0.772016
 7020.0   0.767591
 7022.5   0.764457
 7025.0   0.762701
 7027.5   0.762004
 7030.0   0.762084
 7032.5   0.762636
 7035.0   0.763219
 7037.5   0.763705
 7040.0   0.765363
 7042.5   0.769105
 7045.0   0.773035
 7047.5   0.775170
 7050.0   0.776006
 7052.5   0.776359
 7055.0   0.775849
 7057.5   0.774208
 7060.0   0.772811
 7062.5   0.772907
 7065.0   0.773589
 7067.5   0.774008
 7070.0   0.775691
 7072.5   0.780033
 7075.0   0.785530
 7077.5   0.789878
 7080.0   0.790487
 7082.5   0.785882
 7085.0   0.779346
 7087.5   0.774526
 7090.0   0.771761
 7092.5   0.770637
 7095.0   0.771025
 7097.5   0.772620
 7100.0   0.774118
 7102.5   0.774396
 7105.0   0.774045
 7107.5   0.773913
 7110.0   0.774169
 7112.5   0.774745
 7115.0   0.775313
 7117.5   0.775562
 7120.0   0.775506
 7122.5   0.775287
 7125.0   0.775246
 7127.5   0.775539
 7130.0   0.775392
 7132.5   0.774379
 7135.0   0.774393
 7137.5   0.776925
 7140.0   0.779544
 7142.5   0.779496
 7145.0   0.776670
 7147.5   0.772069
 7150.0   0.768524
 7152.5   0.768561
 7155.0   0.771668
 7157.5   0.776047
 7160.0   0.777810
 7162.5   0.774078
 7165.0   0.768112
 7167.5   0.763905
 7170.0   0.762224
 7172.5   0.762586
 7175.0   0.762712
 7177.5   0.760535
 7180.0   0.756618
 7182.5   0.751823
 7185.0   0.745589
 7187.5   0.738047
 7190.0   0.733533
 7192.5   0.735507
 7195.0   0.739714
 7197.5   0.741048
 7200.0   0.738702
 7202.5   0.733739
 7205.0   0.730401
 7207.5   0.733014
 7210.0   0.743073
 7212.5   0.759563
 7215.0   0.774250
 7217.5   0.779646
 7220.0   0.778473
 7222.5   0.775581
 7225.0   0.774139
 7227.5   0.775331
 7230.0   0.774093
 7232.5   0.766318
 7235.0   0.757995
 7237.5   0.755199
 7240.0   0.754270
 7242.5   0.751222
 7245.0   0.750502
 7247.5   0.755626
 7250.0   0.757951
 7252.5   0.750553
 7255.0   0.745528
 7257.5   0.753710
 7260.0   0.761857
 7262.5   0.756674
 7265.0   0.748726
 7267.5   0.750013
 7270.0   0.754404
 7272.5   0.753286
 7275.0   0.746236
 7277.5   0.736301
 7280.0   0.732212
 7282.5   0.739403
 7285.0   0.744437
 7287.5   0.734809
 7290.0   0.720624
 7292.5   0.714957
 7295.0   0.720154
 7297.5   0.733881
 7300.0   0.745821
 7302.5   0.747049
 7305.0   0.742203
 7307.5   0.738011
 7310.0   0.736005
 7312.5   0.736170
 7315.0   0.737509
 7317.5   0.739128
 7320.0   0.741535
 7322.5   0.744856
 7325.0   0.746298
 7327.5   0.743832
 7330.0   0.741410
 7332.5   0.743095
 7335.0   0.747397
 7337.5   0.751794
 7340.0   0.755181
 7342.5   0.756793
 7345.0   0.755814
 7347.5   0.751944
 7350.0   0.746996
 7352.5   0.742883
 7355.0   0.739803
 7357.5   0.737634
 7360.0   0.736694
 7362.5   0.737115
 7365.0   0.737851
 7367.5   0.738038
 7370.0   0.738711
 7372.5   0.740700
 7375.0   0.742115
 7377.5   0.741063
 7380.0   0.738365
 7382.5   0.734814
 7385.0   0.728381
 7387.5   0.718157
 7390.0   0.710542
 7392.5   0.711432
 7395.0   0.717389
 7397.5   0.723314
 7400.0   0.726805
 7402.5   0.726712
 7405.0   0.724209
 7407.5   0.720817
 7410.0   0.717113
 7412.5   0.713750
 7415.0   0.712633
 7417.5   0.714846
 7420.0   0.716935
 7422.5   0.716027
 7425.0   0.716111
 7427.5   0.720925
 7430.0   0.726346
 7432.5   0.728042
 7435.0   0.728697
 7437.5   0.731047
 7440.0   0.731013
 7442.5   0.724888
 7445.0   0.717266
 7447.5   0.713659
 7450.0   0.714954
 7452.5   0.720282
 7455.0   0.726362
 7457.5   0.729823
 7460.0   0.729347
 7462.5   0.725297
 7465.0   0.722727
 7467.5   0.725699
 7470.0   0.729635
 7472.5   0.729484
 7475.0   0.726952
 7477.5   0.724765
 7480.0   0.722981
 7482.5   0.721335
 7485.0   0.720943
 7487.5   0.722053
 7490.0   0.720048
 7492.5   0.711564
 7495.0   0.703099
 7497.5   0.701632
 7500.0   0.706205
 7502.5   0.713265
 7505.0   0.716820
 7507.5   0.712487
 7510.0   0.704748
 7512.5   0.699650
 7515.0   0.700619
 7517.5   0.708257
 7520.0   0.714478
 7522.5   0.712257
 7525.0   0.707510
 7527.5   0.707028
 7530.0   0.708180
 7532.5   0.707546
 7535.0   0.707987
 7537.5   0.712113
 7540.0   0.715243
 7542.5   0.713005
 7545.0   0.709545
 7547.5   0.709481
 7550.0   0.710797
 7552.5   0.710665
 7555.0   0.709639
 7557.5   0.708837
 7560.0   0.708245
 7562.5   0.707639
 7565.0   0.707095
 7567.5   0.706703
 7570.0   0.706312
 7572.5   0.705761
 7575.0   0.705101
 7577.5   0.704439
 7580.0   0.703893
 7582.5   0.703529
 7585.0   0.703202
 7587.5   0.702766
 7590.0   0.702289
 7592.5   0.701860
 7595.0   0.701450
 7597.5   0.701026
 7600.0   0.700652
 7602.5   0.700380
 7605.0   0.700121
 7607.5   0.699787
 7610.0   0.699426
 7612.5   0.699100
 7615.0   0.698792
 7617.5   0.698471
 7620.0   0.698142
 7622.5   0.697814
 7625.0   0.697486
 7627.5   0.697155
 7630.0   0.696822
 7632.5   0.696488
 7635.0   0.696152
 7637.5   0.695814
 7640.0   0.695475
 7642.5   0.695135
 7645.0   0.694793
 7647.5   0.694450
 7650.0   0.694106
 7652.5   0.693761
 7655.0   0.693416
 7657.5   0.693070
 7660.0   0.692723
 7662.5   0.692374
 7665.0   0.692029
 7667.5   0.691687
 7670.0   0.691312
 7672.5   0.690871
 7675.0   0.690367
 7677.5   0.689820
 7680.0   0.689285
 7682.5   0.688825
 7685.0   0.688498
 7687.5   0.688321
 7690.0   0.688152
 7692.5   0.687847
 7695.0   0.687403
 7697.5   0.686862
 7700.0   0.686317
 7702.5   0.685832
 7705.0   0.685321
 7707.5   0.684708
 7710.0   0.684119
 7712.5   0.683683
 7715.0   0.683338
 7717.5   0.683004
 7720.0   0.682710
 7722.5   0.682452
 7725.0   0.681982
 7727.5   0.681301
 7730.0   0.681636
 7732.5   0.683947
 7735.0   0.686889
 7737.5   0.688722
 7740.0   0.688439
 7742.5   0.685360
 7745.0   0.679381
 7747.5   0.671669
 7750.0   0.667895
 7752.5   0.672425
 7755.0   0.679904
 7757.5   0.684032
 7760.0   0.684459
 7762.5   0.682707
 7765.0   0.681828
 7767.5   0.683748
 7770.0   0.684360
 7772.5   0.679876
 7775.0   0.673832
 7777.5   0.670433
 7780.0   0.669246
 7782.5   0.669130
 7785.0   0.670739
 7787.5   0.674490
 7790.0   0.678057
 7792.5   0.679080
 7795.0   0.677806
 7797.5   0.675103
 7800.0   0.671721
 7802.5   0.668659
 7805.0   0.668026
 7807.5   0.670903
 7810.0   0.673153
 7812.5   0.671358
 7815.0   0.670191
 7817.5   0.674134
 7820.0   0.678823
 7822.5   0.679367
 7825.0   0.677616
 7827.5   0.675901
 7830.0   0.671727
 7832.5   0.663351
 7835.0   0.656857
 7837.5   0.657935
 7840.0   0.662882
 7842.5   0.666532
 7845.0   0.667278
 7847.5   0.665073
 7850.0   0.662566
 7852.5   0.662376
 7855.0   0.664310
 7857.5   0.667231
 7860.0   0.669037
 7862.5   0.668218
 7865.0   0.666608
 7867.5   0.666109
 7870.0   0.665547
 7872.5   0.663759
 7875.0   0.662714
 7877.5   0.664116
 7880.0   0.665490
 7882.5   0.664590
 7885.0   0.664277
 7887.5   0.667223
 7890.0   0.670253
 7892.5   0.669951
 7895.0   0.667791
 7897.5   0.665930
 7900.0   0.664378
 7902.5   0.662835
 7905.0   0.661911
 7907.5   0.661962
 7910.0   0.661423
 7912.5   0.658731
 7915.0   0.654259
 7917.5   0.649211
 7920.0   0.646186
 7922.5   0.647141
 7925.0   0.650077
 7927.5   0.651972
 7930.0   0.649666
 7932.5   0.641733
 7935.0   0.633830
 7937.5   0.631410
 7940.0   0.632017
 7942.5   0.632054
 7945.0   0.631258
 7947.5   0.630763
 7950.0   0.633969
 7952.5   0.642630
 7955.0   0.649657
 7957.5   0.648659
 7960.0   0.644872
 7962.5   0.644587
 7965.0   0.646691
 7967.5   0.648681
 7970.0   0.649905
 7972.5   0.650339
 7975.0   0.650616
 7977.5   0.651206
 7980.0   0.651257
 7982.5   0.649978
 7985.0   0.648143
 7987.5   0.646872
 7990.0   0.647101
 7992.5   0.648735
 7995.0   0.647750
 7997.5   0.641046
 8000.0   0.633141
 8002.5   0.629250
 8005.0   0.629748
 8007.5   0.633402
 8010.0   0.637374
 8012.5   0.639286
 8015.0   0.640206
 8017.5   0.641487
 8020.0   0.642179
 8022.5   0.640882
 8025.0   0.636714
 8027.5   0.630233
 8030.0   0.627239
 8032.5   0.632167
 8035.0   0.638745
 8037.5   0.640246
 8040.0   0.638837
 8042.5   0.637673
 8045.0   0.634958
 8047.5   0.629236
 8050.0   0.625359
 8052.5   0.627724
 8055.0   0.632596
 8057.5   0.635687
 8060.0   0.638638
 8062.5   0.643187
 8065.0   0.645525
 8067.5   0.642294
 8070.0   0.637479
 8072.5   0.635484
 8075.0   0.635032
 8077.5   0.634244
 8080.0   0.634518
 8082.5   0.636869
 8085.0   0.637519
 8087.5   0.633371
 8090.0   0.628856
 8092.5   0.628420
 8095.0   0.629035
 8097.5   0.627393
 8100.0   0.626527
 8102.5   0.629767
 8105.0   0.635287
 8107.5   0.640128
 8110.0   0.641971
 8112.5   0.639984
 8115.0   0.638656
 8117.5   0.641735
 8120.0   0.644688
 8122.5   0.643047
 8125.0   0.640897
 8127.5   0.642214
 8130.0   0.641993
 8132.5   0.635699
 8135.0   0.629665
 8137.5   0.630091
 8140.0   0.631776
 8142.5   0.628903
 8145.0   0.624593
 8147.5   0.622834
 8150.0   0.622149
 8152.5   0.620432
 8155.0   0.618540
 8157.5   0.617187
 8160.0   0.613551
 8162.5   0.605713
 8165.0   0.598897
 8167.5   0.598754
 8170.0   0.605514
 8172.5   0.616357
 8175.0   0.621695
 8177.5   0.614450
 8180.0   0.604342
 8182.5   0.601926
 8185.0   0.604282
 8187.5   0.606219
 8190.0   0.606922
 8192.5   0.606329
 8195.0   0.603007
 8197.5   0.597202
 8200.0   0.597244
 8202.5   0.609637
 8205.0   0.625505
 8207.5   0.634428
 8210.0   0.635198
 8212.5   0.629829
 8215.0   0.624005
 8217.5   0.622212
 8220.0   0.620460
 8222.5   0.613844
 8225.0   0.602265
 8227.5   0.587463
 8230.0   0.573734
 8232.5   0.566717
 8235.0   0.574880
 8237.5   0.601368
 8240.0   0.625204
 8242.5   0.627409
 8245.0   0.621119
 8247.5   0.622505
 8250.0   0.627757
 8252.5   0.629605
 8255.0   0.626914
 8257.5   0.620990
 8260.0   0.616772
 8262.5   0.618344
 8265.0   0.622738
 8267.5   0.625854
 8270.0   0.626126
 8272.5   0.622982
 8275.0   0.617280
 8277.5   0.610656
 8280.0   0.606417
 8282.5   0.606980
 8285.0   0.609543
 8287.5   0.610624
 8290.0   0.609253
 8292.5   0.605732
 8295.0   0.602947
 8297.5   0.603381
 8300.0   0.605324
 8302.5   0.606390
 8305.0   0.605677
 8307.5   0.603089
 8310.0   0.600274
 8312.5   0.598863
 8315.0   0.598676
 8317.5   0.599119
 8320.0   0.599761
 8322.5   0.600136
 8325.0   0.599487
 8327.5   0.597207
 8330.0   0.593589
 8332.5   0.589279
 8335.0   0.585438
 8337.5   0.583556
 8340.0   0.585915
 8342.5   0.593292
 8345.0   0.599654
 8347.5   0.599644
 8350.0   0.597424
 8352.5   0.598025
 8355.0   0.600431
 8357.5   0.602444
 8360.0   0.603189
 8362.5   0.602339
 8365.0   0.600428
 8367.5   0.598503
 8370.0   0.598793
 8372.5   0.602457
 8375.0   0.605182
 8377.5   0.603177
 8380.0   0.600225
 8382.5   0.600235
 8385.0   0.600065
 8387.5   0.596680
 8390.0   0.594525
 8392.5   0.597730
 8395.0   0.601690
 8397.5   0.601352
 8400.0   0.598619
 8402.5   0.596607
 8405.0   0.596329
 8407.5   0.597764
 8410.0   0.598844
 8412.5   0.597823
 8415.0   0.596285
 8417.5   0.595701
 8420.0   0.593763
 8422.5   0.588734
 8425.0   0.584946
 8427.5   0.586455
 8430.0   0.590140
 8432.5   0.591752
 8435.0   0.589717
 8437.5   0.584373
 8440.0   0.581031
 8442.5   0.583949
 8445.0   0.588211
 8447.5   0.588618
 8450.0   0.588027
 8452.5   0.590046
 8455.0   0.593240
 8457.5   0.595256
 8460.0   0.595128
 8462.5   0.592617
 8465.0   0.589015
 8467.5   0.585446
 8470.0   0.580841
 8472.5   0.575022
 8475.0   0.573586
 8477.5   0.580594
 8480.0   0.588200
 8482.5   0.588674
 8485.0   0.586646
 8487.5   0.587586
 8490.0   0.587954
 8492.5   0.582703
 8495.0   0.569764
 8497.5   0.550155
 8500.0   0.534258
 8502.5   0.531932
 8505.0   0.541589
 8507.5   0.557786
 8510.0   0.571121
 8512.5   0.574038
 8515.0   0.570328
 8517.5   0.566008
 8520.0   0.564658
 8522.5   0.567823
 8525.0   0.571350
 8527.5   0.570925
 8530.0   0.567286
 8532.5   0.561504
 8535.0   0.550944
 8537.5   0.532404
 8540.0   0.504130
 8542.5   0.469459
 8545.0   0.450633
 8547.5   0.466008
 8550.0   0.499490
 8552.5   0.529830
 8555.0   0.549597
 8557.5   0.557051
 8560.0   0.559394
 8562.5   0.563794
 8565.0   0.568341
 8567.5   0.569964
 8570.0   0.570014
 8572.5   0.570244
 8575.0   0.569584
 8577.5   0.567099
 8580.0   0.565217
 8582.5   0.566140
 8585.0   0.567813
 8587.5   0.567875
 8590.0   0.566993
 8592.5   0.566186
 8595.0   0.564843
 8597.5   0.562639
 8600.0   0.562026
 8602.5   0.564800
 8605.0   0.567370
 8607.5   0.566220
 8610.0   0.563527
 8612.5   0.562139
 8615.0   0.561887
 8617.5   0.562330
 8620.0   0.564967
 8622.5   0.570312
 8625.0   0.573018
 8627.5   0.569019
 8630.0   0.565244
 8632.5   0.568269
 8635.0   0.572256
 8637.5   0.570912
 8640.0   0.568547
 8642.5   0.569725
 8645.0   0.569415
 8647.5   0.562766
 8650.0   0.555230
 8652.5   0.552461
 8655.0   0.550616
 8657.5   0.543260
 8660.0   0.523078
 8662.5   0.488903
 8665.0   0.465025
 8667.5   0.473175
 8670.0   0.499390
 8672.5   0.524061
 8675.0   0.540699
 8677.5   0.547726
 8680.0   0.550092
 8682.5   0.552723
 8685.0   0.553910
 8687.5   0.551768
 8690.0   0.550348
 8692.5   0.553243
 8695.0   0.556292
 8697.5   0.555474
 8700.0   0.555092
 8702.5   0.559644
 8705.0   0.566094
 8707.5   0.570143
 8710.0   0.569971
 8712.5   0.565588
 8715.0   0.561842
 8717.5   0.563064
 8720.0   0.566665
 8722.5   0.569011
 8725.0   0.569212
 8727.5   0.567097
 8730.0   0.562632
 8732.5   0.556386
 8735.0   0.551202
 8737.5   0.549638
 8740.0   0.550831
 8742.5   0.553140
 8745.0   0.555231
 8747.5   0.555952
 8750.0   0.554566
 8752.5   0.551189
 8755.0   0.548936
 8757.5   0.550387
 8760.0   0.552976
 8762.5   0.553922
 8765.0   0.554739
 8767.5   0.556976
 8770.0   0.558031
 8772.5   0.555557
 8775.0   0.552373
 8777.5   0.551605
 8780.0   0.552451
 8782.5   0.553482
 8785.0   0.554695
 8787.5   0.555919
 8790.0   0.554900
 8792.5   0.550142
 8795.0   0.545267
 8797.5   0.543949
 8800.0   0.544946
 8802.5   0.545522
 8805.0   0.541871
 8807.5   0.532657
 8810.0   0.527502
 8812.5   0.534402
 8815.0   0.543902
 8817.5   0.545662
 8820.0   0.543254
 8822.5   0.542284
 8825.0   0.542592
 8827.5   0.542972
 8830.0   0.543794
 8832.5   0.545456
 8835.0   0.546890
 8837.5   0.547041
 8840.0   0.546368
 8842.5   0.545582
 8845.0   0.544893
 8847.5   0.544392
 8850.0   0.544198
 8852.5   0.544444
 8855.0   0.545287
 8857.5   0.546208
 8860.0   0.543949
 8862.5   0.536286
 8865.0   0.527865
 8867.5   0.523960
 8870.0   0.525485
 8872.5   0.531287
 8875.0   0.536309
 8877.5   0.536573
 8880.0   0.536314
 8882.5   0.539792
 8885.0   0.543154
 8887.5   0.542165
 8890.0   0.539171
 8892.5   0.537521
 8895.0   0.537987
 8897.5   0.540253
 8900.0   0.542233
 8902.5   0.542201
 8905.0   0.541641
 8907.5   0.542252
 8910.0   0.543391
 8912.5   0.543822
 8915.0   0.542283
 8917.5   0.538487
 8920.0   0.536059
 8922.5   0.537851
 8925.0   0.539698
 8927.5   0.537590
 8930.0   0.535160
 8932.5   0.536392
 8935.0   0.539016
 8937.5   0.540210
 8940.0   0.541180
 8942.5   0.543261
 8945.0   0.544271
 8947.5   0.541956
 8950.0   0.537289
 8952.5   0.532352
 8955.0   0.530422
 8957.5   0.533211
 8960.0   0.534966
 8962.5   0.530532
 8965.0   0.524616
 8967.5   0.522599
 8970.0   0.522711
 8972.5   0.522268
 8975.0   0.522097
 8977.5   0.523369
 8980.0   0.525118
 8982.5   0.525174
 8985.0   0.518687
 8987.5   0.503400
 8990.0   0.490093
 8992.5   0.489371
 8995.0   0.498087
 8997.5   0.509214
 9000.0   0.513944
 9002.5   0.506916
 9005.0   0.498350
 9007.5   0.498357
 9010.0   0.501037
 9012.5   0.499181
 9015.0   0.496347
 9017.5   0.496971
 9020.0   0.498220
 9022.5   0.497416
 9025.0   0.499765
 9027.5   0.510021
 9030.0   0.523240
 9032.5   0.533827
 9035.0   0.543270
 9037.5   0.553250
 9040.0   0.559131
 9042.5   0.557057
 9045.0   0.552607
 9047.5   0.551536
 9050.0   0.550876
 9052.5   0.547288
 9055.0   0.544676
 9057.5   0.546135
 9060.0   0.544277
 9062.5   0.532855
 9065.0   0.520671
 9067.5   0.516539
 9070.0   0.514279
 9072.5   0.507089
 9075.0   0.500684
 9077.5   0.501242
 9080.0   0.504272
 9082.5   0.504160
 9085.0   0.501475
 9087.5   0.498229
 9090.0   0.496037
 9092.5   0.496073
 9095.0   0.498141
 9097.5   0.501586
 9100.0   0.505278
 9102.5   0.508095
 9105.0   0.509415
 9107.5   0.509856
 9110.0   0.514484
 9112.5   0.525223
 9115.0   0.526985
 9117.5   0.509323
 9120.0   0.497368
 9122.5   0.513602
 9125.0   0.534331
 9127.5   0.533196
 9130.0   0.519366
 9132.5   0.507810
 9135.0   0.501167
 9137.5   0.499360
 9140.0   0.503780
 9142.5   0.514271
 9145.0   0.523032
 9147.5   0.522470
 9150.0   0.513478
 9152.5   0.499800
 9155.0   0.488104
 9157.5   0.484399
 9160.0   0.489130
 9162.5   0.500149
 9165.0   0.510495
 9167.5   0.513502
 9170.0   0.508494
 9172.5   0.497706
 9175.0   0.489027
 9177.5   0.489307
 9180.0   0.495588
 9182.5   0.503028
 9185.0   0.509046
 9187.5   0.512361
 9190.0   0.514629
 9192.5   0.517411
 9195.0   0.518955
 9197.5   0.517813
 9200.0   0.517064
 9202.5   0.519538
 9205.0   0.522546
 9207.5   0.522870
 9210.0   0.520687
 9212.5   0.517081
 9215.0   0.513364
 9217.5   0.510852
 9220.0   0.510637
 9222.5   0.512915
 9225.0   0.514507
 9227.5   0.512714
 9230.0   0.510125
 9232.5   0.509652
 9235.0   0.510202
 9237.5   0.510074
 9240.0   0.509128
 9242.5   0.507542
 9245.0   0.505207
 9247.5   0.502404
 9250.0   0.501277
 9252.5   0.503300
 9255.0   0.505411
 9257.5   0.504759
 9260.0   0.503873
 9262.5   0.505818
 9265.0   0.510423
 9267.5   0.516434
 9270.0   0.521493
 9272.5   0.523579
 9275.0   0.523118
 9277.5   0.521142
 9280.0   0.518662
 9282.5   0.516501
 9285.0   0.514751
 9287.5   0.513162
 9290.0   0.510855
 9292.5   0.506988
 9295.0   0.501511
 9297.5   0.494734
 9300.0   0.487625
 9302.5   0.481080
 9305.0   0.475038
 9307.5   0.469094
 9310.0   0.462424
 9312.5   0.454417
 9315.0   0.445733
 9317.5   0.437754
 9320.0   0.433479
 9322.5   0.435488
 9325.0   0.443072
 9327.5   0.453819
 9330.0   0.461798
 9332.5   0.462293
 9335.0   0.458952
 9337.5   0.455861
 9340.0   0.450476
 9342.5   0.441355
 9345.0   0.438092
 9347.5   0.448458
 9350.0   0.461897
 9352.5   0.465910
 9355.0   0.458567
 9357.5   0.443939
 9360.0   0.439534
 9362.5   0.457465
 9365.0   0.474833
 9367.5   0.469399
 9370.0   0.456578
 9372.5   0.455483
 9375.0   0.462370
 9377.5   0.469275
 9380.0   0.474200
 9382.5   0.477653
 9385.0   0.484199
 9387.5   0.497955
 9390.0   0.517184
 9392.5   0.537632
 9395.0   0.550843
 9397.5   0.550415
 9400.0   0.542376
 9402.5   0.534084
 9405.0   0.525773
 9407.5   0.516452
 9410.0   0.507344
 9412.5   0.499704
 9415.0   0.492695
 9417.5   0.485897
 9420.0   0.482646
 9422.5   0.484167
 9425.0   0.479477
 9427.5   0.460733
 9430.0   0.444857
 9432.5   0.447998
 9435.0   0.458441
 9437.5   0.460575
 9440.0   0.451072
 9442.5   0.433659
 9445.0   0.428005
 9447.5   0.448709
 9450.0   0.474137
 9452.5   0.480761
 9455.0   0.473717
 9457.5   0.464345
 9460.0   0.460147
 9462.5   0.465133
 9465.0   0.473203
 9467.5   0.477760
 9470.0   0.480345
 9472.5   0.483152
 9475.0   0.482840
 9477.5   0.476538
 9480.0   0.468783
 9482.5   0.465261
 9485.0   0.468837
 9487.5   0.479205
 9490.0   0.486190
 9492.5   0.480692
 9495.0   0.467784
 9497.5   0.455194
 9500.0   0.447111
 9502.5   0.446789
 9505.0   0.457290
 9507.5   0.478358
 9510.0   0.496645
 9512.5   0.499826
 9515.0   0.492748
 9517.5   0.483493
 9520.0   0.475900
 9522.5   0.471799
 9525.0   0.469232
 9527.5   0.466850
 9530.0   0.469546
 9532.5   0.480515
 9535.0   0.489931
 9537.5   0.488285
 9540.0   0.480360
 9542.5   0.473327
 9545.0   0.469627
 9547.5   0.469671
 9550.0   0.470467
 9552.5   0.468953
 9555.0   0.465178
 9557.5   0.460480
 9560.0   0.458243
 9562.5   0.460748
 9565.0   0.463820
 9567.5   0.463668
 9570.0   0.464510
 9572.5   0.470425
 9575.0   0.476940
 9577.5   0.478746
 9580.0   0.475733
 9582.5   0.469892
 9585.0   0.466434
 9587.5   0.468737
 9590.0   0.469648
 9592.5   0.463132
 9595.0   0.458165
 9597.5   0.463538
 9600.0   0.472278
 9602.5   0.476018
 9605.0   0.476570
 9607.5   0.477547
 9610.0   0.479595
 9612.5   0.482135
 9615.0   0.482668
 9617.5   0.479226
 9620.0   0.473898
 9622.5   0.469143
 9625.0   0.464848
 9627.5   0.461321
 9630.0   0.463136
 9632.5   0.472668
 9635.0   0.479230
 9637.5   0.473607
 9640.0   0.465542
 9642.5   0.465617
 9645.0   0.468815
 9647.5   0.468700
 9650.0   0.468752
 9652.5   0.472758
 9655.0   0.475827
 9657.5   0.473106
 9660.0   0.468576
 9662.5   0.466953
 9665.0   0.467056
 9667.5   0.467167
 9670.0   0.469302
 9672.5   0.475219
 9675.0   0.481907
 9677.5   0.485875
 9680.0   0.486478
 9682.5   0.484369
 9685.0   0.482560
 9687.5   0.483474
 9690.0   0.484830
 9692.5   0.484056
 9695.0   0.482115
 9697.5   0.480459
 9700.0   0.478946
 9702.5   0.477535
 9705.0   0.478170
 9707.5   0.481987
 9710.0   0.484899
 9712.5   0.482965
 9715.0   0.478058
 9717.5   0.473042
 9720.0   0.468918
 9722.5   0.466065
 9725.0   0.464233
 9727.5   0.462928
 9730.0   0.461304
 9732.5   0.458824
 9735.0   0.456525
 9737.5   0.455545
 9740.0   0.455850
 9742.5   0.457222
 9745.0   0.459866
 9747.5   0.463470
 9750.0   0.465210
 9752.5   0.462925
 9755.0   0.459608
 9757.5   0.458485
 9760.0   0.458574
 9762.5   0.458479
 9765.0   0.459363
 9767.5   0.462478
 9770.0   0.466876
 9772.5   0.470951
 9775.0   0.472656
 9777.5   0.470368
 9780.0   0.464603
 9782.5   0.457057
 9785.0   0.451999
 9787.5   0.452977
 9790.0   0.458093
 9792.5   0.463795
 9795.0   0.465359
 9797.5   0.460068
 9800.0   0.454391
 9802.5   0.454996
 9805.0   0.460156
 9807.5   0.466300
 9810.0   0.470872
 9812.5   0.472048
 9815.0   0.469913
 9817.5   0.465329
 9820.0   0.460344
 9822.5   0.457142
 9825.0   0.457249
 9827.5   0.461143
 9830.0   0.465758
 9832.5   0.467800
 9835.0   0.466590
 9837.5   0.462962
 9840.0   0.461172
 9842.5   0.464248
 9845.0   0.466865
 9847.5   0.463718
 9850.0   0.457917
 9852.5   0.454321
 9855.0   0.456355
 9857.5   0.464785
 9860.0   0.471173
 9862.5   0.467970
 9865.0   0.460398
 9867.5   0.455068
 9870.0   0.451389
 9872.5   0.448133
 9875.0   0.448715
 9877.5   0.455264
 9880.0   0.460118
 9882.5   0.456431
 9885.0   0.450408
 9887.5   0.449210
 9890.0   0.450774
 9892.5   0.451688
 9895.0   0.452374
 9897.5   0.454165
 9900.0   0.458200
 9902.5   0.464117
 9905.0   0.465742
 9907.5   0.458401
 9910.0   0.449234
 9912.5   0.445946
 9915.0   0.446683
 9917.5   0.447891
 9920.0   0.448785
 9922.5   0.449507
 9925.0   0.451152
 9927.5   0.454337
 9930.0   0.456819
 9932.5   0.456202
 9935.0   0.452330
 9937.5   0.446354
 9940.0   0.442409
 9942.5   0.444230
 9945.0   0.450958
 9947.5   0.459764
 9950.0   0.464527
 9952.5   0.460869
 9955.0   0.454676
 9957.5   0.452530
 9960.0   0.453537
 9962.5   0.455390
 9965.0   0.457605
 9967.5   0.459561
 9970.0   0.458258
 9972.5   0.451796
 9975.0   0.445064
 9977.5   0.443058
 9980.0   0.444409
 9982.5   0.446703
 9985.0   0.449714
 9987.5   0.453168
 9990.0   0.454418
 9992.5   0.451997
 9995.0   0.451537
 9997.5   0.457365
10000.0   0.461475
10002.5   0.456363
10005.0   0.448861
10007.5   0.446939
10010.0   0.448782
10012.5   0.451437
10015.0   0.457195
10017.5   0.466292
10020.0   0.465492
10022.5   0.445543
10025.0   0.426595
10027.5   0.428833
10030.0   0.443174
10032.5   0.455334
10035.0   0.459507
10037.5   0.454059
10040.0   0.445583
10042.5   0.440289
10045.0   0.434642
10047.5   0.425553
10050.0   0.421480
10052.5   0.429193
10055.0   0.437176
10057.5   0.434282
10060.0   0.429118
10062.5   0.431356
10065.0   0.435156
10067.5   0.433602
10070.0   0.430976
10072.5   0.432451
10075.0   0.435551
10077.5   0.437297
10080.0   0.440331
10082.5   0.446846
10085.0   0.451618
10087.5   0.449642
10090.0   0.444224
10092.5   0.439116
10095.0   0.431561
10097.5   0.420698
10100.0   0.419774
10102.5   0.438131
10105.0   0.455379
10107.5   0.450857
10110.0   0.432543
10112.5   0.414859
10115.0   0.409353
10117.5   0.421536
10120.0   0.435648
10122.5   0.436931
10125.0   0.435898
10127.5   0.443927
10130.0   0.450596
10132.5   0.444836
10135.0   0.434805
10137.5   0.430499
10140.0   0.430043
10142.5   0.429788
10145.0   0.430866
10147.5   0.434213
10150.0   0.435193
10152.5   0.430242
10155.0   0.425656
10157.5   0.426785
10160.0   0.425336
10162.5   0.414473
10165.0   0.406843
10167.5   0.414630
10170.0   0.428673
10172.5   0.437081
10175.0   0.438379
10177.5   0.434436
10180.0   0.430083
10182.5   0.429383
10185.0   0.430360
10187.5   0.430271
10190.0   0.429337
10192.5   0.428319
10195.0   0.427186
10197.5   0.425759
10200.0   0.424074
10202.5   0.422216
10205.0   0.420253
10207.5   0.418254
10210.0   0.416301
10212.5   0.414482
10215.0   0.412878
10217.5   0.411570
10220.0   0.410642
10222.5   0.410148
10225.0   0.410035
10227.5   0.410220
10230.0   0.410621
10232.5   0.411157
10235.0   0.411747
10237.5   0.412308
10240.0   0.412758
10242.5   0.413040
10245.0   0.413189
10247.5   0.413263
10250.0   0.413321
10252.5   0.413422
10255.0   0.413624
10257.5   0.413987
10260.0   0.414570
10262.5   0.415402
10265.0   0.416406
10267.5   0.417474
10270.0   0.418501
10272.5   0.419379
10275.0   0.420001
10277.5   0.420260
10280.0   0.420054
10282.5   0.419321
10285.0   0.418142
10287.5   0.416658
10290.0   0.415091
10292.5   0.413607
10295.0   0.412065
10297.5   0.410535
10300.0   0.410225
10302.5   0.411978
10305.0   0.414041
10307.5   0.414636
10310.0   0.414490
10312.5   0.414653
10315.0   0.414974
10317.5   0.415080
10320.0   0.414923
10322.5   0.414537
10325.0   0.413976
10327.5   0.413302
10330.0   0.412602
10332.5   0.411967
10335.0   0.411480
10337.5   0.411225
10340.0   0.411287
10342.5   0.411720
10345.0   0.412457
10347.5   0.413398
10350.0   0.414446
10352.5   0.415502
10355.0   0.416467
10357.5   0.417243
10360.0   0.417731
10362.5   0.417860
10365.0   0.417659
10367.5   0.417185
10370.0   0.416495
10372.5   0.415646
10375.0   0.414693
10377.5   0.413693
10380.0   0.412704
10382.5   0.411772
10385.0   0.410906
10387.5   0.410104
10390.0   0.409364
10392.5   0.408686
10395.0   0.408070
10397.5   0.407513
10400.0   0.407015
10402.5   0.406573
10405.0   0.406188
10407.5   0.405861
10410.0   0.405591
10412.5   0.405379
10415.0   0.405225
10417.5   0.405128
10420.0   0.405089
10422.5   0.405107
10425.0   0.405173
10427.5   0.405278
10430.0   0.405413
10432.5   0.405568
10435.0   0.405734
10437.5   0.405901
10440.0   0.406059
10442.5   0.406202
10445.0   0.406328
10447.5   0.406437
10450.0   0.406529
10452.5   0.406605
10455.0   0.406665
10457.5   0.406710
10460.0   0.406740
10462.5   0.406755
10465.0   0.406745
10467.5   0.406701
10470.0   0.406613
10472.5   0.406472
10475.0   0.406268
10477.5   0.405992
10480.0   0.405633
10482.5   0.405186
10485.0   0.404662
10487.5   0.404075
10490.0   0.403440
10492.5   0.402772
10495.0   0.402086
10497.5   0.401396
10500.0   0.400717
10502.5   0.400063
10505.0   0.399440
10507.5   0.398853
10510.0   0.398307
10512.5   0.397808
10515.0   0.397361
10517.5   0.396971
10520.0   0.396644
10522.5   0.396380
10525.0   0.396165
10527.5   0.395981
10530.0   0.395809
10532.5   0.395632
10535.0   0.395432
10537.5   0.395190
10540.0   0.394888
10542.5   0.394516
10545.0   0.394097
10547.5   0.393662
10550.0   0.393242
10552.5   0.392868
10555.0   0.392570
10557.5   0.392381
10560.0   0.392331
10562.5   0.392440
10565.0   0.392679
10567.5   0.393008
10570.0   0.393388
10572.5   0.393778
10575.0   0.394138
10577.5   0.394429
10580.0   0.394610
10582.5   0.394652
10585.0   0.394570
10587.5   0.394388
10590.0   0.394132
10592.5   0.393826
10595.0   0.393495
10597.5   0.393165
10600.0   0.392859
10602.5   0.392595
10605.0   0.392380
10607.5   0.392212
10610.0   0.392052
10612.5   0.391885
10615.0   0.391824
10617.5   0.391894
10620.0   0.391645
10622.5   0.390743
10625.0   0.389799
10627.5   0.389434
10630.0   0.389364
10632.5   0.389185
10635.0   0.388928
10637.5   0.388700
10640.0   0.388493
10642.5   0.388278
10645.0   0.388058
10647.5   0.387839
10650.0   0.387622
10652.5   0.387405
10655.0   0.387187
10657.5   0.386969
10660.0   0.386752
10662.5   0.386535
10665.0   0.386317
10667.5   0.386100
10670.0   0.385882
10672.5   0.385664
10675.0   0.385447
10677.5   0.385230
10680.0   0.385013
10682.5   0.384796
10685.0   0.384578
10687.5   0.384360
10690.0   0.384143
10692.5   0.383926
10695.0   0.383709
10697.5   0.383492
10700.0   0.383274
10702.5   0.383057
10705.0   0.382840
10707.5   0.382623
10710.0   0.382406
10712.5   0.382188
10715.0   0.381971
10717.5   0.381754
10720.0   0.381537
10722.5   0.381320
10725.0   0.381103
10727.5   0.380886
10730.0   0.380670
10732.5   0.380453
10735.0   0.380236
10737.5   0.380019
10740.0   0.379802
10742.5   0.379586
10745.0   0.379369
10747.5   0.379152
10750.0   0.378935
10752.5   0.378718
10755.0   0.378502
10757.5   0.378286
10760.0   0.378069
10762.5   0.377852
10765.0   0.377635
10767.5   0.377418
10770.0   0.377202
10772.5   0.376986
10775.0   0.376770
10777.5   0.376554
10780.0   0.376337
10782.5   0.376120
10785.0   0.375904
10787.5   0.375688
10790.0   0.375472
10792.5   0.375256
10795.0   0.375039
10797.5   0.374823
10800.0   0.374607
10802.5   0.374391
10805.0   0.374175
10807.5   0.373959
10810.0   0.373743
10812.5   0.373527
10815.0   0.373311
10817.5   0.373095
10820.0   0.372879
10822.5   0.372663
10825.0   0.372447
10827.5   0.372232
10830.0   0.372016
10832.5   0.371800
10835.0   0.371584
10837.5   0.371368
10840.0   0.371153
10842.5   0.370938
10845.0   0.370722
10847.5   0.370506
10850.0   0.370291
10852.5   0.370076
10855.0   0.369860
10857.5   0.369644
10860.0   0.369429
10862.5   0.369214
10865.0   0.368999
10867.5   0.368784
10870.0   0.368568
10872.5   0.368353
10875.0   0.368138
10877.5   0.367923
10880.0   0.367708
10882.5   0.367493
10885.0   0.367278
10887.5   0.367063
10890.0   0.366848
10892.5   0.366633
10895.0   0.366418
10897.5   0.366204
10900.0   0.365989
10902.5   0.365774
10905.0   0.365559
10907.5   0.365344
10910.0   0.365130
10912.5   0.364916
10915.0   0.364701
10917.5   0.364486
10920.0   0.364272
10922.5   0.364058
10925.0   0.363844
10927.5   0.363629
10930.0   0.363415
10932.5   0.363201
10935.0   0.362987
10937.5   0.362773
10940.0   0.362558
10942.5   0.362344
10945.0   0.362130
10947.5   0.361917
10950.0   0.361703
10952.5   0.361489
10955.0   0.361275
10957.5   0.361061
10960.0   0.360847
10962.5   0.360633
10965.0   0.360420
10967.5   0.360207
10970.0   0.359993
10972.5   0.359780
10975.0   0.359566
10977.5   0.359352
10980.0   0.359139
10982.5   0.358926
10985.0   0.358713
10987.5   0.358500
10990.0   0.358286
10992.5   0.358073
10995.0   0.357860
10997.5   0.357647
11000.0   0.357434
11002.5   0.357221
11005.0   0.357008
11007.5   0.356795
11010.0   0.356582
11012.5   0.356369
11015.0   0.356157
11017.5   0.355945
11020.0   0.355732
11022.5   0.355520
11025.0   0.355307
11027.5   0.355095
11030.0   0.354882
11032.5   0.354669
11035.0   0.354457
11037.5   0.354245
11040.0   0.354033
11042.5   0.353821
11045.0   0.353608
11047.5   0.353396
11050.0   0.353184
11052.5   0.352973
11055.0   0.352761
11057.5   0.352549
11060.0   0.352337
11062.5   0.352125
11065.0   0.351914
11067.5   0.351702
11070.0   0.351490
11072.5   0.351278
11075.0   0.351067
11077.5   0.350856
11080.0   0.350645
11082.5   0.350433
11085.0   0.350222
11087.5   0.350011
11090.0   0.349800
11092.5   0.349589
11095.0   0.349378
11097.5   0.349167
11100.0   0.348956
11102.5   0.348745
11105.0   0.348534
11107.5   0.348323
11110.0   0.348113
11112.5   0.347903
11115.0   0.347692
11117.5   0.347481
11120.0   0.347271
11122.5   0.347061
11125.0   0.346850
11127.5   0.346639
11130.0   0.346429
11132.5   0.346219
11135.0   0.346009
11137.5   0.345799
11140.0   0.345589
11142.5   0.345379
11145.0   0.345169
11147.5   0.344959
11150.0   0.344750
11152.5   0.344541
11155.0   0.344331
11157.5   0.344121
11160.0   0.343912
11162.5   0.343703
11165.0   0.343493
11167.5   0.343283
11170.0   0.343074
11172.5   0.342865
11175.0   0.342656
11177.5   0.342447
11180.0   0.342238
11182.5   0.342029
11185.0   0.341820
11187.5   0.341612
11190.0   0.341403
11192.5   0.341194
11195.0   0.340985
11197.5   0.340776
11200.0   0.340568
11202.5   0.340360
11205.0   0.340152
11207.5   0.339944
11210.0   0.339735
11212.5   0.339527
11215.0   0.339319
11217.5   0.339111
11220.0   0.338903
11222.5   0.338695
11225.0   0.338487
11227.5   0.338279
11230.0   0.338072
11232.5   0.337865
11235.0   0.337657
11237.5   0.337450
11240.0   0.337242
11242.5   0.337034
11245.0   0.336827
11247.5   0.336620
11250.0   0.336413
11252.5   0.336206
11255.0   0.335999
11257.5   0.335792
11260.0   0.335585
11262.5   0.335378
11265.0   0.335172
11267.5   0.334965
11270.0   0.334758
11272.5   0.334551
11275.0   0.334345
11277.5   0.334139
11280.0   0.333933
11282.5   0.333727
11285.0   0.333520
11287.5   0.333314
11290.0   0.333108
11292.5   0.332903
11295.0   0.332697
11297.5   0.332491
11300.0   0.332285
11302.5   0.332079
11305.0   0.331874
11307.5   0.331668
11310.0   0.331463
11312.5   0.331258
11315.0   0.331053
11317.5   0.330848
11320.0   0.330642
11322.5   0.330437
11325.0   0.330232
11327.5   0.330028
11330.0   0.329823
11332.5   0.329618
11335.0   0.329413
11337.5   0.329208
11340.0   0.329004
11342.5   0.328799
11345.0   0.328595
11347.5   0.328391
11350.0   0.328187
11352.5   0.327983
11355.0   0.327779
11357.5   0.327575
11360.0   0.327371
11362.5   0.327168
11365.0   0.326964
11367.5   0.326760
11370.0   0.326556
11372.5   0.326352
11375.0   0.326149
11377.5   0.325946
11380.0   0.325743
11382.5   0.325540
11385.0   0.325337
11387.5   0.325134
11390.0   0.324931
11392.5   0.324728
11395.0   0.324525
11397.5   0.324322
11400.0   0.324120
11402.5   0.323918
11405.0   0.323715
11407.5   0.323512
11410.0   0.323310
11412.5   0.323108
11415.0   0.322906
11417.5   0.322704
11420.0   0.322502
11422.5   0.322300
11425.0   0.322099
11427.5   0.321898
11430.0   0.321696
11432.5   0.321495
11435.0   0.321293
11437.5   0.321091
11440.0   0.320890
11442.5   0.320689
11445.0   0.320488
11447.5   0.320287
11450.0   0.320086
11452.5   0.319885
11455.0   0.319684
11457.5   0.319483
11460.0   0.319283
11462.5   0.319082
11465.0   0.318882
11467.5   0.318682
11470.0   0.318482
11472.5   0.318282
11475.0   0.318082
11477.5   0.317882
11480.0   0.317682
11482.5   0.317482
11485.0   0.317283
11487.5   0.317084
11490.0   0.316884
11492.5   0.316684
11495.0   0.316485
11497.5   0.316286
11500.0   0.316087
11502.5   0.315888
11505.0   0.315689
11507.5   0.315490
11510.0   0.315291
11512.5   0.315092
11515.0   0.314894
11517.5   0.314696
11520.0   0.314497
11522.5   0.314298
11525.0   0.314100
11527.5   0.313902
11530.0   0.313704
11532.5   0.313507
11535.0   0.313309
11537.5   0.313111
11540.0   0.312913
11542.5   0.312715
11545.0   0.312518
11547.5   0.312320
11550.0   0.312123
11552.5   0.311926
11555.0   0.311729
11557.5   0.311532
11560.0   0.311335
11562.5   0.311138
11565.0   0.310942
11567.5   0.310746
11570.0   0.310549
11572.5   0.310352
11575.0   0.310156
11577.5   0.309960
11580.0   0.309764
11582.5   0.309568
11585.0   0.309372
11587.5   0.309176
11590.0   0.308980
11592.5   0.308784
11595.0   0.308589
11597.5   0.308394
11600.0   0.308199
11602.5   0.308004
11605.0   0.307808
11607.5   0.307613
11610.0   0.307418
11612.5   0.307223
11615.0   0.307029
11617.5   0.306835
11620.0   0.306640
11622.5   0.306445
11625.0   0.306251
11627.5   0.306057
11630.0   0.305863
11632.5   0.305669
11635.0   0.305475
11637.5   0.305281
11640.0   0.305087
11642.5   0.304893
11645.0   0.304700
11647.5   0.304506
11650.0   0.304313
11652.5   0.304120
11655.0   0.303927
11657.5   0.303734
11660.0   0.303541
11662.5   0.303348
11665.0   0.303156
11667.5   0.302964
11670.0   0.302771
11672.5   0.302578
11675.0   0.302386
11677.5   0.302194
11680.0   0.302002
11682.5   0.301810
11685.0   0.301618
11687.5   0.301426
11690.0   0.301235
11692.5   0.301043
11695.0   0.300852
11697.5   0.300661
11700.0   0.300470
11702.5   0.300279
11705.0   0.300088
11707.5   0.299897
11710.0   0.299706
11712.5   0.299515
11715.0   0.299325
11717.5   0.299134
11720.0   0.298944
11722.5   0.298754
11725.0   0.298564
11727.5   0.298374
11730.0   0.298184
11732.5   0.297994
11735.0   0.297805
11737.5   0.297616
11740.0   0.297426
11742.5   0.297236
11745.0   0.297047
11747.5   0.296858
11750.0   0.296669
11752.5   0.296481
11755.0   0.296292
11757.5   0.296103
11760.0   0.295914
11762.5   0.295726
11765.0   0.295538
11767.5   0.295349
11770.0   0.295161
11772.5   0.294973
11775.0   0.294786
11777.5   0.294598
11780.0   0.294410
11782.5   0.294222
11785.0   0.294035
11787.5   0.293848
11790.0   0.293661
11792.5   0.293474
11795.0   0.293287
11797.5   0.293100
11800.0   0.292914
11802.5   0.292728
11805.0   0.292541
11807.5   0.292354
11810.0   0.292168
11812.5   0.291982
11815.0   0.291796
11817.5   0.291610
11820.0   0.291424
11822.5   0.291238
11825.0   0.291053
11827.5   0.290868
11830.0   0.290683
11832.5   0.290497
11835.0   0.290312
11837.5   0.290127
11840.0   0.289943
11842.5   0.289758
11845.0   0.289573
11847.5   0.289389
11850.0   0.289205
11852.5   0.289020
11855.0   0.288836
11857.5   0.288652
11860.0   0.288469
11862.5   0.288285
11865.0   0.288101
11867.5   0.287918
11870.0   0.287735
11872.5   0.287551
11875.0   0.287368
11877.5   0.287185
11880.0   0.287003
11882.5   0.286820
11885.0   0.286637
11887.5   0.286454
11890.0   0.286272
11892.5   0.286090
11895.0   0.285908
11897.5   0.285726
11900.0   0.285544
11902.5   0.285362
11905.0   0.285181
11907.5   0.284999
11910.0   0.284818
11912.5   0.284637
11915.0   0.284456
11917.5   0.284275
11920.0   0.284094
11922.5   0.283913
11925.0   0.283733
11927.5   0.283552
11930.0   0.283372
11932.5   0.283192
11935.0   0.283012
11937.5   0.282832
11940.0   0.282652
11942.5   0.282472
11945.0   0.282293
11947.5   0.282113
11950.0   0.281934
11952.5   0.281755
11955.0   0.281576
11957.5   0.281397
11960.0   0.281218
11962.5   0.281039
11965.0   0.280861
11967.5   0.280682
11970.0   0.280504
11972.5   0.280326
11975.0   0.280148
11977.5   0.279970
11980.0   0.279792
11982.5   0.279614
11985.0   0.279437
11987.5   0.279260
11990.0   0.279083
11992.5   0.278906
11995.0   0.278729
11997.5   0.278552
12000.0   0.278375
12002.5   0.278198
12005.0   0.278022
12007.5   0.277846
12010.0   0.277670
12012.5   0.277494
12015.0   0.277318
12017.5   0.277142
12020.0   0.276966
12022.5   0.276791
12025.0   0.276616
12027.5   0.276440
12030.0   0.276265
12032.5   0.276090
12035.0   0.275916
12037.5   0.275742
12040.0   0.275567
12042.5   0.275392
12045.0   0.275218
12047.5   0.275044
12050.0   0.274870
12052.5   0.274696
12055.0   0.274522
12057.5   0.274348
12060.0   0.274175
12062.5   0.274002
12065.0   0.273829
12067.5   0.273656
12070.0   0.273483
12072.5   0.273310
12075.0   0.273138
12077.5   0.272965
12080.0   0.272793
12082.5   0.272621
12085.0   0.272449
12087.5   0.272277
12090.0   0.272105
12092.5   0.271933
12095.0   0.271762
12097.5   0.271591
12100.0   0.271420
12102.5   0.271249
12105.0   0.271078
12107.5   0.270907
12110.0   0.270737
12112.5   0.270566
12115.0   0.270396
12117.5   0.270226
12120.0   0.270056
12122.5   0.269886
12125.0   0.269716
12127.5   0.269546
12130.0   0.269377
12132.5   0.269208
12135.0   0.269039
12137.5   0.268870
12140.0   0.268701
12142.5   0.268532
12145.0   0.268364
12147.5   0.268195
12150.0   0.268027
12152.5   0.267859
12155.0   0.267691
12157.5   0.267523
12160.0   0.267355
12162.5   0.267187
12165.0   0.267020
12167.5   0.266853
12170.0   0.266686
12172.5   0.266519
12175.0   0.266352
12177.5   0.266185
12180.0   0.266019
12182.5   0.265853
12185.0   0.265687
12187.5   0.265521
12190.0   0.265355
12192.5   0.265189
12195.0   0.265023
12197.5   0.264858
12200.0   0.264693
12202.5   0.264527
12205.0   0.264362
12207.5   0.264197
12210.0   0.264033
12212.5   0.263868
12215.0   0.263704
12217.5   0.263540
12220.0   0.263376
12222.5   0.263212
12225.0   0.263048
12227.5   0.262884
12230.0   0.262721
12232.5   0.262557
12235.0   0.262394
12237.5   0.262231
12240.0   0.262068
12242.5   0.261905
12245.0   0.261743
12247.5   0.261580
12250.0   0.261418
12252.5   0.261256
12255.0   0.261094
12257.5   0.260932
12260.0   0.260771
12262.5   0.260610
12265.0   0.260448
12267.5   0.260286
12270.0   0.260125
12272.5   0.259964
12275.0   0.259804
12277.5   0.259644
12280.0   0.259483
12282.5   0.259322
12285.0   0.259162
12287.5   0.259002
12290.0   0.258842
12292.5   0.258682
12295.0   0.258523
12297.5   0.258363
12300.0   0.258204
12302.5   0.258045
12305.0   0.257886
12307.5   0.257727
12310.0   0.257569
12312.5   0.257411
12315.0   0.257252
12317.5   0.257093
12320.0   0.256935
12322.5   0.256777
12325.0   0.256619
12327.5   0.256461
12330.0   0.256304
12332.5   0.256147
12335.0   0.255990
12337.5   0.255833
12340.0   0.255676
12342.5   0.255519
12345.0   0.255362
12347.5   0.255205
12350.0   0.255049
12352.5   0.254893
12355.0   0.254737
12357.5   0.254582
12360.0   0.254426
12362.5   0.254270
12365.0   0.254114
12367.5   0.253959
12370.0   0.253804
12372.5   0.253649
12375.0   0.253494
12377.5   0.253339
12380.0   0.253185
12382.5   0.253030
12385.0   0.252876
12387.5   0.252722
12390.0   0.252568
12392.5   0.252414
12395.0   0.252260
12397.5   0.252106
12400.0   0.251953
12402.5   0.251800
12405.0   0.251647
12407.5   0.251494
12410.0   0.251341
12412.5   0.251188
12415.0   0.251036
12417.5   0.250883
12420.0   0.250731
12422.5   0.250579
12425.0   0.250427
12427.5   0.250275
12430.0   0.250123
12432.5   0.249971
12435.0   0.249820
12437.5   0.249669
12440.0   0.249518
12442.5   0.249367
12445.0   0.249216
12447.5   0.249065
12450.0   0.248915
12452.5   0.248764
12455.0   0.248614
12457.5   0.248464
12460.0   0.248314
12462.5   0.248164
12465.0   0.248015
12467.5   0.247866
12470.0   0.247716
12472.5   0.247566
12475.0   0.247417
12477.5   0.247268
12480.0   0.247120
12482.5   0.246971
12485.0   0.246822
12487.5   0.246674
12490.0   0.246526
12492.5   0.246377
12495.0   0.246229
12497.5   0.246081
12500.0   0.245934
12502.5   0.245786
12505.0   0.245639
12507.5   0.245492
12510.0   0.245345
12512.5   0.245198
12515.0   0.245051
12517.5   0.244904
12520.0   0.244757
12522.5   0.244611
12525.0   0.244465
12527.5   0.244318
12530.0   0.244172
12532.5   0.244026
12535.0   0.243881
12537.5   0.243736
12540.0   0.243590
12542.5   0.243444
12545.0   0.243299
12547.5   0.243154
12550.0   0.243009
12552.5   0.242864
12555.0   0.242720
12557.5   0.242575
12560.0   0.242431
12562.5   0.242287
12565.0   0.242143
12567.5   0.241999
12570.0   0.241855
12572.5   0.241711
12575.0   0.241568
12577.5   0.241424
12580.0   0.241281
12582.5   0.241138
12585.0   0.240995
12587.5   0.240852
12590.0   0.240710
12592.5   0.240568
12595.0   0.240425
12597.5   0.240282
12600.0   0.240140
12602.5   0.239998
12605.0   0.239856
12607.5   0.239714
12610.0   0.239573
12612.5   0.239431
12615.0   0.239290
12617.5   0.239149
12620.0   0.239008
12622.5   0.238867
12625.0   0.238726
12627.5   0.238585
12630.0   0.238445
12632.5   0.238305
12635.0   0.238165
12637.5   0.238025
12640.0   0.237885
12642.5   0.237745
12645.0   0.237605
12647.5   0.237465
12650.0   0.237326
12652.5   0.237187
12655.0   0.237048
12657.5   0.236909
12660.0   0.236770
12662.5   0.236631
12665.0   0.236492
12667.5   0.236354
12670.0   0.236216
12672.5   0.236077
12675.0   0.235939
12677.5   0.235801
12680.0   0.235664
12682.5   0.235526
12685.0   0.235388
12687.5   0.235251
12690.0   0.235114
12692.5   0.234977
12695.0   0.234840
12697.5   0.234703
12700.0   0.234566
12702.5   0.234429
12705.0   0.234293
12707.5   0.234157
12710.0   0.234021
12712.5   0.233885
12715.0   0.233749
12717.5   0.233613
12720.0   0.233477
12722.5   0.233341
12725.0   0.233206
12727.5   0.233071
12730.0   0.232936
12732.5   0.232801
12735.0   0.232666
12737.5   0.232531
12740.0   0.232397
12742.5   0.232262
12745.0   0.232128
12747.5   0.231994
12750.0   0.231860
12752.5   0.231726
12755.0   0.231592
12757.5   0.231458
12760.0   0.231325
12762.5   0.231191
12765.0   0.231058
12767.5   0.230925
12770.0   0.230792
12772.5   0.230659
12775.0   0.230526
12777.5   0.230393
12780.0   0.230261
12782.5   0.230128
12785.0   0.229996
12787.5   0.229864
12790.0   0.229732
12792.5   0.229600
12795.0   0.229469
12797.5   0.229338
12800.0   0.229206
12802.5   0.229074
12805.0   0.228943
12807.5   0.228812
12810.0   0.228681
12812.5   0.228550
12815.0   0.228420
12817.5   0.228290
12820.0   0.228159
12822.5   0.228028
12825.0   0.227898
12827.5   0.227768
12830.0   0.227638
12832.5   0.227508
12835.0   0.227379
12837.5   0.227249
12840.0   0.227120
12842.5   0.226991
12845.0   0.226862
12847.5   0.226733
12850.0   0.226604
12852.5   0.226475
12855.0   0.226346
12857.5   0.226218
12860.0   0.226090
12862.5   0.225962
12865.0   0.225833
12867.5   0.225705
12870.0   0.225577
12872.5   0.225449
12875.0   0.225322
12877.5   0.225194
12880.0   0.225067
12882.5   0.224940
12885.0   0.224813
12887.5   0.224686
12890.0   0.224559
12892.5   0.224432
12895.0   0.224306
12897.5   0.224179
12900.0   0.224053
12902.5   0.223927
12905.0   0.223801
12907.5   0.223675
12910.0   0.223549
12912.5   0.223423
12915.0   0.223298
12917.5   0.223172
12920.0   0.223047
12922.5   0.222922
12925.0   0.222797
12927.5   0.222672
12930.0   0.222547
12932.5   0.222422
12935.0   0.222298
12937.5   0.222173
12940.0   0.222049
12942.5   0.221925
12945.0   0.221801
12947.5   0.221677
12950.0   0.221553
12952.5   0.221429
12955.0   0.221306
12957.5   0.221182
12960.0   0.221059
12962.5   0.220936
12965.0   0.220813
12967.5   0.220690
12970.0   0.220567
12972.5   0.220444
12975.0   0.220321
12977.5   0.220199
12980.0   0.220077
12982.5   0.219954
12985.0   0.219832
12987.5   0.219710
12990.0   0.219589
12992.5   0.219467
12995.0   0.219345
12997.5   0.219223
13000.0   0.219102
13002.5   0.218981
13005.0   0.218860
13007.5   0.218739
13010.0   0.218618
13012.5   0.218497
13015.0   0.218377
13017.5   0.218256
13020.0   0.218136
13022.5   0.218016
13025.0   0.217896
13027.5   0.217776
13030.0   0.217656
13032.5   0.217536
13035.0   0.217416
13037.5   0.217296
13040.0   0.217177
13042.5   0.217058
13045.0   0.216939
13047.5   0.216820
13050.0   0.216701
13052.5   0.216582
13055.0   0.216463
13057.5   0.216344
13060.0   0.216226
13062.5   0.216108
13065.0   0.215990
13067.5   0.215872
13070.0   0.215754
13072.5   0.215636
13075.0   0.215518
13077.5   0.215400
13080.0   0.215283
13082.5   0.215166
13085.0   0.215049
13087.5   0.214931
13090.0   0.214814
13092.5   0.214697
13095.0   0.214581
13097.5   0.214465
13100.0   0.214348
13102.5   0.214231
13105.0   0.214115
13107.5   0.213999
13110.0   0.213883
13112.5   0.213767
13115.0   0.213651
13117.5   0.213535
13120.0   0.213420
13122.5   0.213305
13125.0   0.213189
13127.5   0.213073
13130.0   0.212958
13132.5   0.212843
13135.0   0.212729
13137.5   0.212614
13140.0   0.212499
13142.5   0.212384
13145.0   0.212270
13147.5   0.212156
13150.0   0.212042
13152.5   0.211928
13155.0   0.211814
13157.5   0.211700
13160.0   0.211586
13162.5   0.211472
13165.0   0.211359
13167.5   0.211246
13170.0   0.211133
13172.5   0.211019
13175.0   0.210906
13177.5   0.210793
13180.0   0.210681
13182.5   0.210569
13185.0   0.210456
13187.5   0.210343
13190.0   0.210231
13192.5   0.210119
13195.0   0.210007
13197.5   0.209895
13200.0   0.209783
13202.5   0.209671
13205.0   0.209559
13207.5   0.209447
13210.0   0.209336
13212.5   0.209225
13215.0   0.209114
13217.5   0.209003
13220.0   0.208892
13222.5   0.208781
13225.0   0.208670
13227.5   0.208559
13230.0   0.208449
13232.5   0.208339
13235.0   0.208229
13237.5   0.208119
13240.0   0.208009
13242.5   0.207899
13245.0   0.207789
13247.5   0.207679
13250.0   0.207570
13252.5   0.207460
13255.0   0.207351
13257.5   0.207242
13260.0   0.207133
13262.5   0.207024
13265.0   0.206915
13267.5   0.206806
13270.0   0.206697
13272.5   0.206588
13275.0   0.206480
13277.5   0.206372
13280.0   0.206264
13282.5   0.206156
13285.0   0.206048
13287.5   0.205940
13290.0   0.205832
13292.5   0.205724
13295.0   0.205617
13297.5   0.205509
13300.0   0.205402
13302.5   0.205295
13305.0   0.205188
13307.5   0.205081
13310.0   0.204974
13312.5   0.204867
13315.0   0.204760
13317.5   0.204653
13320.0   0.204547
13322.5   0.204441
13325.0   0.204335
13327.5   0.204229
13330.0   0.204123
13332.5   0.204017
13335.0   0.203911
13337.5   0.203805
13340.0   0.203700
13342.5   0.203594
13345.0   0.203489
13347.5   0.203384
13350.0   0.203279
13352.5   0.203174
13355.0   0.203069
13357.5   0.202964
13360.0   0.202859
13362.5   0.202754
13365.0   0.202650
13367.5   0.202546
13370.0   0.202442
13372.5   0.202338
13375.0   0.202234
13377.5   0.202130
13380.0   0.202026
13382.5   0.201922
13385.0   0.201818
13387.5   0.201715
13390.0   0.201612
13392.5   0.201509
13395.0   0.201405
13397.5   0.201302
13400.0   0.201199
13402.5   0.201096
13405.0   0.200994
13407.5   0.200892
13410.0   0.200789
13412.5   0.200686
13415.0   0.200584
13417.5   0.200482
13420.0   0.200380
13422.5   0.200278
13425.0   0.200176
13427.5   0.200074
13430.0   0.199972
13432.5   0.199870
13435.0   0.199769
13437.5   0.199668
13440.0   0.199567
13442.5   0.199466
13445.0   0.199365
13447.5   0.199264
13450.0   0.199163
13452.5   0.199062
13455.0   0.198961
13457.5   0.198861
13460.0   0.198761
13462.5   0.198661
13465.0   0.198560
13467.5   0.198460
13470.0   0.198360
13472.5   0.198261
13475.0   0.198161
13477.5   0.198061
13480.0   0.197961
13482.5   0.197862
13485.0   0.197763
13487.5   0.197664
13490.0   0.197564
13492.5   0.197465
13495.0   0.197366
13497.5   0.197267
13500.0   0.197169
13502.5   0.197071
13505.0   0.196972
13507.5   0.196873
13510.0   0.196775
13512.5   0.196677
13515.0   0.196579
13517.5   0.196481
13520.0   0.196383
13522.5   0.196285
13525.0   0.196187
13527.5   0.196089
13530.0   0.195992
13532.5   0.195895
13535.0   0.195798
13537.5   0.195700
13540.0   0.195603
13542.5   0.195506
13545.0   0.195410
13547.5   0.195313
13550.0   0.195216
13552.5   0.195119
13555.0   0.195023
13557.5   0.194927
13560.0   0.194831
13562.5   0.194734
13565.0   0.194638
13567.5   0.194542
13570.0   0.194447
13572.5   0.194351
13575.0   0.194255
13577.5   0.194159
13580.0   0.194064
13582.5   0.193969
13585.0   0.193874
13587.5   0.193779
13590.0   0.193684
13592.5   0.193589
13595.0   0.193494
13597.5   0.193399
13600.0   0.193304
13602.5   0.193209
13605.0   0.193115
13607.5   0.193021
13610.0   0.192927
13612.5   0.192833
13615.0   0.192739
13617.5   0.192645
13620.0   0.192551
13622.5   0.192457
13625.0   0.192364
13627.5   0.192271
13630.0   0.192177
13632.5   0.192083
13635.0   0.191990
13637.5   0.191897
13640.0   0.191804
13642.5   0.191711
13645.0   0.191618
13647.5   0.191525
13650.0   0.191433
13652.5   0.191341
13655.0   0.191248
13657.5   0.191155
13660.0   0.191063
13662.5   0.190971
13665.0   0.190879
13667.5   0.190787
13670.0   0.190695
13672.5   0.190603
13675.0   0.190512
13677.5   0.190421
13680.0   0.190329
13682.5   0.190237
13685.0   0.190146
13687.5   0.190055
13690.0   0.189964
13692.5   0.189873
13695.0   0.189782
13697.5   0.189691
13700.0   0.189600
13702.5   0.189509
13705.0   0.189419
13707.5   0.189329
13710.0   0.189239
13712.5   0.189149
13715.0   0.189058
13717.5   0.188968
13720.0   0.188878
13722.5   0.188788
13725.0   0.188699
13727.5   0.188610
13730.0   0.188520
13732.5   0.188431
13735.0   0.188341
13737.5   0.188251
13740.0   0.188162
13742.5   0.188073
13745.0   0.187984
13747.5   0.187896
13750.0   0.187807
13752.5   0.187718
13755.0   0.187629
13757.5   0.187541
13760.0   0.187453
13762.5   0.187365
13765.0   0.187276
13767.5   0.187188
13770.0   0.187100
13772.5   0.187012
13775.0   0.186924
13777.5   0.186836
13780.0   0.186749
13782.5   0.186662
13785.0   0.186574
13787.5   0.186486
13790.0   0.186399
13792.5   0.186312
13795.0   0.186225
13797.5   0.186138
13800.0   0.186051
13802.5   0.185964
13805.0   0.185877
13807.5   0.185790
13810.0   0.185704
13812.5   0.185617
13815.0   0.185531
13817.5   0.185445
13820.0   0.185359
13822.5   0.185273
13825.0   0.185187
13827.5   0.185101
13830.0   0.185015
13832.5   0.184929
13835.0   0.184844
13837.5   0.184759
13840.0   0.184673
13842.5   0.184587
13845.0   0.184502
13847.5   0.184417
13850.0   0.184332
13852.5   0.184247
13855.0   0.184162
13857.5   0.184077
13860.0   0.183993
13862.5   0.183909
13865.0   0.183824
13867.5   0.183740
13870.0   0.183655
13872.5   0.183570
13875.0   0.183486
13877.5   0.183402
13880.0   0.183318
13882.5   0.183235
13885.0   0.183151
13887.5   0.183067
13890.0   0.182983
13892.5   0.182899
13895.0   0.182816
13897.5   0.182733
13900.0   0.182650
13902.5   0.182567
13905.0   0.182483
13907.5   0.182400
13910.0   0.182317
13912.5   0.182234
13915.0   0.182152
13917.5   0.182070
13920.0   0.181987
13922.5   0.181905
13925.0   0.181822
13927.5   0.181739
13930.0   0.181657
13932.5   0.181575
13935.0   0.181493
13937.5   0.181411
13940.0   0.181329
13942.5   0.181247
13945.0   0.181166
13947.5   0.181085
13950.0   0.181003
13952.5   0.180921
13955.0   0.180840
13957.5   0.180759
13960.0   0.180678
13962.5   0.180597
13965.0   0.180516
13967.5   0.180435
13970.0   0.180354
13972.5   0.180273
13975.0   0.180193
13977.5   0.180113
13980.0   0.180032
13982.5   0.179951
13985.0   0.179871
13987.5   0.179791
13990.0   0.179711
13992.5   0.179631
13995.0   0.179551
13997.5   0.179471
14000.0   0.179391
14002.5   0.179311
14005.0   0.179232
14007.5   0.179153
14010.0   0.179073
14012.5   0.178993
14015.0   0.178914
14017.5   0.178835
14020.0   0.178756
14022.5   0.178677
14025.0   0.178598
14027.5   0.178519
14030.0   0.178440
14032.5   0.178361
14035.0   0.178283
14037.5   0.178205
14040.0   0.178126
14042.5   0.178047
14045.0   0.177969
14047.5   0.177891
14050.0   0.177813
14052.5   0.177735
14055.0   0.177657
14057.5   0.177580
14060.0   0.177502
14062.5   0.177424
14065.0   0.177346
14067.5   0.177268
14070.0   0.177191
14072.5   0.177114
14075.0   0.177037
14077.5   0.176960
14080.0   0.176883
14082.5   0.176806
14085.0   0.176729
14087.5   0.176652
14090.0   0.176575
14092.5   0.176498
14095.0   0.176422
14097.5   0.176346
14100.0   0.176269
14102.5   0.176192
14105.0   0.176116
14107.5   0.176040
14110.0   0.175964
14112.5   0.175888
14115.0   0.175812
14117.5   0.175736
14120.0   0.175660
14122.5   0.175584
14125.0   0.175509
14127.5   0.175434
14130.0   0.175358
14132.5   0.175282
14135.0   0.175207
14137.5   0.175132
14140.0   0.175057
14142.5   0.174982
14145.0   0.174907
14147.5   0.174832
14150.0   0.174757
14152.5   0.174682
14155.0   0.174608
14157.5   0.174534
14160.0   0.174459
14162.5   0.174385
14165.0   0.174310
14167.5   0.174235
14170.0   0.174161
14172.5   0.174087
14175.0   0.174013
14177.5   0.173939
14180.0   0.173865
14182.5   0.173791
14185.0   0.173718
14187.5   0.173645
14190.0   0.173571
14192.5   0.173498
14195.0   0.173424
14197.5   0.173350
14200.0   0.173277
14202.5   0.173204
14205.0   0.173131
14207.5   0.173058
14210.0   0.172985
14212.5   0.172912
14215.0   0.172839
14217.5   0.172766
14220.0   0.172694
14222.5   0.172622
14225.0   0.172549
14227.5   0.172476
14230.0   0.172404
14232.5   0.172332
14235.0   0.172260
14237.5   0.172188
14240.0   0.172116
14242.5   0.172044
14245.0   0.171972
14247.5   0.171900
14250.0   0.171829
14252.5   0.171758
14255.0   0.171686
14257.5   0.171615
14260.0   0.171543
14262.5   0.171471
14265.0   0.171400
14267.5   0.171329
14270.0   0.171258
14272.5   0.171187
14275.0   0.171116
14277.5   0.171044
14280.0   0.170974
14282.5   0.170905
14285.0   0.170833
14287.5   0.170756
14290.0   0.170692
14292.5   0.170645
14295.0   0.170551
14297.5   0.170392
14300.0   0.170410
14302.5   0.170766
14305.0   0.171029
14307.5   0.170806
14310.0   0.170448
14312.5   0.170369
14315.0   0.170500
14317.5   0.170678
14320.0   0.170853
14322.5   0.170997
14325.0   0.171049
14327.5   0.170948
14330.0   0.170672
14332.5   0.170215
14335.0   0.169605
14337.5   0.168882
14340.0   0.168109
14342.5   0.167354
14345.0   0.166690
14347.5   0.166192
14350.0   0.165940
14352.5   0.166005
14355.0   0.166432
14357.5   0.167237
14360.0   0.168361
14362.5   0.169709
14365.0   0.171127
14367.5   0.172447
14370.0   0.173513
14372.5   0.174184
14375.0   0.174384
14377.5   0.174075
14380.0   0.173311
14382.5   0.172184
14385.0   0.170838
14387.5   0.169429
14390.0   0.168103
14392.5   0.166998
14395.0   0.166214
14397.5   0.165828
14400.0   0.165856
14402.5   0.166280
14405.0   0.167012
14407.5   0.167936
14410.0   0.168902
14412.5   0.169757
14415.0   0.170369
14417.5   0.170629
14420.0   0.170493
14422.5   0.169950
14425.0   0.169060
14427.5   0.167912
14430.0   0.166632
14432.5   0.165356
14435.0   0.164229
14437.5   0.163388
14440.0   0.162947
14442.5   0.162989
14445.0   0.163508
14447.5   0.164451
14450.0   0.165673
14452.5   0.167002
14455.0   0.168248
14457.5   0.169229
14460.0   0.169812
14462.5   0.169902
14465.0   0.169507
14467.5   0.168682
14470.0   0.167556
14472.5   0.166280
14475.0   0.165005
14477.5   0.163871
14480.0   0.162969
14482.5   0.162391
14485.0   0.162296
14487.5   0.162764
14490.0   0.163504
14492.5   0.164391
14495.0   0.166348
14497.5   0.170025
14500.0   0.173917
14502.5   0.176390
14505.0   0.177433
14507.5   0.177353
14510.0   0.176109
14512.5   0.173671
14515.0   0.170396
14517.5   0.166735
14520.0   0.163134
14522.5   0.159998
14525.0   0.157571
14527.5   0.156022
14530.0   0.155379
14532.5   0.155616
14535.0   0.156622
14537.5   0.158249
14540.0   0.160278
14542.5   0.162462
14545.0   0.164503
14547.5   0.166121
14550.0   0.167167
14552.5   0.167542
14555.0   0.167218
14557.5   0.166217
14560.0   0.164700
14562.5   0.162866
14565.0   0.160944
14567.5   0.159157
14570.0   0.157678
14572.5   0.156646
14575.0   0.156115
14577.5   0.156101
14580.0   0.156554
14582.5   0.157398
14585.0   0.158524
14587.5   0.159812
14590.0   0.161143
14592.5   0.162404
14595.0   0.163520
14597.5   0.164437
14600.0   0.165149
14602.5   0.165673
14605.0   0.166059
14607.5   0.166368
14610.0   0.166658
14612.5   0.166978
14615.0   0.167340
14617.5   0.167738
14620.0   0.168120
14622.5   0.168417
14625.0   0.168537
14627.5   0.168389
14630.0   0.167901
14632.5   0.167023
14635.0   0.165756
14637.5   0.164134
14640.0   0.162254
14642.5   0.160241
14645.0   0.158251
14647.5   0.156448
14650.0   0.154980
14652.5   0.153970
14655.0   0.153458
14657.5   0.153460
14660.0   0.153995
14662.5   0.155032
14665.0   0.156358
14667.5   0.157743
14670.0   0.159088
14672.5   0.160323
14675.0   0.161361
14677.5   0.162130
14680.0   0.162640
14682.5   0.162929
14685.0   0.163065
14687.5   0.163125
14690.0   0.163183
14692.5   0.163303
14695.0   0.163501
14697.5   0.163769
14700.0   0.164042
14702.5   0.164233
14705.0   0.164236
14707.5   0.163947
14710.0   0.163304
14712.5   0.162274
14715.0   0.160900
14717.5   0.159259
14720.0   0.157501
14722.5   0.155795
14725.0   0.154331
14727.5   0.153292
14730.0   0.152816
14732.5   0.153011
14735.0   0.153907
14737.5   0.155498
14740.0   0.157696
14742.5   0.160377
14745.0   0.163335
14747.5   0.166332
14750.0   0.169076
14752.5   0.171268
14755.0   0.172640
14757.5   0.172963
14760.0   0.172118
14762.5   0.170069
14765.0   0.166986
14767.5   0.163094
14770.0   0.158621
14772.5   0.153860
14775.0   0.149370
14777.5   0.145675
14780.0   0.142905
14782.5   0.141113
14785.0   0.140427
14787.5   0.140938
14790.0   0.142499
14792.5   0.144890
14795.0   0.147846
14797.5   0.151083
14800.0   0.154301
14802.5   0.157213
14805.0   0.159612
14807.5   0.161339
14810.0   0.162356
14812.5   0.162684
14815.0   0.162450
14817.5   0.161822
14820.0   0.161013
14822.5   0.160237
14825.0   0.159670
14827.5   0.159454
14830.0   0.159639
14832.5   0.160229
14835.0   0.161130
14837.5   0.162209
14840.0   0.163285
14842.5   0.164163
14845.0   0.164656
14847.5   0.164566
14850.0   0.163648
14852.5   0.161725
14855.0   0.158939
14857.5   0.155529
14860.0   0.151810
14862.5   0.148107
14865.0   0.144706
14867.5   0.141868
14870.0   0.139806
14872.5   0.138688
14875.0   0.138558
14877.5   0.139404
14880.0   0.141111
14882.5   0.143513
14885.0   0.146345
14887.5   0.149341
14890.0   0.152340
14892.5   0.155147
14895.0   0.157339
14897.5   0.158531
14900.0   0.158721
14902.5   0.158070
14905.0   0.156999
14907.5   0.155895
14910.0   0.154739
14912.5   0.153466
14915.0   0.152226
14917.5   0.151197
14920.0   0.150442
14922.5   0.149990
14925.0   0.149845
14927.5   0.149995
14930.0   0.150391
14932.5   0.150971
14935.0   0.151668
14937.5   0.152413
14940.0   0.153150
14942.5   0.153833
14945.0   0.154439
14947.5   0.154959
14950.0   0.155401
14952.5   0.155781
14955.0   0.156117
14957.5   0.156427
14960.0   0.156715
14962.5   0.156977
14965.0   0.157190
14967.5   0.157320
14970.0   0.157319
14972.5   0.157142
14975.0   0.156762
14977.5   0.156156
14980.0   0.155284
14982.5   0.154148
14985.0   0.152936
14987.5   0.151860
14990.0   0.151039
14992.5   0.150502
14995.0   0.150022
14997.5   0.149379
15000.0   0.148646
15002.5   0.147920
15005.0   0.147100
15007.5   0.146061
15010.0   0.144780
15012.5   0.143245
15015.0   0.141384
15017.5   0.139158
15020.0   0.136715
15022.5   0.134232
15025.0   0.131801
15027.5   0.129515
15030.0   0.127537
15032.5   0.126041
15035.0   0.125156
15037.5   0.124989
15040.0   0.125596
15042.5   0.126999
15045.0   0.129118
15047.5   0.131841
15050.0   0.135019
15052.5   0.138488
15055.0   0.142052
15057.5   0.145486
15060.0   0.148490
15062.5   0.150832
15065.0   0.152636
15067.5   0.154069
15070.0   0.155118
15072.5   0.155744
15075.0   0.155995
15077.5   0.155938
15080.0   0.155634
15082.5   0.155152
15085.0   0.154584
15087.5   0.154026
15090.0   0.153553
15092.5   0.153227
15095.0   0.153077
15097.5   0.153113
15100.0   0.153308
15102.5   0.153617
15105.0   0.153973
15107.5   0.154301
15110.0   0.154528
15112.5   0.154588
15115.0   0.154440
15117.5   0.154055
15120.0   0.153439
15122.5   0.152616
15125.0   0.151647
15127.5   0.150599
15130.0   0.149536
15132.5   0.148521
15135.0   0.147631
15137.5   0.146936
15140.0   0.146475
15142.5   0.146261
15145.0   0.146242
15147.5   0.146357
15150.0   0.146565
15152.5   0.146826
15155.0   0.147074
15157.5   0.147246
15160.0   0.147309
15162.5   0.147245
15165.0   0.147065
15167.5   0.146793
15170.0   0.146485
15172.5   0.146204
15175.0   0.146021
15177.5   0.146007
15180.0   0.146214
15182.5   0.146681
15185.0   0.147409
15187.5   0.148381
15190.0   0.149540
15192.5   0.150810
15195.0   0.152089
15197.5   0.153268
15200.0   0.154238
15202.5   0.154897
15205.0   0.155173
15207.5   0.155012
15210.0   0.154408
15212.5   0.153377
15215.0   0.151986
15217.5   0.150319
15220.0   0.148494
15222.5   0.146637
15225.0   0.144882
15227.5   0.143356
15230.0   0.142163
15232.5   0.141392
15235.0   0.141085
15237.5   0.141261
15240.0   0.141885
15242.5   0.142898
15245.0   0.144206
15247.5   0.145700
15250.0   0.147238
15252.5   0.148687
15255.0   0.149970
15257.5   0.151016
15260.0   0.151728
15262.5   0.152021
15265.0   0.151887
15267.5   0.151353
15270.0   0.150519
15272.5   0.149487
15275.0   0.148312
15277.5   0.147045
15280.0   0.145777
15282.5   0.144602
15285.0   0.143579
15287.5   0.142755
15290.0   0.142154
15292.5   0.141791
15295.0   0.141652
15297.5   0.141714
15300.0   0.141937
15302.5   0.142275
15305.0   0.142681
15307.5   0.143107
15310.0   0.143514
15312.5   0.143869
15315.0   0.144152
15317.5   0.144352
15320.0   0.144472
15322.5   0.144519
15325.0   0.144509
15327.5   0.144462
15330.0   0.144402
15332.5   0.144351
15335.0   0.144328
15337.5   0.144351
15340.0   0.144432
15342.5   0.144578
15345.0   0.144790
15347.5   0.145065
15350.0   0.145395
15352.5   0.145767
15355.0   0.146164
15357.5   0.146567
15360.0   0.146954
15362.5   0.147305
15365.0   0.147597
15367.5   0.147809
15370.0   0.147921
15372.5   0.147914
15375.0   0.147775
15377.5   0.147496
15380.0   0.147077
15382.5   0.146525
15385.0   0.145862
15387.5   0.145116
15390.0   0.144321
15392.5   0.143516
15395.0   0.142754
15397.5   0.142086
15400.0   0.141551
15402.5   0.141182
15405.0   0.141002
15407.5   0.141024
15410.0   0.141242
15412.5   0.141640
15415.0   0.142187
15417.5   0.142848
15420.0   0.143577
15422.5   0.144326
15425.0   0.145047
15427.5   0.145693
15430.0   0.146226
15432.5   0.146613
15435.0   0.146833
15437.5   0.146875
15440.0   0.146745
15442.5   0.146456
15445.0   0.146036
15447.5   0.145518
15450.0   0.144940
15452.5   0.144342
15455.0   0.143758
15457.5   0.143220
15460.0   0.142746
15462.5   0.142347
15465.0   0.142022
15467.5   0.141764
15470.0   0.141555
15472.5   0.141374
15475.0   0.141199
15477.5   0.141010
15480.0   0.140795
15482.5   0.140546
15485.0   0.140266
15487.5   0.139966
15490.0   0.139667
15492.5   0.139394
15495.0   0.139174
15497.5   0.139036
15500.0   0.139001
15502.5   0.139085
15505.0   0.139288
15507.5   0.139603
15510.0   0.140010
15512.5   0.140482
15515.0   0.140988
15517.5   0.141486
15520.0   0.141893
15522.5   0.142125
15525.0   0.142125
15527.5   0.141859
15530.0   0.141357
15532.5   0.140665
15535.0   0.139829
15537.5   0.138899
15540.0   0.137944
15542.5   0.137035
15545.0   0.136244
15547.5   0.135626
15550.0   0.135153
15552.5   0.134801
15555.0   0.134626
15557.5   0.134700
15560.0   0.135064
15562.5   0.135730
15565.0   0.136616
15567.5   0.137628
15570.0   0.138727
15572.5   0.139882
15575.0   0.141057
15577.5   0.142197
15580.0   0.143183
15582.5   0.143904
15585.0   0.144330
15587.5   0.144453
15590.0   0.144262
15592.5   0.143760
15595.0   0.143010
15597.5   0.142089
15600.0   0.141054
15602.5   0.139968
15605.0   0.138924
15607.5   0.138019
15610.0   0.137336
15612.5   0.136941
15615.0   0.136852
15617.5   0.137069
15620.0   0.137562
15622.5   0.138290
15625.0   0.139183
15627.5   0.140166
15630.0   0.141156
15632.5   0.142069
15635.0   0.142821
15637.5   0.143335
15640.0   0.143576
15642.5   0.143527
15645.0   0.143205
15647.5   0.142629
15650.0   0.141797
15652.5   0.140750
15655.0   0.139725
15657.5   0.138892
15660.0   0.137970
15662.5   0.136696
15665.0   0.135326
15667.5   0.134177
15670.0   0.133279
15672.5   0.132605
15675.0   0.132180
15677.5   0.132033
15680.0   0.132143
15682.5   0.132469
15685.0   0.132940
15687.5   0.133473
15690.0   0.133984
15692.5   0.134399
15695.0   0.134697
15697.5   0.134878
15700.0   0.134963
15702.5   0.134977
15705.0   0.134922
15707.5   0.134790
15710.0   0.134544
15712.5   0.134159
15715.0   0.133694
15717.5   0.133209
15720.0   0.132693
15722.5   0.132118
15725.0   0.131455
15727.5   0.130702
15730.0   0.129950
15732.5   0.129297
15735.0   0.128762
15737.5   0.128340
15740.0   0.128002
15742.5   0.127721
15745.0   0.127490
15747.5   0.127303
15750.0   0.127139
15752.5   0.126977
15755.0   0.126810
15757.5   0.126635
15760.0   0.126457
15762.5   0.126290
15765.0   0.126164
15767.5   0.126115
15770.0   0.126181
15772.5   0.126396
15775.0   0.126780
15777.5   0.127341
15780.0   0.128066
15782.5   0.128930
15785.0   0.129893
15787.5   0.130912
15790.0   0.131937
15792.5   0.132918
15795.0   0.133800
15797.5   0.134531
15800.0   0.135067
15802.5   0.135371
15805.0   0.135434
15807.5   0.135257
15810.0   0.134869
15812.5   0.134307
15815.0   0.133626
15817.5   0.132889
15820.0   0.132180
15822.5   0.131586
15825.0   0.131171
15827.5   0.130993
15830.0   0.131096
15832.5   0.131502
15835.0   0.132168
15837.5   0.133013
15840.0   0.133879
15842.5   0.134627
15845.0   0.135286
15847.5   0.135909
15850.0   0.136495
15852.5   0.137001
15855.0   0.137270
15857.5   0.137152
15860.0   0.136627
15862.5   0.135708
15865.0   0.134414
15867.5   0.132776
15870.0   0.130855
15872.5   0.128729
15875.0   0.126495
15877.5   0.124260
15880.0   0.122134
15882.5   0.120225
15885.0   0.118616
15887.5   0.117384
15890.0   0.116596
15892.5   0.116307
15895.0   0.116548
15897.5   0.117324
15900.0   0.118574
15902.5   0.120210
15905.0   0.122121
15907.5   0.124188
15910.0   0.126303
15912.5   0.128353
15915.0   0.130202
15917.5   0.131709
15920.0   0.132738
15922.5   0.133206
15925.0   0.133227
15927.5   0.132927
15930.0   0.132291
15932.5   0.131307
15935.0   0.130120
15937.5   0.128918
15940.0   0.127898
15942.5   0.127208
15945.0   0.126795
15947.5   0.126583
15950.0   0.126597
15952.5   0.126873
15955.0   0.127379
15957.5   0.128066
15960.0   0.128879
15962.5   0.129760
15965.0   0.130642
15967.5   0.131457
15970.0   0.132147
15972.5   0.132661
15975.0   0.132973
15977.5   0.133059
15980.0   0.132898
15982.5   0.132474
15985.0   0.131809
15987.5   0.130936
15990.0   0.129905
15992.5   0.128768
15995.0   0.127563
15997.5   0.126328
16000.0   0.125126
16002.5   0.124024
16005.0   0.123076
16007.5   0.122331
16010.0   0.121825
16012.5   0.121583
16015.0   0.121614
16017.5   0.121916
16020.0   0.122468
16022.5   0.123243
16025.0   0.124199
16027.5   0.125289
16030.0   0.126462
16032.5   0.127667
16035.0   0.128845
16037.5   0.129942
16040.0   0.130937
16042.5   0.131800
16045.0   0.132441
16047.5   0.132782
16050.0   0.132839
16052.5   0.132636
16055.0   0.132116
16057.5   0.131232
16060.0   0.130053
16062.5   0.128671
16065.0   0.127152
16067.5   0.125560
16070.0   0.123972
16072.5   0.122474
16075.0   0.121167
16077.5   0.120148
16080.0   0.119466
16082.5   0.119157
16085.0   0.119240
16087.5   0.119718
16090.0   0.120562
16092.5   0.121728
16095.0   0.123164
16097.5   0.124802
16100.0   0.126539
16102.5   0.128269
16105.0   0.129930
16107.5   0.131480
16110.0   0.132931
16112.5   0.134261
16115.0   0.135271
16117.5   0.135745
16120.0   0.135581
16122.5   0.134770
16125.0   0.133572
16127.5   0.132256
16130.0   0.130846
16132.5   0.129330
16135.0   0.127783
16137.5   0.126292
16140.0   0.124917
16142.5   0.123710
16145.0   0.122728
16147.5   0.122022
16150.0   0.121612
16152.5   0.121502
16155.0   0.121666
16157.5   0.122074
16160.0   0.122702
16162.5   0.123517
16165.0   0.124455
16167.5   0.125443
16170.0   0.126403
16172.5   0.127262
16175.0   0.127963
16177.5   0.128457
16180.0   0.128720
16182.5   0.128741
16185.0   0.128538
16187.5   0.128141
16190.0   0.127585
16192.5   0.126915
16195.0   0.126205
16197.5   0.125531
16200.0   0.124943
16202.5   0.124482
16205.0   0.124173
16207.5   0.124032
16210.0   0.124067
16212.5   0.124276
16215.0   0.124629
16217.5   0.125090
16220.0   0.125617
16222.5   0.126165
16225.0   0.126686
16227.5   0.127136
16230.0   0.127478
16232.5   0.127683
16235.0   0.127736
16237.5   0.127632
16240.0   0.127382
16242.5   0.127006
16245.0   0.126539
16247.5   0.126019
16250.0   0.125490
16252.5   0.124997
16255.0   0.124577
16257.5   0.124263
16260.0   0.124073
16262.5   0.124016
16265.0   0.124084
16267.5   0.124261
16270.0   0.124515
16272.5   0.124811
16275.0   0.125108
16277.5   0.125363
16280.0   0.125537
16282.5   0.125596
16285.0   0.125519
16287.5   0.125291
16290.0   0.124914
16292.5   0.124399
16295.0   0.123774
16297.5   0.123074
16300.0   0.122346
16302.5   0.121640
16305.0   0.121009
16307.5   0.120503
16310.0   0.120163
16312.5   0.120024
16315.0   0.120101
16317.5   0.120399
16320.0   0.120905
16322.5   0.121593
16325.0   0.122420
16327.5   0.123333
16330.0   0.124271
16332.5   0.125179
16335.0   0.126040
16337.5   0.126821
16340.0   0.127388
16342.5   0.127628
16345.0   0.127623
16347.5   0.127457
16350.0   0.127017
16352.5   0.126191
16355.0   0.125063
16357.5   0.123758
16360.0   0.122365
16362.5   0.120969
16365.0   0.119663
16367.5   0.118539
16370.0   0.117667
16372.5   0.117105
16375.0   0.116874
16377.5   0.116977
16380.0   0.117391
16382.5   0.118077
16385.0   0.118970
16387.5   0.119997
16390.0   0.121073
16392.5   0.122112
16395.0   0.123031
16397.5   0.123754
16400.0   0.124222
16402.5   0.124390
16405.0   0.124240
16407.5   0.123770
16410.0   0.123006
16412.5   0.121986
16415.0   0.120774
16417.5   0.119442
16420.0   0.118072
16422.5   0.116747
16425.0   0.115546
16427.5   0.114544
16430.0   0.113796
16432.5   0.113349
16435.0   0.113225
16437.5   0.113434
16440.0   0.113951
16442.5   0.114742
16445.0   0.115773
16447.5   0.116997
16450.0   0.118309
16452.5   0.119595
16455.0   0.120765
16457.5   0.121752
16460.0   0.122571
16462.5   0.123249
16465.0   0.123781
16467.5   0.124156
16470.0   0.124368
16472.5   0.124414
16475.0   0.124304
16477.5   0.124067
16480.0   0.123800
16482.5   0.123585
16485.0   0.123362
16487.5   0.123062
16490.0   0.122714
16492.5   0.122363
16495.0   0.122026
16497.5   0.121709
16500.0   0.121415
16502.5   0.121146
16505.0   0.120897
16507.5   0.120659
16510.0   0.120417
16512.5   0.120156
16515.0   0.119861
16517.5   0.119520
16520.0   0.119124
16522.5   0.118669
16525.0   0.118158
16527.5   0.117601
16530.0   0.117015
16532.5   0.116424
16535.0   0.115856
16537.5   0.115343
16540.0   0.114917
16542.5   0.114611
16545.0   0.114451
16547.5   0.114460
16550.0   0.114648
16552.5   0.115021
16555.0   0.115572
16557.5   0.116285
16560.0   0.117135
16562.5   0.118090
16565.0   0.119111
16567.5   0.120158
16570.0   0.121189
16572.5   0.122165
16575.0   0.123048
16577.5   0.123806
16580.0   0.124416
16582.5   0.124858
16585.0   0.125124
16587.5   0.125209
16590.0   0.125121
16592.5   0.124870
16595.0   0.124477
16597.5   0.123965
16600.0   0.123352
16602.5   0.122665
16605.0   0.121959
16607.5   0.121286
16610.0   0.120642
16612.5   0.120010
16615.0   0.119382
16617.5   0.118753
16620.0   0.118126
16622.5   0.117506
16625.0   0.116893
16627.5   0.116284
16630.0   0.115678
16632.5   0.115074
16635.0   0.114472
16637.5   0.113875
16640.0   0.113288
16642.5   0.112717
16645.0   0.112173
16647.5   0.111666
16650.0   0.111210
16652.5   0.110817
16655.0   0.110501
16657.5   0.110273
16660.0   0.110142
16662.5   0.110116
16665.0   0.110195
16667.5   0.110378
16670.0   0.110660
16672.5   0.111032
16675.0   0.111473
16677.5   0.111960
16680.0   0.112478
16682.5   0.113017
16685.0   0.113570
16687.5   0.114123
16690.0   0.114622
16692.5   0.115006
16695.0   0.115217
16697.5   0.115225
16700.0   0.115118
16702.5   0.114988
16705.0   0.114835
16707.5   0.114644
16710.0   0.114425
16712.5   0.114194
16715.0   0.113962
16717.5   0.113740
16720.0   0.113536
16722.5   0.113354
16725.0   0.113198
16727.5   0.113069
16730.0   0.112965
16732.5   0.112883
16735.0   0.112818
16737.5   0.112762
16740.0   0.112704
16742.5   0.112640
16745.0   0.112593
16747.5   0.112563
16750.0   0.112435
16752.5   0.112136
16755.0   0.111859
16757.5   0.111808
16760.0   0.111948
16762.5   0.112189
16765.0   0.112460
16767.5   0.112708
16770.0   0.112921
16772.5   0.113100
16775.0   0.113251
16777.5   0.113378
16780.0   0.113471
16782.5   0.113507
16785.0   0.113413
16787.5   0.113139
16790.0   0.112779
16792.5   0.112437
16795.0   0.112115
16797.5   0.111796
16800.0   0.111495
16802.5   0.111234
16805.0   0.111025
16807.5   0.110875
16810.0   0.110788
16812.5   0.110764
16815.0   0.110801
16817.5   0.110892
16820.0   0.111030
16822.5   0.111203
16825.0   0.111400
16827.5   0.111604
16830.0   0.111784
16832.5   0.111904
16835.0   0.111913
16837.5   0.111771
16840.0   0.111506
16842.5   0.111163
16845.0   0.110788
16847.5   0.110423
16850.0   0.110091
16852.5   0.109808
16855.0   0.109580
16857.5   0.109410
16860.0   0.109311
16862.5   0.109296
16865.0   0.109382
16867.5   0.109578
16870.0   0.109870
16872.5   0.110237
16875.0   0.110648
16877.5   0.111071
16880.0   0.111488
16882.5   0.111883
16885.0   0.112240
16887.5   0.112547
16890.0   0.112793
16892.5   0.112973
16895.0   0.113084
16897.5   0.113128
16900.0   0.113110
16902.5   0.113037
16905.0   0.112921
16907.5   0.112773
16910.0   0.112604
16912.5   0.112427
16915.0   0.112252
16917.5   0.112089
16920.0   0.111942
16922.5   0.111815
16925.0   0.111708
16927.5   0.111619
16930.0   0.111539
16932.5   0.111457
16935.0   0.111363
16937.5   0.111249
16940.0   0.111106
16942.5   0.110927
16945.0   0.110705
16947.5   0.110434
16950.0   0.110115
16952.5   0.109749
16955.0   0.109343
16957.5   0.108905
16960.0   0.108448
16962.5   0.107985
16965.0   0.107534
16967.5   0.107111
16970.0   0.106732
16972.5   0.106414
16975.0   0.106170
16977.5   0.106013
16980.0   0.105950
16982.5   0.105984
16985.0   0.106113
16987.5   0.106334
16990.0   0.106634
16992.5   0.107000
16995.0   0.107412
16997.5   0.107850
17000.0   0.108292
17002.5   0.108713
17005.0   0.109093
17007.5   0.109411
17010.0   0.109654
17012.5   0.109809
17015.0   0.109872
17017.5   0.109842
17020.0   0.109725
17022.5   0.109530
17025.0   0.109272
17027.5   0.108966
17030.0   0.108632
17032.5   0.108288
17035.0   0.107951
17037.5   0.107638
17040.0   0.107362
17042.5   0.107131
17045.0   0.106950
17047.5   0.106821
17050.0   0.106739
17052.5   0.106699
17055.0   0.106692
17057.5   0.106707
17060.0   0.106730
17062.5   0.106749
17065.0   0.106751
17067.5   0.106727
17070.0   0.106668
17072.5   0.106569
17075.0   0.106431
17077.5   0.106258
17080.0   0.106055
17082.5   0.105827
17085.0   0.105589
17087.5   0.105358
17090.0   0.105153
17092.5   0.104988
17095.0   0.104867
17097.5   0.104794
17100.0   0.104779
17102.5   0.104828
17105.0   0.104939
17107.5   0.105104
17110.0   0.105315
17112.5   0.105560
17115.0   0.105824
17117.5   0.106093
17120.0   0.106351
17122.5   0.106586
17125.0   0.106786
17127.5   0.106944
17130.0   0.107058
17132.5   0.107127
17135.0   0.107152
17137.5   0.107139
17140.0   0.107097
17142.5   0.107038
17145.0   0.106974
17147.5   0.106915
17150.0   0.106871
17152.5   0.106848
17155.0   0.106850
17157.5   0.106877
17160.0   0.106925
17162.5   0.106985
17165.0   0.107046
17167.5   0.107095
17170.0   0.107115
17172.5   0.107090
17175.0   0.107005
17177.5   0.106845
17180.0   0.106599
17182.5   0.106260
17185.0   0.105828
17187.5   0.105306
17190.0   0.104704
17192.5   0.104039
17195.0   0.103333
17197.5   0.102614
17200.0   0.101910
17202.5   0.101253
17205.0   0.100675
17207.5   0.100205
17210.0   0.099865
17212.5   0.099672
17215.0   0.099637
17217.5   0.099764
17220.0   0.100049
17222.5   0.100480
17225.0   0.101034
17227.5   0.101686
17230.0   0.102405
17232.5   0.103154
17235.0   0.103885
17237.5   0.104555
17240.0   0.105158
17242.5   0.105686
17245.0   0.106081
17247.5   0.106284
17250.0   0.106283
17252.5   0.106089
17255.0   0.105749
17257.5   0.105306
17260.0   0.104763
17262.5   0.104127
17265.0   0.103470
17267.5   0.102850
17270.0   0.102204
17272.5   0.101471
17275.0   0.100714
17277.5   0.100023
17280.0   0.099461
17282.5   0.099073
17285.0   0.098855
17287.5   0.098791
17290.0   0.098871
17292.5   0.099081
17295.0   0.099382
17297.5   0.099728
17300.0   0.100056
17302.5   0.100308
17305.0   0.100449
17307.5   0.100455
17310.0   0.100311
17312.5   0.100004
17315.0   0.099527
17317.5   0.098881
17320.0   0.098085
17322.5   0.097168
17325.0   0.096180
17327.5   0.095179
17330.0   0.094226
17332.5   0.093379
17335.0   0.092676
17337.5   0.092151
17340.0   0.091828
17342.5   0.091727
17345.0   0.091855
17347.5   0.092214
17350.0   0.092786
17352.5   0.093545
17355.0   0.094454
17357.5   0.095472
17360.0   0.096550
17362.5   0.097638
17365.0   0.098688
17367.5   0.099655
17370.0   0.100496
17372.5   0.101176
17375.0   0.101676
17377.5   0.101991
17380.0   0.102138
17382.5   0.102140
17385.0   0.102009
17387.5   0.101756
17390.0   0.101399
17392.5   0.100962
17395.0   0.100492
17397.5   0.100032
17400.0   0.099598
17402.5   0.099193
17405.0   0.098803
17407.5   0.098415
17410.0   0.098043
17412.5   0.097703
17415.0   0.097389
17417.5   0.097095
17420.0   0.096827
17422.5   0.096588
17425.0   0.096362
17427.5   0.096134
17430.0   0.095907
17432.5   0.095693
17435.0   0.095527
17437.5   0.095441
17440.0   0.095437
17442.5   0.095513
17445.0   0.095675
17447.5   0.095930
17450.0   0.096279
17452.5   0.096721
17455.0   0.097248
17457.5   0.097850
17460.0   0.098511
17462.5   0.099213
17465.0   0.099931
17467.5   0.100640
17470.0   0.101311
17472.5   0.101916
17475.0   0.102428
17477.5   0.102824
17480.0   0.103086
17482.5   0.103199
17485.0   0.103158
17487.5   0.102962
17490.0   0.102619
17492.5   0.102141
17495.0   0.101549
17497.5   0.100866
17500.0   0.100122
17502.5   0.099350
17505.0   0.098582
17507.5   0.097850
17510.0   0.097184
17512.5   0.096610
17515.0   0.096149
17517.5   0.095816
17520.0   0.095619
17522.5   0.095561
17525.0   0.095635
17527.5   0.095830
17530.0   0.096126
17532.5   0.096501
17535.0   0.096928
17537.5   0.097377
17540.0   0.097819
17542.5   0.098226
17545.0   0.098571
17547.5   0.098833
17550.0   0.098995
17552.5   0.099047
17555.0   0.098983
17557.5   0.098805
17560.0   0.098522
17562.5   0.098149
17565.0   0.097702
17567.5   0.097197
17570.0   0.096657
17572.5   0.096105
17575.0   0.095573
17577.5   0.095090
17580.0   0.094662
17582.5   0.094293
17585.0   0.093991
17587.5   0.093764
17590.0   0.093612
17592.5   0.093531
17595.0   0.093509
17597.5   0.093532
17600.0   0.093588
17602.5   0.093663
17605.0   0.093742
17607.5   0.093812
17610.0   0.093863
17612.5   0.093885
17615.0   0.093875
17617.5   0.093831
17620.0   0.093756
17622.5   0.093654
17625.0   0.093534
17627.5   0.093407
17630.0   0.093286
17632.5   0.093184
17635.0   0.093114
17637.5   0.093088
17640.0   0.093115
17642.5   0.093203
17645.0   0.093353
17647.5   0.093566
17650.0   0.093837
17652.5   0.094158
17655.0   0.094517
17657.5   0.094900
17660.0   0.095290
17662.5   0.095669
17665.0   0.096020
17667.5   0.096327
17670.0   0.096575
17672.5   0.096751
17675.0   0.096846
17677.5   0.096853
17680.0   0.096772
17682.5   0.096603
17685.0   0.096354
17687.5   0.096032
17690.0   0.095650
17692.5   0.095221
17695.0   0.094763
17697.5   0.094292
17700.0   0.093826
17702.5   0.093380
17705.0   0.092969
17707.5   0.092605
17710.0   0.092298
17712.5   0.092054
17715.0   0.091877
17717.5   0.091767
17720.0   0.091721
17722.5   0.091734
17725.0   0.091800
17727.5   0.091909
17730.0   0.092050
17732.5   0.092212
17735.0   0.092388
17737.5   0.092572
17740.0   0.092750
17742.5   0.092909
17745.0   0.093039
17747.5   0.093131
17750.0   0.093189
17752.5   0.093215
17755.0   0.093205
17757.5   0.093151
17760.0   0.093055
17762.5   0.092918
17765.0   0.092743
17767.5   0.092534
17770.0   0.092294
17772.5   0.092028
17775.0   0.091741
17777.5   0.091438
17780.0   0.091126
17782.5   0.090810
17785.0   0.090497
17787.5   0.090193
17790.0   0.089905
17792.5   0.089639
17795.0   0.089403
17797.5   0.089202
17800.0   0.089043
17802.5   0.088932
17805.0   0.088873
17807.5   0.088871
17810.0   0.088930
17812.5   0.089050
17815.0   0.089231
17817.5   0.089469
17820.0   0.089760
17822.5   0.090096
17825.0   0.090467
17827.5   0.090861
17830.0   0.091263
17832.5   0.091659
17835.0   0.092032
17837.5   0.092366
17840.0   0.092648
17842.5   0.092865
17845.0   0.093006
17847.5   0.093064
17850.0   0.093036
17852.5   0.092922
17855.0   0.092727
17857.5   0.092458
17860.0   0.092126
17862.5   0.091744
17865.0   0.091329
17867.5   0.090896
17870.0   0.090463
17872.5   0.090046
17875.0   0.089659
17877.5   0.089316
17880.0   0.089028
17882.5   0.088802
17885.0   0.088643
17887.5   0.088554
17890.0   0.088534
17892.5   0.088578
17895.0   0.088681
17897.5   0.088835
17900.0   0.089025
17902.5   0.089238
17905.0   0.089465
17907.5   0.089696
17910.0   0.089919
17912.5   0.090119
17915.0   0.090271
17917.5   0.090354
17920.0   0.090375
17922.5   0.090345
17925.0   0.090263
17927.5   0.090127
17930.0   0.089938
17932.5   0.089701
17935.0   0.089427
17937.5   0.089127
17940.0   0.088813
17942.5   0.088493
17945.0   0.088178
17947.5   0.087876
17950.0   0.087593
17952.5   0.087336
17955.0   0.087107
17957.5   0.086909
17960.0   0.086744
17962.5   0.086612
17965.0   0.086513
17967.5   0.086445
17970.0   0.086407
17972.5   0.086398
17975.0   0.086419
17977.5   0.086469
17980.0   0.086553
17982.5   0.086671
17985.0   0.086808
17987.5   0.086959
17990.0   0.087169
17992.5   0.087474
17995.0   0.087814
17997.5   0.088105
18000.0   0.088258
18002.5   0.088223
18005.0   0.088114
18007.5   0.088053
18010.0   0.088029
18012.5   0.088003
18015.0   0.087969
18017.5   0.087929
18020.0   0.087888
18022.5   0.087851
18025.0   0.087815
18027.5   0.087778
18030.0   0.087741
18032.5   0.087703
18035.0   0.087666
18037.5   0.087629
18040.0   0.087592
18042.5   0.087555
18045.0   0.087517
18047.5   0.087480
18050.0   0.087443
18052.5   0.087406
18055.0   0.087369
18057.5   0.087332
18060.0   0.087295
18062.5   0.087258
18065.0   0.087220
18067.5   0.087183
18070.0   0.087146
18072.5   0.087109
18075.0   0.087072
18077.5   0.087035
18080.0   0.086998
18082.5   0.086961
18085.0   0.086924
18087.5   0.086887
18090.0   0.086850
18092.5   0.086813
18095.0   0.086776
18097.5   0.086739
18100.0   0.086702
18102.5   0.086665
18105.0   0.086628
18107.5   0.086591
18110.0   0.086555
18112.5   0.086518
18115.0   0.086481
18117.5   0.086444
18120.0   0.086407
18122.5   0.086370
18125.0   0.086333
18127.5   0.086296
18130.0   0.086260
18132.5   0.086223
18135.0   0.086186
18137.5   0.086149
18140.0   0.086112
18142.5   0.086076
18145.0   0.086039
18147.5   0.086002
18150.0   0.085965
18152.5   0.085928
18155.0   0.085892
18157.5   0.085855
18160.0   0.085818
18162.5   0.085781
18165.0   0.085745
18167.5   0.085709
18170.0   0.085672
18172.5   0.085635
18175.0   0.085598
18177.5   0.085561
18180.0   0.085525
18182.5   0.085489
18185.0   0.085452
18187.5   0.085415
18190.0   0.085379
18192.5   0.085342
18195.0   0.085306
18197.5   0.085270
18200.0   0.085233
18202.5   0.085196
18205.0   0.085159
18207.5   0.085122
18210.0   0.085086
18212.5   0.085049
18215.0   0.085013
18217.5   0.084977
18220.0   0.084941
18222.5   0.084905
18225.0   0.084868
18227.5   0.084831
18230.0   0.084795
18232.5   0.084758
18235.0   0.084722
18237.5   0.084686
18240.0   0.084649
18242.5   0.084612
18245.0   0.084576
18247.5   0.084540
18250.0   0.084504
18252.5   0.084468
18255.0   0.084431
18257.5   0.084394
18260.0   0.084358
18262.5   0.084322
18265.0   0.084286
18267.5   0.084249
18270.0   0.084213
18272.5   0.084177
18275.0   0.084141
18277.5   0.084105
18280.0   0.084068
18282.5   0.084032
18285.0   0.083996
18287.5   0.083960
18290.0   0.083924
18292.5   0.083888
18295.0   0.083851
18297.5   0.083815
18300.0   0.083779
18302.5   0.083743
18305.0   0.083707
18307.5   0.083670
18310.0   0.083634
18312.5   0.083598
18315.0   0.083562
18317.5   0.083526
18320.0   0.083490
18322.5   0.083454
18325.0   0.083418
18327.5   0.083382
18330.0   0.083346
18332.5   0.083310
18335.0   0.083274
18337.5   0.083238
18340.0   0.083202
18342.5   0.083166
18345.0   0.083130
18347.5   0.083094
18350.0   0.083058
18352.5   0.083022
18355.0   0.082986
18357.5   0.082950
18360.0   0.082914
18362.5   0.082878
18365.0   0.082843
18367.5   0.082807
18370.0   0.082771
18372.5   0.082735
18375.0   0.082699
18377.5   0.082663
18380.0   0.082628
18382.5   0.082592
18385.0   0.082556
18387.5   0.082520
18390.0   0.082484
18392.5   0.082449
18395.0   0.082413
18397.5   0.082377
18400.0   0.082341
18402.5   0.082305
18405.0   0.082270
18407.5   0.082234
18410.0   0.082198
18412.5   0.082162
18415.0   0.082127
18417.5   0.082092
18420.0   0.082056
18422.5   0.082020
18425.0   0.081984
18427.5   0.081948
18430.0   0.081913
18432.5   0.081878
18435.0   0.081842
18437.5   0.081806
18440.0   0.081770
18442.5   0.081734
18445.0   0.081699
18447.5   0.081664
18450.0   0.081628
18452.5   0.081592
18455.0   0.081557
18457.5   0.081522
18460.0   0.081486
18462.5   0.081450
18465.0   0.081415
18467.5   0.081380
18470.0   0.081344
18472.5   0.081308
18475.0   0.081273
18477.5   0.081238
18480.0   0.081202
18482.5   0.081166
18485.0   0.081131
18487.5   0.081096
18490.0   0.081061
18492.5   0.081026
18495.0   0.080990
18497.5   0.080954
18500.0   0.080919
18502.5   0.080883
18505.0   0.080848
18507.5   0.080813
18510.0   0.080778
18512.5   0.080743
18515.0   0.080707
18517.5   0.080671
18520.0   0.080636
18522.5   0.080601
18525.0   0.080566
18527.5   0.080530
18530.0   0.080495
18532.5   0.080460
18535.0   0.080425
18537.5   0.080390
18540.0   0.080354
18542.5   0.080319
18545.0   0.080284
18547.5   0.080249
18550.0   0.080214
18552.5   0.080178
18555.0   0.080143
18557.5   0.080108
18560.0   0.080073
18562.5   0.080038
18565.0   0.080003
18567.5   0.079968
18570.0   0.079933
18572.5   0.079898
18575.0   0.079862
18577.5   0.079827
18580.0   0.079792
18582.5   0.079757
18585.0   0.079722
18587.5   0.079687
18590.0   0.079652
18592.5   0.079617
18595.0   0.079582
18597.5   0.079547
18600.0   0.079512
18602.5   0.079477
18605.0   0.079442
18607.5   0.079407
18610.0   0.079372
18612.5   0.079337
18615.0   0.079302
18617.5   0.079267
18620.0   0.079232
18622.5   0.079198
18625.0   0.079163
18627.5   0.079128
18630.0   0.079093
18632.5   0.079058
18635.0   0.079023
18637.5   0.078988
18640.0   0.078953
18642.5   0.078919
18645.0   0.078884
18647.5   0.078849
18650.0   0.078814
18652.5   0.078780
18655.0   0.078745
18657.5   0.078710
18660.0   0.078675
18662.5   0.078641
18665.0   0.078606
18667.5   0.078571
18670.0   0.078536
18672.5   0.078501
18675.0   0.078467
18677.5   0.078432
18680.0   0.078397
18682.5   0.078362
18685.0   0.078328
18687.5   0.078294
18690.0   0.078259
18692.5   0.078224
18695.0   0.078189
18697.5   0.078154
18700.0   0.078120
18702.5   0.078086
18705.0   0.078051
18707.5   0.078017
18710.0   0.077982
18712.5   0.077947
18715.0   0.077913
18717.5   0.077879
18720.0   0.077844
18722.5   0.077809
18725.0   0.077774
18727.5   0.077739
18730.0   0.077705
18732.5   0.077670
18735.0   0.077636
18737.5   0.077602
18740.0   0.077568
18742.5   0.077534
18745.0   0.077499
18747.5   0.077464
18750.0   0.077430
18752.5   0.077396
18755.0   0.077361
18757.5   0.077327
18760.0   0.077292
18762.5   0.077257
18765.0   0.077223
18767.5   0.077189
18770.0   0.077155
18772.5   0.077121
18775.0   0.077086
18777.5   0.077051
18780.0   0.077017
18782.5   0.076983
18785.0   0.076949
18787.5   0.076914
18790.0   0.076880
18792.5   0.076846
18795.0   0.076812
18797.5   0.076777
18800.0   0.076743
18802.5   0.076709
18805.0   0.076675
18807.5   0.076641
18810.0   0.076606
18812.5   0.076572
18815.0   0.076538
18817.5   0.076504
18820.0   0.076469
18822.5   0.076435
18825.0   0.076401
18827.5   0.076367
18830.0   0.076333
18832.5   0.076299
18835.0   0.076265
18837.5   0.076231
18840.0   0.076196
18842.5   0.076162
18845.0   0.076128
18847.5   0.076094
18850.0   0.076060
18852.5   0.076026
18855.0   0.075992
18857.5   0.075958
18860.0   0.075924
18862.5   0.075890
18865.0   0.075856
18867.5   0.075822
18870.0   0.075788
18872.5   0.075754
18875.0   0.075720
18877.5   0.075686
18880.0   0.075652
18882.5   0.075618
18885.0   0.075584
18887.5   0.075550
18890.0   0.075516
18892.5   0.075482
18895.0   0.075448
18897.5   0.075415
18900.0   0.075381
18902.5   0.075347
18905.0   0.075313
18907.5   0.075279
18910.0   0.075245
18912.5   0.075211
18915.0   0.075177
18917.5   0.075144
18920.0   0.075110
18922.5   0.075076
18925.0   0.075042
18927.5   0.075009
18930.0   0.074975
18932.5   0.074941
18935.0   0.074907
18937.5   0.074873
18940.0   0.074840
18942.5   0.074806
18945.0   0.074772
18947.5   0.074738
18950.0   0.074705
18952.5   0.074671
18955.0   0.074637
18957.5   0.074603
18960.0   0.074570
18962.5   0.074537
18965.0   0.074503
18967.5   0.074469
18970.0   0.074435
18972.5   0.074401
18975.0   0.074368
18977.5   0.074335
18980.0   0.074301
18982.5   0.074267
18985.0   0.074234
18987.5   0.074201
18990.0   0.074167
18992.5   0.074133
18995.0   0.074099
18997.5   0.074065
19000.0   0.074032
19002.5   0.073999
19005.0   0.073965
19007.5   0.073931
19010.0   0.073898
19012.5   0.073865
19015.0   0.073831
19017.5   0.073797
19020.0   0.073764
19022.5   0.073731
19025.0   0.073698
19027.5   0.073665
19030.0   0.073631
19032.5   0.073597
19035.0   0.073564
19037.5   0.073531
19040.0   0.073497
19042.5   0.073463
19045.0   0.073430
19047.5   0.073397
19050.0   0.073364
19052.5   0.073331
19055.0   0.073297
19057.5   0.073263
19060.0   0.073230
19062.5   0.073197
19065.0   0.073164
19067.5   0.073131
19070.0   0.073097
19072.5   0.073063
19075.0   0.073030
19077.5   0.072997
19080.0   0.072964
19082.5   0.072931
19085.0   0.072897
19087.5   0.072864
19090.0   0.072831
19092.5   0.072798
19095.0   0.072765
19097.5   0.072731
19100.0   0.072698
19102.5   0.072665
19105.0   0.072632
19107.5   0.072599
19110.0   0.072566
19112.5   0.072532
19115.0   0.072499
19117.5   0.072466
19120.0   0.072433
19122.5   0.072400
19125.0   0.072367
19127.5   0.072334
19130.0   0.072301
19132.5   0.072268
19135.0   0.072235
19137.5   0.072202
19140.0   0.072169
19142.5   0.072136
19145.0   0.072103
19147.5   0.072069
19150.0   0.072036
19152.5   0.072003
19155.0   0.071971
19157.5   0.071938
19160.0   0.071905
19162.5   0.071872
19165.0   0.071839
19167.5   0.071806
19170.0   0.071773
19172.5   0.071740
19175.0   0.071707
19177.5   0.071674
19180.0   0.071641
19182.5   0.071608
19185.0   0.071575
19187.5   0.071543
19190.0   0.071510
19192.5   0.071477
19195.0   0.071444
19197.5   0.071411
19200.0   0.071378
19202.5   0.071345
19205.0   0.071312
19207.5   0.071280
19210.0   0.071247
19212.5   0.071214
19215.0   0.071181
19217.5   0.071148
19220.0   0.071116
19222.5   0.071083
19225.0   0.071050
19227.5   0.071017
19230.0   0.070985
19232.5   0.070952
19235.0   0.070919
19237.5   0.070886
19240.0   0.070854
19242.5   0.070822
19245.0   0.070789
19247.5   0.070756
19250.0   0.070723
19252.5   0.070690
19255.0   0.070658
19257.5   0.070626
19260.0   0.070593
19262.5   0.070560
19265.0   0.070527
19267.5   0.070494
19270.0   0.070462
19272.5   0.070430
19275.0   0.070397
19277.5   0.070364
19280.0   0.070332
19282.5   0.070299
19285.0   0.070267
19287.5   0.070234
19290.0   0.070202
19292.5   0.070170
19295.0   0.070137
19297.5   0.070105
19300.0   0.070072
19302.5   0.070040
19305.0   0.070007
19307.5   0.069974
19310.0   0.069942
19312.5   0.069909
19315.0   0.069877
19317.5   0.069844
19320.0   0.069812
19322.5   0.069780
19325.0   0.069747
19327.5   0.069714
19330.0   0.069682
19332.5   0.069650
19335.0   0.069618
19337.5   0.069586
19340.0   0.069553
19342.5   0.069521
19345.0   0.069488
19347.5   0.069455
19350.0   0.069423
19352.5   0.069391
19355.0   0.069359
19357.5   0.069326
19360.0   0.069294
19362.5   0.069262
19365.0   0.069230
19367.5   0.069197
19370.0   0.069165
19372.5   0.069133
19375.0   0.069101
19377.5   0.069068
19380.0   0.069036
19382.5   0.069004
19385.0   0.068972
19387.5   0.068940
19390.0   0.068907
19392.5   0.068875
19395.0   0.068843
19397.5   0.068811
19400.0   0.068779
19402.5   0.068746
19405.0   0.068714
19407.5   0.068682
19410.0   0.068650
19412.5   0.068618
19415.0   0.068586
19417.5   0.068554
19420.0   0.068522
19422.5   0.068489
19425.0   0.068457
19427.5   0.068425
19430.0   0.068393
19432.5   0.068361
19435.0   0.068329
19437.5   0.068297
19440.0   0.068265
19442.5   0.068233
19445.0   0.068201
19447.5   0.068169
19450.0   0.068137
19452.5   0.068105
19455.0   0.068073
19457.5   0.068041
19460.0   0.068009
19462.5   0.067977
19465.0   0.067945
19467.5   0.067913
19470.0   0.067881
19472.5   0.067850
19475.0   0.067818
19477.5   0.067786
19480.0   0.067754
19482.5   0.067722
19485.0   0.067690
19487.5   0.067658
19490.0   0.067626
19492.5   0.067594
19495.0   0.067563
19497.5   0.067532
19500.0   0.067500
19502.5   0.067465
19505.0   0.067430
19507.5   0.067401
19510.0   0.067381
19512.5   0.067372
19515.0   0.067374
19517.5   0.067384
19520.0   0.067402
19522.5   0.067429
19525.0   0.067465
19527.5   0.067512
19530.0   0.067569
19532.5   0.067636
19535.0   0.067714
19537.5   0.067803
19540.0   0.067901
19542.5   0.068008
19545.0   0.068123
19547.5   0.068245
19550.0   0.068371
19552.5   0.068499
19555.0   0.068624
19557.5   0.068744
19560.0   0.068854
19562.5   0.068952
19565.0   0.069034
19567.5   0.069098
19570.0   0.069142
19572.5   0.069165
19575.0   0.069167
19577.5   0.069149
19580.0   0.069113
19582.5   0.069061
19585.0   0.068995
19587.5   0.068918
19590.0   0.068831
19592.5   0.068737
19595.0   0.068638
19597.5   0.068536
19600.0   0.068432
19602.5   0.068328
19605.0   0.068224
19607.5   0.068122
19610.0   0.068022
19612.5   0.067924
19615.0   0.067828
19617.5   0.067735
19620.0   0.067644
19622.5   0.067557
19625.0   0.067474
19627.5   0.067396
19630.0   0.067321
19632.5   0.067249
19635.0   0.067180
19637.5   0.067113
19640.0   0.067049
19642.5   0.066987
19645.0   0.066928
19647.5   0.066871
19650.0   0.066815
19652.5   0.066761
19655.0   0.066708
19657.5   0.066657
19660.0   0.066607
19662.5   0.066558
19665.0   0.066511
19667.5   0.066467
19670.0   0.066425
19672.5   0.066386
19675.0   0.066350
19677.5   0.066319
19680.0   0.066292
19682.5   0.066270
19685.0   0.066254
19687.5   0.066243
19690.0   0.066238
19692.5   0.066239
19695.0   0.066246
19697.5   0.066259
19700.0   0.066277
19702.5   0.066300
19705.0   0.066327
19707.5   0.066357
19710.0   0.066388
19712.5   0.066420
19715.0   0.066451
19717.5   0.066479
19720.0   0.066502
19722.5   0.066519
19725.0   0.066529
19727.5   0.066531
19730.0   0.066523
19732.5   0.066504
19735.0   0.066476
19737.5   0.066438
19740.0   0.066392
19742.5   0.066337
19745.0   0.066274
19747.5   0.066206
19750.0   0.066133
19752.5   0.066057
19755.0   0.065979
19757.5   0.065901
19760.0   0.065823
19762.5   0.065746
19765.0   0.065672
19767.5   0.065602
19770.0   0.065535
19772.5   0.065472
19775.0   0.065414
19777.5   0.065361
19780.0   0.065313
19782.5   0.065270
19785.0   0.065231
19787.5   0.065196
19790.0   0.065165
19792.5   0.065137
19795.0   0.065110
19797.5   0.065085
19800.0   0.065060
19802.5   0.065035
19805.0   0.065010
19807.5   0.064983
19810.0   0.064955
19812.5   0.064925
19815.0   0.064894
19817.5   0.064861
19820.0   0.064828
19822.5   0.064794
19825.0   0.064760
19827.5   0.064726
19830.0   0.064693
19832.5   0.064663
19835.0   0.064637
19837.5   0.064616
19840.0   0.064600
19842.5   0.064588
19845.0   0.064580
19847.5   0.064576
19850.0   0.064577
19852.5   0.064582
19855.0   0.064592
19857.5   0.064605
19860.0   0.064620
19862.5   0.064636
19865.0   0.064652
19867.5   0.064666
19870.0   0.064677
19872.5   0.064682
19875.0   0.064680
19877.5   0.064670
19880.0   0.064650
19882.5   0.064619
19885.0   0.064577
19887.5   0.064523
19890.0   0.064458
19892.5   0.064381
19895.0   0.064294
19897.5   0.064199
19900.0   0.064096
19902.5   0.063988
19905.0   0.063876
19907.5   0.063763
19910.0   0.063650
19912.5   0.063540
19915.0   0.063434
19917.5   0.063334
19920.0   0.063242
19922.5   0.063158
19925.0   0.063084
19927.5   0.063020
19930.0   0.062966
19932.5   0.062923
19935.0   0.062890
19937.5   0.062867
19940.0   0.062854
19942.5   0.062848
19945.0   0.062850
19947.5   0.062858
19950.0   0.062870
19952.5   0.062884
19955.0   0.062898
19957.5   0.062911
19960.0   0.062920
19962.5   0.062924
19965.0   0.062922
19967.5   0.062912
19970.0   0.062892
19972.5   0.062861
19975.0   0.062820
19977.5   0.062768
19980.0   0.062704
19982.5   0.062630
19985.0   0.062545
19987.5   0.062452
19990.0   0.062351
19992.5   0.062245
19995.0   0.062135
19997.5   0.062025
20000.0   0.061917
20002.5   0.061815
20005.0   0.061723
20007.5   0.061646
20010.0   0.061589
20012.5   0.061556
20015.0   0.061551
20017.5   0.061580
20020.0   0.061644
20022.5   0.061745
20025.0   0.061883
20027.5   0.062053
20030.0   0.062246
20032.5   0.062450
20035.0   0.062655
20037.5   0.062853
20040.0   0.063037
20042.5   0.063200
20045.0   0.063327
20047.5   0.063404
20050.0   0.063425
20052.5   0.063390
20055.0   0.063316
20057.5   0.063221
20060.0   0.063111
20062.5   0.062987
20065.0   0.062851
20067.5   0.062705
20070.0   0.062555
20072.5   0.062406
20075.0   0.062263
20077.5   0.062130
20080.0   0.062009
20082.5   0.061903
20085.0   0.061814
20087.5   0.061746
20090.0   0.061701
20092.5   0.061681
20095.0   0.061688
20097.5   0.061724
20100.0   0.061790
20102.5   0.061887
20105.0   0.062015
20107.5   0.062174
20110.0   0.062362
20112.5   0.062576
20115.0   0.062812
20117.5   0.063065
20120.0   0.063328
20122.5   0.063595
20125.0   0.063857
20127.5   0.064106
20130.0   0.064334
20132.5   0.064535
20135.0   0.064701
20137.5   0.064828
20140.0   0.064914
20142.5   0.064958
20145.0   0.064960
20147.5   0.064922
20150.0   0.064847
20152.5   0.064740
20155.0   0.064604
20157.5   0.064445
20160.0   0.064269
20162.5   0.064081
20165.0   0.063885
20167.5   0.063686
20170.0   0.063487
20172.5   0.063293
20175.0   0.063107
20177.5   0.062931
20180.0   0.062766
20182.5   0.062615
20185.0   0.062478
20187.5   0.062356
20190.0   0.062248
20192.5   0.062154
20195.0   0.062073
20197.5   0.062004
20200.0   0.061945
20202.5   0.061895
20205.0   0.061851
20207.5   0.061813
20210.0   0.061779
20212.5   0.061747
20215.0   0.061717
20217.5   0.061687
20220.0   0.061657
20222.5   0.061625
20225.0   0.061591
20227.5   0.061556
20230.0   0.061520
20232.5   0.061481
20235.0   0.061441
20237.5   0.061399
20240.0   0.061357
20242.5   0.061314
20245.0   0.061271
20247.5   0.061229
20250.0   0.061189
20252.5   0.061151
20255.0   0.061114
20257.5   0.061079
20260.0   0.061047
20262.5   0.061017
20265.0   0.060989
20267.5   0.060964
20270.0   0.060942
20272.5   0.060922
20275.0   0.060904
20277.5   0.060886
20280.0   0.060869
20282.5   0.060852
20285.0   0.060834
20287.5   0.060816
20290.0   0.060796
20292.5   0.060774
20295.0   0.060751
20297.5   0.060726
20300.0   0.060698
20302.5   0.060668
20305.0   0.060636
20307.5   0.060601
20310.0   0.060564
20312.5   0.060525
20315.0   0.060483
20317.5   0.060439
20320.0   0.060394
20322.5   0.060347
20325.0   0.060298
20327.5   0.060248
20330.0   0.060196
20332.5   0.060142
20335.0   0.060085
20337.5   0.060027
20340.0   0.059966
20342.5   0.059903
20345.0   0.059837
20347.5   0.059768
20350.0   0.059697
20352.5   0.059624
20355.0   0.059549
20357.5   0.059472
20360.0   0.059394
20362.5   0.059314
20365.0   0.059232
20367.5   0.059150
20370.0   0.059068
20372.5   0.058987
20375.0   0.058906
20377.5   0.058827
20380.0   0.058751
20382.5   0.058679
20385.0   0.058612
20387.5   0.058550
20390.0   0.058493
20392.5   0.058442
20395.0   0.058399
20397.5   0.058364
20400.0   0.058336
20402.5   0.058316
20405.0   0.058303
20407.5   0.058298
20410.0   0.058300
20412.5   0.058309
20415.0   0.058323
20417.5   0.058342
20420.0   0.058366
20422.5   0.058392
20425.0   0.058420
20427.5   0.058448
20430.0   0.058474
20432.5   0.058498
20435.0   0.058518
20437.5   0.058533
20440.0   0.058541
20442.5   0.058542
20445.0   0.058535
20447.5   0.058519
20450.0   0.058494
20452.5   0.058459
20455.0   0.058415
20457.5   0.058363
20460.0   0.058303
20462.5   0.058236
20465.0   0.058164
20467.5   0.058086
20470.0   0.058005
20472.5   0.057921
20475.0   0.057837
20477.5   0.057755
20480.0   0.057675
20482.5   0.057598
20485.0   0.057525
20487.5   0.057458
20490.0   0.057401
20492.5   0.057359
20495.0   0.057332
20497.5   0.057321
20500.0   0.057322
20502.5   0.057334
20505.0   0.057357
20507.5   0.057393
20510.0   0.057441
20512.5   0.057502
20515.0   0.057573
20517.5   0.057652
20520.0   0.057737
20522.5   0.057825
20525.0   0.057914
20527.5   0.058000
20530.0   0.058081
20532.5   0.058153
20535.0   0.058213
20537.5   0.058259
20540.0   0.058289
20542.5   0.058300
20545.0   0.058292
20547.5   0.058264
20550.0   0.058216
20552.5   0.058149
20555.0   0.058065
20557.5   0.057966
20560.0   0.057853
20562.5   0.057730
20565.0   0.057601
20567.5   0.057470
20570.0   0.057341
20572.5   0.057214
20575.0   0.057083
20577.5   0.056945
20580.0   0.056816
20582.5   0.056715
20585.0   0.056663
20587.5   0.056663
20590.0   0.056635
20592.5   0.056494
20595.0   0.056205
20597.5   0.055766
20600.0   0.055263
20602.5   0.054787
20605.0   0.054363
20607.5   0.053996
20610.0   0.053673
20612.5   0.053380
20615.0   0.053122
20617.5   0.052911
20620.0   0.052752
20622.5   0.052651
20625.0   0.052606
20627.5   0.052615
20630.0   0.052675
20632.5   0.052782
20635.0   0.052932
20637.5   0.053119
20640.0   0.053336
20642.5   0.053574
20645.0   0.053824
20647.5   0.054077
20650.0   0.054323
20652.5   0.054554
20655.0   0.054760
20657.5   0.054934
20660.0   0.055070
20662.5   0.055161
20665.0   0.055203
20667.5   0.055194
20670.0   0.055133
20672.5   0.055020
20675.0   0.054858
20677.5   0.054651
20680.0   0.054405
20682.5   0.054126
20685.0   0.053822
20687.5   0.053503
20690.0   0.053179
20692.5   0.052858
20695.0   0.052550
20697.5   0.052266
20700.0   0.052015
20702.5   0.051809
20705.0   0.051655
20707.5   0.051560
20710.0   0.051521
20712.5   0.051533
20715.0   0.051599
20717.5   0.051724
20720.0   0.051921
20722.5   0.052202
20725.0   0.052555
20727.5   0.052963
20730.0   0.053405
20732.5   0.053862
20735.0   0.054329
20737.5   0.054802
20740.0   0.055275
20742.5   0.055742
20745.0   0.056191
20747.5   0.056610
20750.0   0.056989
20752.5   0.057322
20755.0   0.057603
20757.5   0.057827
20760.0   0.057991
20762.5   0.058093
20765.0   0.058132
20767.5   0.058108
20770.0   0.058024
20772.5   0.057883
20775.0   0.057690
20777.5   0.057449
20780.0   0.057165
20782.5   0.056846
20785.0   0.056499
20787.5   0.056132
20790.0   0.055751
20792.5   0.055365
20795.0   0.054980
20797.5   0.054605
20800.0   0.054245
20802.5   0.053907
20805.0   0.053596
20807.5   0.053318
20810.0   0.053076
20812.5   0.052872
20815.0   0.052710
20817.5   0.052591
20820.0   0.052514
20822.5   0.052480
20825.0   0.052486
20827.5   0.052531
20830.0   0.052613
20832.5   0.052727
20835.0   0.052870
20837.5   0.053037
20840.0   0.053224
20842.5   0.053427
20845.0   0.053640
20847.5   0.053860
20850.0   0.054081
20852.5   0.054300
20855.0   0.054512
20857.5   0.054714
20860.0   0.054902
20862.5   0.055073
20865.0   0.055225
20867.5   0.055355
20870.0   0.055463
20872.5   0.055546
20875.0   0.055604
20877.5   0.055636
20880.0   0.055641
20882.5   0.055620
20885.0   0.055574
20887.5   0.055504
20890.0   0.055410
20892.5   0.055293
20895.0   0.055155
20897.5   0.054997
20900.0   0.054820
20902.5   0.054626
20905.0   0.054416
20907.5   0.054191
20910.0   0.053952
20912.5   0.053700
20915.0   0.053437
20917.5   0.053165
20920.0   0.052884
20922.5   0.052596
20925.0   0.052302
20927.5   0.052004
20930.0   0.051705
20932.5   0.051406
20935.0   0.051110
20937.5   0.050822
20940.0   0.050543
20942.5   0.050276
20945.0   0.050019
20947.5   0.049773
20950.0   0.049542
20952.5   0.049333
20955.0   0.049155
20957.5   0.049017
20960.0   0.048918
20962.5   0.048853
20965.0   0.048817
20967.5   0.048808
20970.0   0.048828
20972.5   0.048880
20975.0   0.048964
20977.5   0.049082
20980.0   0.049230
20982.5   0.049406
20985.0   0.049605
20987.5   0.049826
20990.0   0.050066
20992.5   0.050324
20995.0   0.050594
20997.5   0.050867
21000.0   0.051137
21002.5   0.051396
21005.0   0.051640
21007.5   0.051864
21010.0   0.052065
21012.5   0.052239
21015.0   0.052384
21017.5   0.052496
21020.0   0.052573
21022.5   0.052614
21025.0   0.052617
21027.5   0.052582
21030.0   0.052510
21032.5   0.052402
21035.0   0.052260
21037.5   0.052086
21040.0   0.051886
21042.5   0.051667
21045.0   0.051436
21047.5   0.051198
21050.0   0.050958
21052.5   0.050721
21055.0   0.050491
21057.5   0.050272
21060.0   0.050068
21062.5   0.049884
21065.0   0.049723
21067.5   0.049586
21070.0   0.049476
21072.5   0.049394
21075.0   0.049341
21077.5   0.049315
21080.0   0.049316
21082.5   0.049343
21085.0   0.049391
21087.5   0.049455
21090.0   0.049532
21092.5   0.049617
21095.0   0.049708
21097.5   0.049800
21100.0   0.049890
21102.5   0.049975
21105.0   0.050052
21107.5   0.050119
21110.0   0.050173
21112.5   0.050210
21115.0   0.050229
21117.5   0.050227
21120.0   0.050204
21122.5   0.050160
21125.0   0.050095
21127.5   0.050012
21130.0   0.049915
21132.5   0.049808
21135.0   0.049694
21137.5   0.049577
21140.0   0.049459
21142.5   0.049342
21145.0   0.049229
21147.5   0.049123
21150.0   0.049026
21152.5   0.048941
21155.0   0.048872
21157.5   0.048821
21160.0   0.048790
21162.5   0.048781
21165.0   0.048794
21167.5   0.048827
21170.0   0.048881
21172.5   0.048953
21175.0   0.049041
21177.5   0.049141
21180.0   0.049250
21182.5   0.049368
21185.0   0.049491
21187.5   0.049617
21190.0   0.049743
21192.5   0.049864
21195.0   0.049973
21197.5   0.050066
21200.0   0.050142
21202.5   0.050203
21205.0   0.050249
21207.5   0.050280
21210.0   0.050296
21212.5   0.050295
21215.0   0.050278
21217.5   0.050244
21220.0   0.050195
21222.5   0.050133
21225.0   0.050061
21227.5   0.049981
21230.0   0.049896
21232.5   0.049807
21235.0   0.049717
21237.5   0.049629
21240.0   0.049544
21242.5   0.049466
21245.0   0.049395
21247.5   0.049334
21250.0   0.049283
21252.5   0.049243
21255.0   0.049215
21257.5   0.049198
21260.0   0.049192
21262.5   0.049196
21265.0   0.049208
21267.5   0.049227
21270.0   0.049251
21272.5   0.049279
21275.0   0.049307
21277.5   0.049334
21280.0   0.049358
21282.5   0.049378
21285.0   0.049391
21287.5   0.049395
21290.0   0.049390
21292.5   0.049375
21295.0   0.049350
21297.5   0.049314
21300.0   0.049267
21302.5   0.049210
21305.0   0.049144
21307.5   0.049071
21310.0   0.048991
21312.5   0.048907
21315.0   0.048820
21317.5   0.048733
21320.0   0.048649
21322.5   0.048568
21325.0   0.048494
21327.5   0.048429
21330.0   0.048374
21332.5   0.048332
21335.0   0.048305
21337.5   0.048294
21340.0   0.048300
21342.5   0.048324
21345.0   0.048367
21347.5   0.048428
21350.0   0.048507
21352.5   0.048604
21355.0   0.048718
21357.5   0.048846
21360.0   0.048987
21362.5   0.049138
21365.0   0.049297
21367.5   0.049460
21370.0   0.049625
21372.5   0.049787
21375.0   0.049944
21377.5   0.050092
21380.0   0.050228
21382.5   0.050349
21385.0   0.050451
21387.5   0.050532
21390.0   0.050590
21392.5   0.050624
21395.0   0.050631
21397.5   0.050611
21400.0   0.050563
21402.5   0.050488
21405.0   0.050385
21407.5   0.050256
21410.0   0.050102
21412.5   0.049925
21415.0   0.049726
21417.5   0.049508
21420.0   0.049275
21422.5   0.049029
21425.0   0.048773
21427.5   0.048510
21430.0   0.048241
21432.5   0.047968
21435.0   0.047695
21437.5   0.047427
21440.0   0.047170
21442.5   0.046928
21445.0   0.046704
21447.5   0.046497
21450.0   0.046307
21452.5   0.046134
21455.0   0.045981
21457.5   0.045849
21460.0   0.045741
21462.5   0.045659
21465.0   0.045602
21467.5   0.045571
21470.0   0.045564
21472.5   0.045582
21475.0   0.045623
21477.5   0.045687
21480.0   0.045772
21482.5   0.045876
21485.0   0.045997
21487.5   0.046134
21490.0   0.046284
21492.5   0.046444
21495.0   0.046612
21497.5   0.046785
21500.0   0.046961
21502.5   0.047136
21505.0   0.047307
21507.5   0.047472
21510.0   0.047629
21512.5   0.047775
21515.0   0.047907
21517.5   0.048023
21520.0   0.048120
21522.5   0.048198
21525.0   0.048254
21527.5   0.048288
21530.0   0.048299
21532.5   0.048290
21535.0   0.048260
21537.5   0.048211
21540.0   0.048146
21542.5   0.048066
21545.0   0.047973
21547.5   0.047868
21550.0   0.047753
21552.5   0.047628
21555.0   0.047495
21557.5   0.047358
21560.0   0.047220
21562.5   0.047084
21565.0   0.046952
21567.5   0.046829
21570.0   0.046716
21572.5   0.046616
21575.0   0.046531
21577.5   0.046461
21580.0   0.046405
21582.5   0.046364
21585.0   0.046338
21587.5   0.046327
21590.0   0.046330
21592.5   0.046349
21595.0   0.046386
21597.5   0.046446
21600.0   0.046527
21602.5   0.046624
21605.0   0.046720
21607.5   0.046797
21610.0   0.046847
21612.5   0.046868
21615.0   0.046869
21617.5   0.046859
21620.0   0.046840
21622.5   0.046814
21625.0   0.046780
21627.5   0.046738
21630.0   0.046686
21632.5   0.046623
21635.0   0.046548
21637.5   0.046458
21640.0   0.046353
21642.5   0.046235
21645.0   0.046105
21647.5   0.045964
21650.0   0.045814
21652.5   0.045656
21655.0   0.045492
21657.5   0.045325
21660.0   0.045157
21662.5   0.044992
21665.0   0.044834
21667.5   0.044684
21670.0   0.044542
21672.5   0.044409
21675.0   0.044286
21677.5   0.044177
21680.0   0.044090
21682.5   0.044032
21685.0   0.044005
21687.5   0.044010
21690.0   0.044041
21692.5   0.044093
21695.0   0.044163
21697.5   0.044251
21700.0   0.044357
21702.5   0.044482
21705.0   0.044624
21707.5   0.044781
21710.0   0.044950
21712.5   0.045128
21715.0   0.045305
21717.5   0.045471
21720.0   0.045613
21722.5   0.045723
21725.0   0.045811
21727.5   0.045893
21730.0   0.045984
21732.5   0.046093
21735.0   0.046211
21737.5   0.046323
21740.0   0.046416
21742.5   0.046481
21745.0   0.046519
21747.5   0.046531
21750.0   0.046517
21752.5   0.046477
21755.0   0.046411
21757.5   0.046316
21760.0   0.046193
21762.5   0.046042
21765.0   0.045865
21767.5   0.045667
21770.0   0.045450
21772.5   0.045218
21775.0   0.044974
21777.5   0.044723
21780.0   0.044469
21782.5   0.044216
21785.0   0.043968
21787.5   0.043731
21790.0   0.043507
21792.5   0.043300
21795.0   0.043114
21797.5   0.042953
21800.0   0.042818
21802.5   0.042711
21805.0   0.042634
21807.5   0.042588
21810.0   0.042574
21812.5   0.042591
21815.0   0.042639
21817.5   0.042717
21820.0   0.042824
21822.5   0.042958
21825.0   0.043117
21827.5   0.043298
21830.0   0.043499
21832.5   0.043716
21835.0   0.043946
21837.5   0.044186
21840.0   0.044434
21842.5   0.044685
21845.0   0.044936
21847.5   0.045183
21850.0   0.045424
21852.5   0.045656
21855.0   0.045875
21857.5   0.046079
21860.0   0.046266
21862.5   0.046434
21865.0   0.046581
21867.5   0.046706
21870.0   0.046807
21872.5   0.046884
21875.0   0.046937
21877.5   0.046965
21880.0   0.046970
21882.5   0.046951
21885.0   0.046910
21887.5   0.046847
21890.0   0.046764
21892.5   0.046662
21895.0   0.046542
21897.5   0.046407
21900.0   0.046259
21902.5   0.046099
21905.0   0.045928
21907.5   0.045749
21910.0   0.045564
21912.5   0.045373
21915.0   0.045180
21917.5   0.044986
21920.0   0.044795
21922.5   0.044608
21925.0   0.044424
21927.5   0.044243
21930.0   0.044065
21932.5   0.043891
21935.0   0.043723
21937.5   0.043564
21940.0   0.043417
21942.5   0.043285
21945.0   0.043167
21947.5   0.043061
21950.0   0.042966
21952.5   0.042882
21955.0   0.042809
21957.5   0.042750
21960.0   0.042704
21962.5   0.042673
21965.0   0.042655
21967.5   0.042650
21970.0   0.042657
21972.5   0.042675
21975.0   0.042703
21977.5   0.042742
21980.0   0.042791
21982.5   0.042848
21985.0   0.042912
21987.5   0.042980
21990.0   0.043050
21992.5   0.043120
21995.0   0.043188
21997.5   0.043252
22000.0   0.043311
22002.5   0.043362
22005.0   0.043404
22007.5   0.043435
22010.0   0.043454
22012.5   0.043460
22015.0   0.043453
22017.5   0.043432
22020.0   0.043397
22022.5   0.043348
22025.0   0.043287
22027.5   0.043214
22030.0   0.043129
22032.5   0.043035
22035.0   0.042932
22037.5   0.042823
22040.0   0.042709
22042.5   0.042593
22045.0   0.042479
22047.5   0.042369
22050.0   0.042266
22052.5   0.042171
22055.0   0.042087
22057.5   0.042014
22060.0   0.041952
22062.5   0.041901
22065.0   0.041860
22067.5   0.041829
22070.0   0.041808
22072.5   0.041798
22075.0   0.041801
22077.5   0.041817
22080.0   0.041847
22082.5   0.041890
22085.0   0.041946
22087.5   0.042014
22090.0   0.042092
22092.5   0.042178
22095.0   0.042269
22097.5   0.042363
22100.0   0.042460
22102.5   0.042560
22105.0   0.042664
22107.5   0.042771
22110.0   0.042880
22112.5   0.042992
22115.0   0.043105
22117.5   0.043219
22120.0   0.043331
22122.5   0.043440
22125.0   0.043545
22127.5   0.043643
22130.0   0.043733
22132.5   0.043815
22135.0   0.043887
22137.5   0.043950
22140.0   0.044001
22142.5   0.044040
22145.0   0.044068
22147.5   0.044084
22150.0   0.044089
22152.5   0.044082
22155.0   0.044064
22157.5   0.044035
22160.0   0.043996
22162.5   0.043948
22165.0   0.043891
22167.5   0.043827
22170.0   0.043756
22172.5   0.043679
22175.0   0.043598
22177.5   0.043512
22180.0   0.043424
22182.5   0.043334
22185.0   0.043244
22187.5   0.043153
22190.0   0.043062
22192.5   0.042972
22195.0   0.042882
22197.5   0.042794
22200.0   0.042708
22202.5   0.042625
22205.0   0.042546
22207.5   0.042471
22210.0   0.042398
22212.5   0.042327
22215.0   0.042258
22217.5   0.042191
22220.0   0.042125
22222.5   0.042061
22225.0   0.042000
22227.5   0.041941
22230.0   0.041883
22232.5   0.041827
22235.0   0.041773
22237.5   0.041720
22240.0   0.041670
22242.5   0.041622
22245.0   0.041577
22247.5   0.041534
22250.0   0.041494
22252.5   0.041457
22255.0   0.041424
22257.5   0.041394
22260.0   0.041368
22262.5   0.041346
22265.0   0.041328
22267.5   0.041314
22270.0   0.041303
22272.5   0.041297
22275.0   0.041294
22277.5   0.041294
22280.0   0.041298
22282.5   0.041305
22285.0   0.041314
22287.5   0.041325
22290.0   0.041337
22292.5   0.041351
22295.0   0.041366
22297.5   0.041381
22300.0   0.041396
22302.5   0.041410
22305.0   0.041424
22307.5   0.041436
22310.0   0.041447
22312.5   0.041456
22315.0   0.041463
22317.5   0.041467
22320.0   0.041469
22322.5   0.041468
22325.0   0.041465
22327.5   0.041458
22330.0   0.041448
22332.5   0.041435
22335.0   0.041419
22337.5   0.041400
22340.0   0.041379
22342.5   0.041355
22345.0   0.041329
22347.5   0.041300
22350.0   0.041269
22352.5   0.041237
22355.0   0.041203
22357.5   0.041168
22360.0   0.041131
22362.5   0.041094
22365.0   0.041056
22367.5   0.041018
22370.0   0.040979
22372.5   0.040939
22375.0   0.040899
22377.5   0.040858
22380.0   0.040817
22382.5   0.040775
22385.0   0.040733
22387.5   0.040690
22390.0   0.040646
22392.5   0.040601
22395.0   0.040555
22397.5   0.040509
22400.0   0.040462
22402.5   0.040415
22405.0   0.040368
22407.5   0.040321
22410.0   0.040274
22412.5   0.040228
22415.0   0.040184
22417.5   0.040141
22420.0   0.040100
22422.5   0.040062
22425.0   0.040028
22427.5   0.039998
22430.0   0.039972
22432.5   0.039951
22435.0   0.039935
22437.5   0.039925
22440.0   0.039922
22442.5   0.039926
22445.0   0.039936
22447.5   0.039953
22450.0   0.039978
22452.5   0.040011
22455.0   0.040051
22457.5   0.040098
22460.0   0.040152
22462.5   0.040212
22465.0   0.040277
22467.5   0.040347
22470.0   0.040421
22472.5   0.040500
22475.0   0.040583
22477.5   0.040668
22480.0   0.040753
22482.5   0.040836
22485.0   0.040917
22487.5   0.040994
22490.0   0.041066
22492.5   0.041132
22495.0   0.041191
22497.5   0.041243
22500.0   0.041287
22502.5   0.041321
22505.0   0.041346
22507.5   0.041361
22510.0   0.041365
22512.5   0.041359
22515.0   0.041344
22517.5   0.041319
22520.0   0.041286
22522.5   0.041245
22525.0   0.041196
22527.5   0.041142
22530.0   0.041082
22532.5   0.041018
22535.0   0.040952
22537.5   0.040885
22540.0   0.040817
22542.5   0.040750
22545.0   0.040685
22547.5   0.040623
22550.0   0.040566
22552.5   0.040513
22555.0   0.040466
22557.5   0.040425
22560.0   0.040390
22562.5   0.040362
22565.0   0.040341
22567.5   0.040326
22570.0   0.040317
22572.5   0.040314
22575.0   0.040316
22577.5   0.040322
22580.0   0.040332
22582.5   0.040344
22585.0   0.040358
22587.5   0.040372
22590.0   0.040385
22592.5   0.040396
22595.0   0.040405
22597.5   0.040409
22600.0   0.040408
22602.5   0.040400
22605.0   0.040385
22607.5   0.040363
22610.0   0.040332
22612.5   0.040292
22615.0   0.040243
22617.5   0.040185
22620.0   0.040118
22622.5   0.040042
22625.0   0.039957
22627.5   0.039865
22630.0   0.039767
22632.5   0.039662
22635.0   0.039553
22637.5   0.039441
22640.0   0.039326
22642.5   0.039210
22645.0   0.039094
22647.5   0.038980
22650.0   0.038870
22652.5   0.038764
22655.0   0.038664
22657.5   0.038570
22660.0   0.038484
22662.5   0.038406
22665.0   0.038337
22667.5   0.038278
22670.0   0.038228
22672.5   0.038188
22675.0   0.038158
22677.5   0.038137
22680.0   0.038125
22682.5   0.038122
22685.0   0.038126
22687.5   0.038137
22690.0   0.038154
22692.5   0.038175
22695.0   0.038199
22697.5   0.038226
22700.0   0.038253
22702.5   0.038280
22705.0   0.038305
22707.5   0.038328
22710.0   0.038347
22712.5   0.038362
22715.0   0.038371
22717.5   0.038375
22720.0   0.038372
22722.5   0.038363
22725.0   0.038347
22727.5   0.038325
22730.0   0.038298
22732.5   0.038265
22735.0   0.038227
22737.5   0.038185
22740.0   0.038139
22742.5   0.038091
22745.0   0.038042
22747.5   0.037995
22750.0   0.037951
22752.5   0.037910
22755.0   0.037874
22757.5   0.037843
22760.0   0.037819
22762.5   0.037801
22765.0   0.037791
22767.5   0.037790
22770.0   0.037798
22772.5   0.037816
22775.0   0.037843
22777.5   0.037879
22780.0   0.037925
22782.5   0.037979
22785.0   0.038041
22787.5   0.038109
22790.0   0.038182
22792.5   0.038259
22795.0   0.038339
22797.5   0.038420
22800.0   0.038499
22802.5   0.038575
22805.0   0.038647
22807.5   0.038712
22810.0   0.038768
22812.5   0.038814
22815.0   0.038847
22817.5   0.038867
22820.0   0.038871
22822.5   0.038859
22825.0   0.038830
22827.5   0.038782
22830.0   0.038716
22832.5   0.038631
22835.0   0.038527
22837.5   0.038405
22840.0   0.038266
22842.5   0.038110
22845.0   0.037940
22847.5   0.037756
22850.0   0.037561
22852.5   0.037356
22855.0   0.037143
22857.5   0.036926
22860.0   0.036707
22862.5   0.036488
22865.0   0.036272
22867.5   0.036061
22870.0   0.035858
22872.5   0.035666
22875.0   0.035486
22877.5   0.035321
22880.0   0.035172
22882.5   0.035042
22885.0   0.034932
22887.5   0.034842
22890.0   0.034774
22892.5   0.034729
22895.0   0.034707
22897.5   0.034707
22900.0   0.034730
22902.5   0.034774
22905.0   0.034840
22907.5   0.034926
22910.0   0.035030
22912.5   0.035151
22915.0   0.035287
22917.5   0.035437
22920.0   0.035597
22922.5   0.035766
22925.0   0.035941
22927.5   0.036121
22930.0   0.036302
22932.5   0.036482
22935.0   0.036659
22937.5   0.036830
22940.0   0.036993
22942.5   0.037147
22945.0   0.037289
22947.5   0.037417
22950.0   0.037531
22952.5   0.037629
22955.0   0.037710
22957.5   0.037774
22960.0   0.037819
22962.5   0.037846
22965.0   0.037856
22967.5   0.037849
22970.0   0.037826
22972.5   0.037787
22975.0   0.037734
22977.5   0.037669
22980.0   0.037593
22982.5   0.037508
22985.0   0.037416
22987.5   0.037319
22990.0   0.037220
22992.5   0.037121
22995.0   0.037023
22997.5   0.036929
23000.0   0.036841
23002.5   0.036761
23005.0   0.036690
23007.5   0.036631
23010.0   0.036586
23012.5   0.036555
23015.0   0.036539
23017.5   0.036536
23020.0   0.036546
23022.5   0.036568
23025.0   0.036604
23027.5   0.036656
23030.0   0.036724
23032.5   0.036810
23035.0   0.036911
23037.5   0.037025
23040.0   0.037146
23042.5   0.037271
23045.0   0.037397
23047.5   0.037522
23050.0   0.037644
23052.5   0.037764
23055.0   0.037879
23057.5   0.037987
23060.0   0.038086
23062.5   0.038173
23065.0   0.038247
23067.5   0.038305
23070.0   0.038346
23072.5   0.038369
23075.0   0.038374
23077.5   0.038358
23080.0   0.038323
23082.5   0.038268
23085.0   0.038193
23087.5   0.038099
23090.0   0.037986
23092.5   0.037855
23095.0   0.037708
23097.5   0.037545
23100.0   0.037369
23102.5   0.037182
23105.0   0.036985
23107.5   0.036781
23110.0   0.036571
23112.5   0.036358
23115.0   0.036145
23117.5   0.035934
23120.0   0.035726
23122.5   0.035525
23125.0   0.035332
23127.5   0.035151
23130.0   0.034982
23132.5   0.034827
23135.0   0.034689
23137.5   0.034569
23140.0   0.034467
23142.5   0.034385
23145.0   0.034324
23147.5   0.034284
23150.0   0.034265
23152.5   0.034267
23155.0   0.034289
23157.5   0.034332
23160.0   0.034393
23162.5   0.034472
23165.0   0.034566
23167.5   0.034674
23170.0   0.034795
23172.5   0.034926
23175.0   0.035064
23177.5   0.035208
23180.0   0.035354
23182.5   0.035500
23185.0   0.035644
23187.5   0.035784
23190.0   0.035916
23192.5   0.036039
23195.0   0.036150
23197.5   0.036248
23200.0   0.036332
23202.5   0.036399
23205.0   0.036449
23207.5   0.036481
23210.0   0.036495
23212.5   0.036490
23215.0   0.036466
23217.5   0.036423
23220.0   0.036363
23222.5   0.036286
23225.0   0.036193
23227.5   0.036085
23230.0   0.035964
23232.5   0.035832
23235.0   0.035690
23237.5   0.035541
23240.0   0.035387
23242.5   0.035230
23245.0   0.035073
23247.5   0.034917
23250.0   0.034764
23252.5   0.034617
23255.0   0.034477
23257.5   0.034347
23260.0   0.034229
23262.5   0.034123
23265.0   0.034030
23267.5   0.033952
23270.0   0.033890
23272.5   0.033843
23275.0   0.033812
23277.5   0.033797
23280.0   0.033797
23282.5   0.033812
23285.0   0.033841
23287.5   0.033882
23290.0   0.033935
23292.5   0.033998
23295.0   0.034070
23297.5   0.034147
23300.0   0.034228
23302.5   0.034311
23305.0   0.034395
23307.5   0.034480
23310.0   0.034564
23312.5   0.034647
23315.0   0.034724
23317.5   0.034793
23320.0   0.034849
23322.5   0.034891
23325.0   0.034917
23327.5   0.034929
23330.0   0.034928
23332.5   0.034916
23335.0   0.034894
23337.5   0.034861
23340.0   0.034818
23342.5   0.034763
23345.0   0.034697
23347.5   0.034620
23350.0   0.034535
23352.5   0.034443
23355.0   0.034347
23357.5   0.034248
23360.0   0.034148
23362.5   0.034048
23365.0   0.033950
23367.5   0.033857
23370.0   0.033770
23372.5   0.033691
23375.0   0.033621
23377.5   0.033562
23380.0   0.033515
23382.5   0.033481
23385.0   0.033461
23387.5   0.033455
23390.0   0.033464
23392.5   0.033487
23395.0   0.033525
23397.5   0.033576
23400.0   0.033641
23402.5   0.033718
23405.0   0.033805
23407.5   0.033901
23410.0   0.034005
23412.5   0.034115
23415.0   0.034229
23417.5   0.034345
23420.0   0.034461
23422.5   0.034574
23425.0   0.034683
23427.5   0.034786
23430.0   0.034881
23432.5   0.034965
23435.0   0.035037
23437.5   0.035096
23440.0   0.035140
23442.5   0.035168
23445.0   0.035180
23447.5   0.035175
23450.0   0.035152
23452.5   0.035111
23455.0   0.035053
23457.5   0.034978
23460.0   0.034887
23462.5   0.034781
23465.0   0.034662
23467.5   0.034531
23470.0   0.034389
23472.5   0.034239
23475.0   0.034083
23477.5   0.033922
23480.0   0.033759
23482.5   0.033597
23485.0   0.033437
23487.5   0.033282
23490.0   0.033133
23492.5   0.032993
23495.0   0.032863
23497.5   0.032745
23500.0   0.032641
23502.5   0.032551
23505.0   0.032477
23507.5   0.032419
23510.0   0.032378
23512.5   0.032354
23515.0   0.032346
23517.5   0.032354
23520.0   0.032377
23522.5   0.032416
23525.0   0.032468
23527.5   0.032531
23530.0   0.032605
23532.5   0.032688
23535.0   0.032778
23537.5   0.032873
23540.0   0.032970
23542.5   0.033068
23545.0   0.033164
23547.5   0.033257
23550.0   0.033345
23552.5   0.033425
23555.0   0.033497
23557.5   0.033558
23560.0   0.033608
23562.5   0.033645
23565.0   0.033668
23567.5   0.033676
23570.0   0.033670
23572.5   0.033650
23575.0   0.033617
23577.5   0.033569
23580.0   0.033509
23582.5   0.033438
23585.0   0.033356
23587.5   0.033265
23590.0   0.033167
23592.5   0.033064
23595.0   0.032959
23597.5   0.032854
23600.0   0.032750
23602.5   0.032647
23605.0   0.032546
23607.5   0.032448
23610.0   0.032355
23612.5   0.032269
23615.0   0.032195
23617.5   0.032136
23620.0   0.032096
23622.5   0.032075
23625.0   0.032071
23627.5   0.032082
23630.0   0.032106
23632.5   0.032141
23635.0   0.032189
23637.5   0.032249
23640.0   0.032323
23642.5   0.032410
23645.0   0.032510
23647.5   0.032622
23650.0   0.032743
23652.5   0.032872
23655.0   0.033008
23657.5   0.033148
23660.0   0.033291
23662.5   0.033435
23665.0   0.033579
23667.5   0.033720
23670.0   0.033856
23672.5   0.033985
23675.0   0.034106
23677.5   0.034216
23680.0   0.034315
23682.5   0.034400
23685.0   0.034471
23687.5   0.034525
23690.0   0.034563
23692.5   0.034583
23695.0   0.034586
23697.5   0.034570
23700.0   0.034537
23702.5   0.034486
23705.0   0.034419
23707.5   0.034337
23710.0   0.034240
23712.5   0.034131
23715.0   0.034010
23717.5   0.033880
23720.0   0.033742
23722.5   0.033598
23725.0   0.033451
23727.5   0.033301
23730.0   0.033152
23732.5   0.033005
23735.0   0.032861
23737.5   0.032723
23740.0   0.032591
23742.5   0.032468
23745.0   0.032353
23747.5   0.032248
23750.0   0.032154
23752.5   0.032071
23755.0   0.031999
23757.5   0.031938
23760.0   0.031887
23762.5   0.031847
23765.0   0.031816
23767.5   0.031795
23770.0   0.031782
23772.5   0.031776
23775.0   0.031775
23777.5   0.031778
23780.0   0.031785
23782.5   0.031794
23785.0   0.031804
23787.5   0.031812
23790.0   0.031818
23792.5   0.031821
23795.0   0.031820
23797.5   0.031814
23800.0   0.031801
23802.5   0.031781
23805.0   0.031754
23807.5   0.031719
23810.0   0.031676
23812.5   0.031625
23815.0   0.031566
23817.5   0.031500
23820.0   0.031426
23822.5   0.031346
23825.0   0.031260
23827.5   0.031169
23830.0   0.031075
23832.5   0.030978
23835.0   0.030880
23837.5   0.030782
23840.0   0.030684
23842.5   0.030589
23845.0   0.030497
23847.5   0.030410
23850.0   0.030330
23852.5   0.030256
23855.0   0.030191
23857.5   0.030135
23860.0   0.030088
23862.5   0.030051
23865.0   0.030026
23867.5   0.030012
23870.0   0.030010
23872.5   0.030018
23875.0   0.030038
23877.5   0.030069
23880.0   0.030111
23882.5   0.030164
23885.0   0.030226
23887.5   0.030297
23890.0   0.030377
23892.5   0.030464
23895.0   0.030558
23897.5   0.030658
23900.0   0.030764
23902.5   0.030873
23905.0   0.030985
23907.5   0.031099
23910.0   0.031216
23912.5   0.031334
23915.0   0.031452
23917.5   0.031569
23920.0   0.031684
23922.5   0.031795
23925.0   0.031901
23927.5   0.032000
23930.0   0.032094
23932.5   0.032182
23935.0   0.032265
23937.5   0.032342
23940.0   0.032414
23942.5   0.032479
23945.0   0.032538
23947.5   0.032589
23950.0   0.032633
23952.5   0.032669
23955.0   0.032698
23957.5   0.032720
23960.0   0.032735
23962.5   0.032744
23965.0   0.032746
23967.5   0.032742
23970.0   0.032732
23972.5   0.032717
23975.0   0.032696
23977.5   0.032670
23980.0   0.032639
23982.5   0.032603
23985.0   0.032563
23987.5   0.032518
23990.0   0.032469
23992.5   0.032416
23995.0   0.032359
23997.5   0.032298
24000.0   0.032233
24002.5   0.032164
24005.0   0.032091
24007.5   0.032014
24010.0   0.031933
24012.5   0.031848
24015.0   0.031760
24017.5   0.031667
24020.0   0.031571
24022.5   0.031471
24025.0   0.031368
24027.5   0.031261
24030.0   0.031152
24032.5   0.031040
24035.0   0.030927
24037.5   0.030812
24040.0   0.030697
24042.5   0.030581
24045.0   0.030466
24047.5   0.030352
24050.0   0.030241
24052.5   0.030133
24055.0   0.030028
24057.5   0.029928
24060.0   0.029834
24062.5   0.029746
24065.0   0.029664
24067.5   0.029590
24070.0   0.029524
24072.5   0.029467
24075.0   0.029418
24077.5   0.029379
24080.0   0.029349
24082.5   0.029328
24085.0   0.029317
24087.5   0.029315
24090.0   0.029323
24092.5   0.029339
24095.0   0.029362
24097.5   0.029393
24100.0   0.029430
24102.5   0.029474
24105.0   0.029522
24107.5   0.029574
24110.0   0.029629
24112.5   0.029687
24115.0   0.029745
24117.5   0.029803
24120.0   0.029859
24122.5   0.029913
24125.0   0.029964
24127.5   0.030011
24130.0   0.030053
24132.5   0.030088
24135.0   0.030117
24137.5   0.030138
24140.0   0.030152
24142.5   0.030157
24145.0   0.030153
24147.5   0.030140
24150.0   0.030118
24152.5   0.030088
24155.0   0.030049
24157.5   0.030001
24160.0   0.029945
24162.5   0.029883
24165.0   0.029814
24167.5   0.029739
24170.0   0.029660
24172.5   0.029578
24175.0   0.029494
24177.5   0.029409
24180.0   0.029325
24182.5   0.029243
24185.0   0.029164
24187.5   0.029090
24190.0   0.029022
24192.5   0.028961
24195.0   0.028909
24197.5   0.028866
24200.0   0.028833
