 1200.0   0.000000
 1202.5   0.000000
 1205.0   0.000000
 1207.5  -0.000000
 1210.0   0.000000
 1212.5   0.000000
 1215.0   0.000000
 1217.5  -0.000000
 1220.0   0.000000
 1222.5   0.000000
 1225.0   0.000000
 1227.5  -0.000000
 1230.0   0.000000
 1232.5   0.000000
 1235.0   0.000000
 1237.5  -0.000000
 1240.0   0.000000
 1242.5   0.000000
 1245.0   0.000000
 1247.5  -0.000000
 1250.0   0.000000
 1252.5   0.000000
 1255.0   0.000000
 1257.5  -0.000000
 1260.0   0.000000
 1262.5   0.000000
 1265.0   0.000000
 1267.5  -0.000000
 1270.0   0.000000
 1272.5   0.000000
 1275.0   0.000000
 1277.5  -0.000000
 1280.0   0.000000
 1282.5   0.000000
 1285.0   0.000000
 1287.5  -0.000000
 1290.0   0.000000
 1292.5   0.000000
 1295.0   0.000000
 1297.5  -0.000000
 1300.0   0.000000
 1302.5   0.000000
 1305.0   0.000000
 1307.5  -0.000000
 1310.0   0.000000
 1312.5   0.000000
 1315.0   0.000000
 1317.5  -0.000000
 1320.0   0.000000
 1322.5   0.000000
 1325.0   0.000000
 1327.5  -0.000000
 1330.0   0.000000
 1332.5   0.000000
 1335.0   0.000000
 1337.5  -0.000000
 1340.0   0.000000
 1342.5   0.000000
 1345.0   0.000000
 1347.5  -0.000000
 1350.0   0.000000
 1352.5   0.000000
 1355.0   0.000000
 1357.5  -0.000000
 1360.0   0.000000
 1362.5   0.000000
 1365.0   0.000000
 1367.5  -0.000000
 1370.0   0.000000
 1372.5   0.000000
 1375.0   0.000000
 1377.5  -0.000000
 1380.0   0.000000
 1382.5   0.000000
 1385.0   0.000000
 1387.5  -0.000000
 1390.0   0.000000
 1392.5   0.000000
 1395.0   0.000000
 1397.5  -0.000000
 1400.0   0.000000
 1402.5   0.000000
 1405.0   0.000000
 1407.5  -0.000000
 1410.0   0.000000
 1412.5   0.000000
 1415.0   0.000000
 1417.5  -0.000000
 1420.0   0.000000
 1422.5   0.000000
 1425.0   0.000000
 1427.5  -0.000000
 1430.0   0.000000
 1432.5   0.000000
 1435.0   0.000000
 1437.5  -0.000000
 1440.0   0.000000
 1442.5   0.000000
 1445.0   0.000000
 1447.5  -0.000000
 1450.0   0.000000
 1452.5   0.000000
 1455.0   0.000000
 1457.5  -0.000000
 1460.0   0.000000
 1462.5   0.000000
 1465.0   0.000000
 1467.5  -0.000000
 1470.0   0.000000
 1472.5   0.000000
 1475.0   0.000000
 1477.5  -0.000000
 1480.0   0.000000
 1482.5   0.000000
 1485.0   0.000000
 1487.5  -0.000000
 1490.0   0.000000
 1492.5   0.000000
 1495.0   0.000000
 1497.5  -0.000000
 1500.0   0.000000
 1502.5   0.000000
 1505.0   0.000000
 1507.5  -0.000000
 1510.0   0.000000
 1512.5   0.000000
 1515.0   0.000000
 1517.5  -0.000000
 1520.0   0.000000
 1522.5   0.000000
 1525.0   0.000000
 1527.5  -0.000000
 1530.0   0.000000
 1532.5   0.000000
 1535.0   0.000000
 1537.5  -0.000000
 1540.0   0.000000
 1542.5   0.000000
 1545.0   0.000000
 1547.5  -0.000000
 1550.0   0.000000
 1552.5   0.000000
 1555.0   0.000000
 1557.5  -0.000000
 1560.0   0.000000
 1562.5   0.000000
 1565.0   0.000000
 1567.5  -0.000000
 1570.0   0.000000
 1572.5   0.000000
 1575.0   0.000000
 1577.5  -0.000000
 1580.0   0.000000
 1582.5   0.000000
 1585.0   0.000000
 1587.5  -0.000000
 1590.0   0.000000
 1592.5   0.000000
 1595.0   0.000000
 1597.5  -0.000000
 1600.0   0.000000
 1602.5   0.000000
 1605.0   0.000000
 1607.5  -0.000000
 1610.0   0.000000
 1612.5   0.000000
 1615.0   0.000000
 1617.5  -0.000000
 1620.0   0.000000
 1622.5   0.000000
 1625.0   0.000000
 1627.5  -0.000000
 1630.0   0.000000
 1632.5   0.000000
 1635.0   0.000000
 1637.5  -0.000000
 1640.0   0.000000
 1642.5   0.000000
 1645.0   0.000000
 1647.5  -0.000000
 1650.0   0.000000
 1652.5   0.000000
 1655.0   0.000000
 1657.5  -0.000000
 1660.0   0.000000
 1662.5   0.000000
 1665.0   0.000000
 1667.5  -0.000000
 1670.0   0.000000
 1672.5   0.000000
 1675.0   0.000000
 1677.5  -0.000000
 1680.0   0.000000
 1682.5   0.000000
 1685.0   0.000000
 1687.5  -0.000000
 1690.0   0.000000
 1692.5   0.000000
 1695.0   0.000000
 1697.5  -0.000000
 1700.0   0.000000
 1702.5   0.000000
 1705.0   0.000000
 1707.5  -0.000000
 1710.0   0.000000
 1712.5   0.000000
 1715.0   0.000000
 1717.5  -0.000000
 1720.0   0.000000
 1722.5   0.000000
 1725.0   0.000000
 1727.5  -0.000000
 1730.0   0.000000
 1732.5   0.000000
 1735.0   0.000000
 1737.5  -0.000000
 1740.0   0.000000
 1742.5   0.000000
 1745.0   0.000000
 1747.5  -0.000000
 1750.0   0.000000
 1752.5   0.000000
 1755.0   0.000000
 1757.5  -0.000000
 1760.0   0.000000
 1762.5   0.000000
 1765.0   0.000000
 1767.5  -0.000000
 1770.0   0.000000
 1772.5   0.000000
 1775.0   0.000000
 1777.5  -0.000000
 1780.0   0.000000
 1782.5   0.000000
 1785.0   0.000000
 1787.5  -0.000000
 1790.0   0.000000
 1792.5   0.000000
 1795.0   0.000000
 1797.5  -0.000000
 1800.0   0.000000
 1802.5   0.000000
 1805.0   0.000000
 1807.5  -0.000000
 1810.0   0.000000
 1812.5   0.000000
 1815.0   0.000000
 1817.5  -0.000000
 1820.0   0.000000
 1822.5   0.000000
 1825.0   0.000000
 1827.5  -0.000000
 1830.0   0.000000
 1832.5   0.000000
 1835.0   0.000000
 1837.5  -0.000000
 1840.0   0.000000
 1842.5   0.000000
 1845.0   0.000000
 1847.5  -0.000000
 1850.0   0.000000
 1852.5   0.000000
 1855.0   0.000000
 1857.5  -0.000000
 1860.0   0.000000
 1862.5   0.000000
 1865.0   0.000000
 1867.5  -0.000000
 1870.0   0.000000
 1872.5   0.000001
 1875.0   0.000001
 1877.5   0.000001
 1880.0   0.000001
 1882.5   0.000001
 1885.0   0.000001
 1887.5   0.000001
 1890.0   0.000000
 1892.5  -0.000000
 1895.0   0.000000
 1897.5   0.000000
 1900.0   0.000000
 1902.5  -0.000000
 1905.0   0.000000
 1907.5   0.000000
 1910.0   0.000000
 1912.5  -0.000000
 1915.0   0.000000
 1917.5   0.000000
 1920.0   0.000000
 1922.5   0.000000
 1925.0   0.000000
 1927.5  -0.000000
 1930.0   0.000000
 1932.5   0.000000
 1935.0   0.000000
 1937.5  -0.000000
 1940.0   0.000000
 1942.5   0.000000
 1945.0   0.000000
 1947.5  -0.000000
 1950.0   0.000000
 1952.5   0.000000
 1955.0   0.000001
 1957.5   0.000002
 1960.0   0.000003
 1962.5   0.000004
 1965.0   0.000005
 1967.5   0.000006
 1970.0   0.000006
 1972.5   0.000006
 1975.0   0.000007
 1977.5   0.000008
 1980.0   0.000008
 1982.5   0.000008
 1985.0   0.000008
 1987.5   0.000007
 1990.0   0.000006
 1992.5   0.000005
 1995.0   0.000004
 1997.5   0.000002
 2000.0   0.000000
 2002.5  -0.000000
 2005.0   0.000000
 2007.5   0.000000
 2010.0   0.000000
 2012.5  -0.000000
 2015.0   0.000000
 2017.5   0.000000
 2020.0   0.000000
 2022.5   0.000000
 2025.0   0.000000
 2027.5  -0.000000
 2030.0   0.000000
 2032.5   0.000000
 2035.0   0.000000
 2037.5  -0.000000
 2040.0   0.000000
 2042.5   0.000000
 2045.0   0.000000
 2047.5  -0.000002
 2050.0   0.000000
 2052.5   0.000008
 2055.0   0.000020
 2057.5   0.000032
 2060.0   0.000043
 2062.5   0.000055
 2065.0   0.000066
 2067.5   0.000077
 2070.0   0.000087
 2072.5   0.000095
 2075.0   0.000102
 2077.5   0.000107
 2080.0   0.000109
 2082.5   0.000109
 2085.0   0.000106
 2087.5   0.000099
 2090.0   0.000088
 2092.5   0.000075
 2095.0   0.000054
 2097.5   0.000024
 2100.0   0.000000
 2102.5  -0.000005
 2105.0   0.000000
 2107.5   0.000001
 2110.0   0.000000
 2112.5  -0.000000
 2115.0   0.000000
 2117.5   0.000000
 2120.0   0.000000
 2122.5   0.000000
 2125.0   0.000000
 2127.5  -0.000000
 2130.0   0.000000
 2132.5   0.000000
 2135.0   0.000000
 2137.5  -0.000001
 2140.0   0.000000
 2142.5   0.000006
 2145.0   0.000000
 2147.5  -0.000021
 2150.0   0.000000
 2152.5   0.000113
 2155.0   0.000279
 2157.5   0.000450
 2160.0   0.000627
 2162.5   0.000820
 2165.0   0.001027
 2167.5   0.001242
 2170.0   0.001465
 2172.5   0.001694
 2175.0   0.001926
 2177.5   0.002160
 2180.0   0.002394
 2182.5   0.002626
 2185.0   0.002854
 2187.5   0.003076
 2190.0   0.003290
 2192.5   0.003495
 2195.0   0.003689
 2197.5   0.003869
 2200.0   0.004034
 2202.5   0.004182
 2205.0   0.004314
 2207.5   0.004431
 2210.0   0.004533
 2212.5   0.004622
 2215.0   0.004699
 2217.5   0.004765
 2220.0   0.004820
 2222.5   0.004866
 2225.0   0.004904
 2227.5   0.004934
 2230.0   0.004958
 2232.5   0.004977
 2235.0   0.004992
 2237.5   0.005003
 2240.0   0.005011
 2242.5   0.005019
 2245.0   0.005026
 2247.5   0.005033
 2250.0   0.005042
 2252.5   0.005054
 2255.0   0.005068
 2257.5   0.005085
 2260.0   0.005105
 2262.5   0.005129
 2265.0   0.005157
 2267.5   0.005189
 2270.0   0.005224
 2272.5   0.005264
 2275.0   0.005308
 2277.5   0.005357
 2280.0   0.005411
 2282.5   0.005470
 2285.0   0.005535
 2287.5   0.005606
 2290.0   0.005682
 2292.5   0.005764
 2295.0   0.005853
 2297.5   0.005948
 2300.0   0.006050
 2302.5   0.006159
 2305.0   0.006274
 2307.5   0.006393
 2310.0   0.006516
 2312.5   0.006642
 2315.0   0.006769
 2317.5   0.006896
 2320.0   0.007023
 2322.5   0.007148
 2325.0   0.007269
 2327.5   0.007386
 2330.0   0.007498
 2332.5   0.007603
 2335.0   0.007701
 2337.5   0.007790
 2340.0   0.007870
 2342.5   0.007939
 2345.0   0.007995
 2347.5   0.008038
 2350.0   0.008067
 2352.5   0.008081
 2355.0   0.008082
 2357.5   0.008072
 2360.0   0.008052
 2362.5   0.008025
 2365.0   0.007992
 2367.5   0.007955
 2370.0   0.007917
 2372.5   0.007880
 2375.0   0.007845
 2377.5   0.007815
 2380.0   0.007791
 2382.5   0.007775
 2385.0   0.007770
 2387.5   0.007777
 2390.0   0.007798
 2392.5   0.007836
 2395.0   0.007892
 2397.5   0.007968
 2400.0   0.008067
 2402.5   0.008189
 2405.0   0.008333
 2407.5   0.008494
 2410.0   0.008671
 2412.5   0.008860
 2415.0   0.009058
 2417.5   0.009262
 2420.0   0.009469
 2422.5   0.009676
 2425.0   0.009881
 2427.5   0.010079
 2430.0   0.010268
 2432.5   0.010445
 2435.0   0.010607
 2437.5   0.010751
 2440.0   0.010874
 2442.5   0.010973
 2445.0   0.011044
 2447.5   0.011085
 2450.0   0.011092
 2452.5   0.011065
 2455.0   0.011006
 2457.5   0.010918
 2460.0   0.010806
 2462.5   0.010674
 2465.0   0.010527
 2467.5   0.010367
 2470.0   0.010200
 2472.5   0.010029
 2475.0   0.009859
 2477.5   0.009693
 2480.0   0.009536
 2482.5   0.009391
 2485.0   0.009263
 2487.5   0.009156
 2490.0   0.009074
 2492.5   0.009021
 2495.0   0.009001
 2497.5   0.009018
 2500.0   0.009076
 2502.5   0.009178
 2505.0   0.009322
 2507.5   0.009504
 2510.0   0.009721
 2512.5   0.009970
 2515.0   0.010247
 2517.5   0.010549
 2520.0   0.010871
 2522.5   0.011211
 2525.0   0.011565
 2527.5   0.011930
 2530.0   0.012302
 2532.5   0.012678
 2535.0   0.013054
 2537.5   0.013427
 2540.0   0.013794
 2542.5   0.014151
 2545.0   0.014494
 2547.5   0.014820
 2550.0   0.015126
 2552.5   0.015409
 2555.0   0.015676
 2557.5   0.015932
 2560.0   0.016185
 2562.5   0.016440
 2565.0   0.016705
 2567.5   0.016987
 2570.0   0.017292
 2572.5   0.017627
 2575.0   0.017999
 2577.5   0.018414
 2580.0   0.018879
 2582.5   0.019401
 2585.0   0.019986
 2587.5   0.020641
 2590.0   0.021374
 2592.5   0.022191
 2595.0   0.023098
 2597.5   0.024102
 2600.0   0.025210
 2602.5   0.026426
 2605.0   0.027741
 2607.5   0.029144
 2610.0   0.030623
 2612.5   0.032168
 2615.0   0.033767
 2617.5   0.035409
 2620.0   0.037081
 2622.5   0.038773
 2625.0   0.040474
 2627.5   0.042172
 2630.0   0.043857
 2632.5   0.045516
 2635.0   0.047138
 2637.5   0.048712
 2640.0   0.050226
 2642.5   0.051670
 2645.0   0.053031
 2647.5   0.054299
 2650.0   0.055462
 2652.5   0.056511
 2655.0   0.057447
 2657.5   0.058271
 2660.0   0.058986
 2662.5   0.059594
 2665.0   0.060097
 2667.5   0.060498
 2670.0   0.060800
 2672.5   0.061004
 2675.0   0.061113
 2677.5   0.061129
 2680.0   0.061055
 2682.5   0.060892
 2685.0   0.060643
 2687.5   0.060311
 2690.0   0.059898
 2692.5   0.059406
 2695.0   0.058837
 2697.5   0.058194
 2700.0   0.057479
 2702.5   0.056696
 2705.0   0.055852
 2707.5   0.054956
 2710.0   0.054017
 2712.5   0.053044
 2715.0   0.052045
 2717.5   0.051030
 2720.0   0.050007
 2722.5   0.048985
 2725.0   0.047973
 2727.5   0.046979
 2730.0   0.046013
 2732.5   0.045083
 2735.0   0.044199
 2737.5   0.043369
 2740.0   0.042602
 2742.5   0.041906
 2745.0   0.041290
 2747.5   0.040764
 2750.0   0.040336
 2752.5   0.040012
 2755.0   0.039785
 2757.5   0.039646
 2760.0   0.039585
 2762.5   0.039592
 2765.0   0.039658
 2767.5   0.039773
 2770.0   0.039927
 2772.5   0.040111
 2775.0   0.040316
 2777.5   0.040531
 2780.0   0.040746
 2782.5   0.040953
 2785.0   0.041142
 2787.5   0.041303
 2790.0   0.041425
 2792.5   0.041500
 2795.0   0.041518
 2797.5   0.041470
 2800.0   0.041345
 2802.5   0.041139
 2805.0   0.040870
 2807.5   0.040559
 2810.0   0.040229
 2812.5   0.039902
 2815.0   0.039599
 2817.5   0.039343
 2820.0   0.039157
 2822.5   0.039063
 2825.0   0.039083
 2827.5   0.039238
 2830.0   0.039552
 2832.5   0.040046
 2835.0   0.040743
 2837.5   0.041665
 2840.0   0.042833
 2842.5   0.044270
 2845.0   0.045999
 2847.5   0.048042
 2850.0   0.050420
 2852.5   0.053147
 2855.0   0.056196
 2857.5   0.059533
 2860.0   0.063122
 2862.5   0.066928
 2865.0   0.070915
 2867.5   0.075048
 2870.0   0.079293
 2872.5   0.083614
 2875.0   0.087975
 2877.5   0.092341
 2880.0   0.096677
 2882.5   0.100948
 2885.0   0.105118
 2887.5   0.109152
 2890.0   0.113015
 2892.5   0.116672
 2895.0   0.120087
 2897.5   0.123225
 2900.0   0.126050
 2902.5   0.128536
 2905.0   0.130688
 2907.5   0.132518
 2910.0   0.134040
 2912.5   0.135266
 2915.0   0.136210
 2917.5   0.136885
 2920.0   0.137303
 2922.5   0.137478
 2925.0   0.137422
 2927.5   0.137149
 2930.0   0.136671
 2932.5   0.136002
 2935.0   0.135155
 2937.5   0.134143
 2940.0   0.132979
 2942.5   0.131675
 2945.0   0.130245
 2947.5   0.128702
 2950.0   0.127059
 2952.5   0.125330
 2955.0   0.123532
 2957.5   0.121685
 2960.0   0.119806
 2962.5   0.117915
 2965.0   0.116031
 2967.5   0.114172
 2970.0   0.112358
 2972.5   0.110606
 2975.0   0.108936
 2977.5   0.107366
 2980.0   0.105915
 2982.5   0.104602
 2985.0   0.103445
 2987.5   0.102463
 2990.0   0.101676
 2992.5   0.101101
 2995.0   0.100758
 2997.5   0.100665
 3000.0   0.100840
 3002.5   0.101297
 3005.0   0.102023
 3007.5   0.102998
 3010.0   0.104204
 3012.5   0.105621
 3015.0   0.107229
 3017.5   0.109010
 3020.0   0.110944
 3022.5   0.113013
 3025.0   0.115198
 3027.5   0.117478
 3030.0   0.119835
 3032.5   0.122250
 3035.0   0.124703
 3037.5   0.127176
 3040.0   0.129649
 3042.5   0.132103
 3045.0   0.134519
 3047.5   0.136878
 3050.0   0.139160
 3052.5   0.141350
 3055.0   0.143450
 3057.5   0.145464
 3060.0   0.147398
 3062.5   0.149256
 3065.0   0.151044
 3067.5   0.152765
 3070.0   0.154426
 3072.5   0.156031
 3075.0   0.157585
 3077.5   0.159093
 3080.0   0.160561
 3082.5   0.161993
 3085.0   0.163394
 3087.5   0.164769
 3090.0   0.166123
 3092.5   0.167461
 3095.0   0.168788
 3097.5   0.170109
 3100.0   0.171429
 3102.5   0.172752
 3105.0   0.174077
 3107.5   0.175403
 3110.0   0.176729
 3112.5   0.178052
 3115.0   0.179372
 3117.5   0.180687
 3120.0   0.181996
 3122.5   0.183296
 3125.0   0.184587
 3127.5   0.185868
 3130.0   0.187134
 3132.5   0.188381
 3135.0   0.189625
 3137.5   0.190870
 3140.0   0.192047
 3142.5   0.193136
 3145.0   0.194389
 3147.5   0.195873
 3150.0   0.196639
 3152.5   0.196433
 3155.0   0.198787
 3157.5   0.206316
 3160.0   0.214177
 3162.5   0.217456
 3165.0   0.218408
 3167.5   0.220226
 3170.0   0.222688
 3172.5   0.224913
 3175.0   0.226811
 3177.5   0.228401
 3180.0   0.229366
 3182.5   0.229494
 3185.0   0.229343
 3187.5   0.229329
 3190.0   0.228548
 3192.5   0.226942
 3195.0   0.229166
 3197.5   0.238671
 3200.0   0.249380
 3202.5   0.254871
 3205.0   0.256862
 3207.5   0.257942
 3210.0   0.256041
 3212.5   0.249022
 3215.0   0.239134
 3217.5   0.229636
 3220.0   0.223455
 3222.5   0.222556
 3225.0   0.225395
 3227.5   0.229543
 3230.0   0.232547
 3232.5   0.232664
 3235.0   0.231006
 3237.5   0.229398
 3240.0   0.229666
 3242.5   0.233194
 3245.0   0.239612
 3247.5   0.248108
 3250.0   0.257871
 3252.5   0.268166
 3255.0   0.278553
 3257.5   0.288669
 3260.0   0.298151
 3262.5   0.306585
 3265.0   0.313360
 3267.5   0.317816
 3270.0   0.319294
 3272.5   0.317547
 3275.0   0.313983
 3277.5   0.310424
 3280.0   0.308693
 3282.5   0.310190
 3285.0   0.314632
 3287.5   0.321315
 3290.0   0.329534
 3292.5   0.338418
 3295.0   0.346424
 3297.5   0.351842
 3300.0   0.352963
 3302.5   0.348774
 3305.0   0.341051
 3307.5   0.332269
 3310.0   0.324902
 3312.5   0.320819
 3315.0   0.319462
 3317.5   0.319670
 3320.0   0.320279
 3322.5   0.320381
 3325.0   0.320077
 3327.5   0.319724
 3330.0   0.319676
 3332.5   0.320238
 3335.0   0.321511
 3337.5   0.323548
 3340.0   0.326400
 3342.5   0.329976
 3345.0   0.333620
 3347.5   0.336533
 3350.0   0.337916
 3352.5   0.337080
 3355.0   0.333770
 3357.5   0.327841
 3360.0   0.319149
 3362.5   0.307962
 3365.0   0.296210
 3367.5   0.286235
 3370.0   0.280382
 3372.5   0.280279
 3375.0   0.284697
 3377.5   0.291690
 3380.0   0.299314
 3382.5   0.306031
 3385.0   0.311936
 3387.5   0.317530
 3390.0   0.323314
 3392.5   0.329574
 3395.0   0.335732
 3397.5   0.340996
 3400.0   0.344573
 3402.5   0.345912
 3405.0   0.345431
 3407.5   0.343792
 3410.0   0.341655
 3412.5   0.339669
 3415.0   0.338432
 3417.5   0.338528
 3420.0   0.340543
 3422.5   0.344605
 3425.0   0.349025
 3427.5   0.351657
 3430.0   0.350357
 3432.5   0.343750
 3435.0   0.333549
 3437.5   0.322237
 3440.0   0.312300
 3442.5   0.305780
 3445.0   0.302947
 3447.5   0.303630
 3450.0   0.307658
 3452.5   0.314572
 3455.0   0.322765
 3457.5   0.330344
 3460.0   0.335416
 3462.5   0.336671
 3465.0   0.335138
 3467.5   0.332433
 3470.0   0.330170
 3472.5   0.329546
 3475.0   0.330087
 3477.5   0.330898
 3480.0   0.331088
 3482.5   0.330119
 3485.0   0.328878
 3487.5   0.328607
 3490.0   0.330548
 3492.5   0.335588
 3495.0   0.343189
 3497.5   0.352455
 3500.0   0.362491
 3502.5   0.372299
 3505.0   0.380466
 3507.5   0.385475
 3510.0   0.385810
 3512.5   0.380657
 3515.0   0.372012
 3517.5   0.362573
 3520.0   0.355038
 3522.5   0.351569
 3525.0   0.352185
 3527.5   0.356371
 3530.0   0.363610
 3532.5   0.373232
 3535.0   0.383952
 3537.5   0.394329
 3540.0   0.402923
 3542.5   0.408523
 3545.0   0.410839
 3547.5   0.409808
 3550.0   0.405367
 3552.5   0.397659
 3555.0   0.387641
 3557.5   0.376477
 3560.0   0.365330
 3562.5   0.355045
 3565.0   0.345204
 3567.5   0.335071
 3570.0   0.323906
 3572.5   0.311404
 3575.0   0.298997
 3577.5   0.288540
 3580.0   0.281837
 3582.5   0.280377
 3585.0   0.284440
 3587.5   0.293826
 3590.0   0.307639
 3592.5   0.324923
 3595.0   0.345190
 3597.5   0.365636
 3600.0   0.373729
 3602.5   0.360500
 3605.0   0.340963
 3607.5   0.331258
 3610.0   0.328044
 3612.5   0.325004
 3615.0   0.323407
 3617.5   0.325660
 3620.0   0.331141
 3622.5   0.338607
 3625.0   0.347344
 3627.5   0.356705
 3630.0   0.365770
 3632.5   0.373715
 3635.0   0.380373
 3637.5   0.385855
 3640.0   0.390739
 3642.5   0.395730
 3645.0   0.401587
 3647.5   0.409034
 3650.0   0.418600
 3652.5   0.430549
 3655.0   0.444294
 3657.5   0.458926
 3660.0   0.473107
 3662.5   0.485440
 3665.0   0.494710
 3667.5   0.499854
 3670.0   0.500239
 3672.5   0.495725
 3675.0   0.487706
 3677.5   0.478053
 3680.0   0.468996
 3682.5   0.462499
 3685.0   0.459103
 3687.5   0.458867
 3690.0   0.461332
 3692.5   0.465911
 3695.0   0.472018
 3697.5   0.478983
 3700.0   0.485810
 3702.5   0.491384
 3705.0   0.494443
 3707.5   0.493809
 3710.0   0.488787
 3712.5   0.479015
 3715.0   0.464980
 3717.5   0.447473
 3720.0   0.427663
 3722.5   0.406879
 3725.0   0.386701
 3727.5   0.368662
 3730.0   0.353851
 3732.5   0.343088
 3735.0   0.336557
 3737.5   0.334222
 3740.0   0.335819
 3742.5   0.340823
 3745.0   0.347908
 3747.5   0.355654
 3750.0   0.363079
 3752.5   0.369686
 3755.0   0.376490
 3757.5   0.384825
 3760.0   0.395778
 3762.5   0.410087
 3765.0   0.427337
 3767.5   0.446720
 3770.0   0.467006
 3772.5   0.486653
 3775.0   0.503299
 3777.5   0.514546
 3780.0   0.518671
 3782.5   0.514814
 3785.0   0.504896
 3787.5   0.491579
 3790.0   0.477718
 3792.5   0.465821
 3795.0   0.456806
 3797.5   0.451005
 3800.0   0.447993
 3802.5   0.446836
 3805.0   0.445319
 3807.5   0.440968
 3810.0   0.431560
 3812.5   0.415532
 3815.0   0.393703
 3817.5   0.367670
 3820.0   0.339755
 3822.5   0.312447
 3825.0   0.288177
 3827.5   0.269244
 3830.0   0.257480
 3832.5   0.254061
 3835.0   0.257994
 3837.5   0.267587
 3840.0   0.280517
 3842.5   0.294487
 3845.0   0.307921
 3847.5   0.319535
 3850.0   0.328486
 3852.5   0.334277
 3855.0   0.337343
 3857.5   0.338452
 3860.0   0.338754
 3862.5   0.339364
 3865.0   0.340856
 3867.5   0.343561
 3870.0   0.347372
 3872.5   0.352124
 3875.0   0.357853
 3877.5   0.364626
 3880.0   0.372423
 3882.5   0.381072
 3885.0   0.389868
 3887.5   0.398105
 3890.0   0.405588
 3892.5   0.412407
 3895.0   0.419273
 3897.5   0.426968
 3900.0   0.435937
 3902.5   0.446372
 3905.0   0.457779
 3907.5   0.469334
 3910.0   0.479587
 3912.5   0.486740
 3915.0   0.488239
 3917.5   0.481574
 3920.0   0.465175
 3922.5   0.438667
 3925.0   0.405526
 3927.5   0.370358
 3930.0   0.338439
 3932.5   0.314694
 3935.0   0.301975
 3937.5   0.302224
 3940.0   0.315828
 3942.5   0.341801
 3945.0   0.375224
 3947.5   0.410107
 3950.0   0.440102
 3952.5   0.459763
 3955.0   0.467608
 3957.5   0.463613
 3960.0   0.449623
 3962.5   0.428665
 3965.0   0.406619
 3967.5   0.389990
 3970.0   0.384929
 3972.5   0.396017
 3975.0   0.421918
 3977.5   0.459424
 3980.0   0.503767
 3982.5   0.550090
 3985.0   0.594736
 3987.5   0.634558
 3990.0   0.667234
 3992.5   0.691291
 3995.0   0.707828
 3997.5   0.718777
 4000.0   0.726834
 4002.5   0.734473
 4005.0   0.742517
 4007.5   0.751170
 4010.0   0.759801
 4012.5   0.767636
 4015.0   0.774173
 4017.5   0.778993
 4020.0   0.781736
 4022.5   0.782018
 4025.0   0.779301
 4027.5   0.773182
 4030.0   0.763945
 4032.5   0.752386
 4035.0   0.740661
 4037.5   0.731135
 4040.0   0.725637
 4042.5   0.725278
 4045.0   0.728818
 4047.5   0.734333
 4050.0   0.739517
 4052.5   0.742277
 4055.0   0.741757
 4057.5   0.737619
 4060.0   0.730347
 4062.5   0.720908
 4065.0   0.711367
 4067.5   0.704049
 4070.0   0.701221
 4072.5   0.704675
 4075.0   0.714372
 4077.5   0.729558
 4080.0   0.748455
 4082.5   0.768864
 4085.0   0.787917
 4087.5   0.802729
 4090.0   0.811007
 4092.5   0.811295
 4095.0   0.804900
 4097.5   0.794035
 4100.0   0.781792
 4102.5   0.771205
 4105.0   0.764205
 4107.5   0.762192
 4110.0   0.765532
 4112.5   0.773918
 4115.0   0.785369
 4117.5   0.797395
 4120.0   0.807143
 4122.5   0.812172
 4125.0   0.812068
 4127.5   0.807183
 4130.0   0.798913
 4132.5   0.788817
 4135.0   0.778048
 4137.5   0.767613
 4140.0   0.758336
 4142.5   0.751009
 4145.0   0.746483
 4147.5   0.745468
 4150.0   0.748049
 4152.5   0.753844
 4155.0   0.761243
 4157.5   0.768427
 4160.0   0.773977
 4162.5   0.776899
 4165.0   0.777492
 4167.5   0.776375
 4170.0   0.774149
 4172.5   0.771382
 4175.0   0.768522
 4177.5   0.765940
 4180.0   0.763810
 4182.5   0.762129
 4185.0   0.760378
 4187.5   0.758034
 4190.0   0.755072
 4192.5   0.751791
 4195.0   0.749297
 4197.5   0.748817
 4200.0   0.751264
 4202.5   0.757141
 4205.0   0.765629
 4207.5   0.775433
 4210.0   0.784675
 4212.5   0.791503
 4215.0   0.794756
 4217.5   0.793632
 4220.0   0.788071
 4222.5   0.778500
 4225.0   0.766559
 4227.5   0.754293
 4230.0   0.744162
 4232.5   0.738283
 4235.0   0.736996
 4237.5   0.739960
 4240.0   0.745904
 4242.5   0.753444
 4245.0   0.761691
 4247.5   0.769844
 4250.0   0.776968
 4252.5   0.782109
 4255.0   0.784378
 4257.5   0.783123
 4260.0   0.778587
 4262.5   0.771384
 4265.0   0.762731
 4267.5   0.753940
 4270.0   0.746085
 4272.5   0.740086
 4275.0   0.736467
 4277.5   0.735481
 4280.0   0.736682
 4282.5   0.739043
 4285.0   0.739918
 4287.5   0.736411
 4290.0   0.726252
 4292.5   0.708305
 4295.0   0.685333
 4297.5   0.661223
 4300.0   0.640443
 4302.5   0.626997
 4305.0   0.622450
 4307.5   0.627543
 4310.0   0.642158
 4312.5   0.665455
 4315.0   0.694573
 4317.5   0.726005
 4320.0   0.755680
 4322.5   0.780141
 4325.0   0.798958
 4327.5   0.812687
 4330.0   0.822809
 4332.5   0.830662
 4335.0   0.836077
 4337.5   0.838589
 4340.0   0.838055
 4342.5   0.834878
 4345.0   0.831310
 4347.5   0.829834
 4350.0   0.832008
 4352.5   0.838531
 4355.0   0.847598
 4357.5   0.856810
 4360.0   0.863909
 4362.5   0.866973
 4365.0   0.865278
 4367.5   0.858594
 4370.0   0.847477
 4372.5   0.832960
 4375.0   0.817212
 4377.5   0.802572
 4380.0   0.790934
 4382.5   0.783675
 4385.0   0.780549
 4387.5   0.780804
 4390.0   0.783275
 4392.5   0.786853
 4395.0   0.791060
 4397.5   0.795690
 4400.0   0.800994
 4402.5   0.807335
 4405.0   0.815085
 4407.5   0.824597
 4410.0   0.836155
 4412.5   0.849811
 4415.0   0.864747
 4417.5   0.879850
 4420.0   0.893682
 4422.5   0.905026
 4425.0   0.913863
 4427.5   0.920548
 4430.0   0.925738
 4432.5   0.929993
 4435.0   0.933200
 4437.5   0.935090
 4440.0   0.935448
 4442.5   0.934155
 4445.0   0.931436
 4447.5   0.927568
 4450.0   0.922705
 4452.5   0.917166
 4455.0   0.912063
 4457.5   0.908753
 4460.0   0.908785
 4462.5   0.913331
 4465.0   0.921851
 4467.5   0.933308
 4470.0   0.946376
 4472.5   0.959765
 4475.0   0.972612
 4477.5   0.984123
 4480.0   0.993345
 4482.5   0.999583
 4485.0   1.003320
 4487.5   1.005461
 4490.0   1.007429
 4492.5   1.010517
 4495.0   1.015000
 4497.5   1.020843
 4500.0   1.027810
 4502.5   1.035499
 4505.0   1.043065
 4507.5   1.049450
 4510.0   1.053198
 4512.5   1.053030
 4515.0   1.048765
 4517.5   1.040635
 4520.0   1.029412
 4522.5   1.016101
 4525.0   1.002107
 4527.5   0.988968
 4530.0   0.978361
 4532.5   0.971682
 4535.0   0.969058
 4537.5   0.970160
 4540.0   0.974110
 4542.5   0.979972
 4545.0   0.987121
 4547.5   0.995015
 4550.0   1.003123
 4552.5   1.010922
 4555.0   1.017894
 4557.5   1.023591
 4560.0   1.027822
 4562.5   1.030485
 4565.0   1.031572
 4567.5   1.031094
 4570.0   1.029041
 4572.5   1.025491
 4575.0   1.020901
 4577.5   1.015817
 4580.0   1.010773
 4582.5   1.006228
 4585.0   1.002345
 4587.5   0.999216
 4590.0   0.996942
 4592.5   0.995645
 4595.0   0.995527
 4597.5   0.996816
 4600.0   0.999751
 4602.5   1.004475
 4605.0   1.010722
 4607.5   1.018084
 4610.0   1.025974
 4612.5   1.033797
 4615.0   1.041091
 4617.5   1.047404
 4620.0   1.052191
 4622.5   1.054888
 4625.0   1.054936
 4627.5   1.051891
 4630.0   1.045751
 4632.5   1.036871
 4635.0   1.026594
 4637.5   1.016502
 4640.0   1.008140
 4642.5   1.002713
 4645.0   1.000117
 4647.5   0.999794
 4650.0   1.000678
 4652.5   1.001696
 4655.0   1.002237
 4657.5   1.001910
 4660.0   1.000727
 4662.5   0.998829
 4665.0   0.996482
 4667.5   0.994022
 4670.0   0.991954
 4672.5   0.990813
 4675.0   0.991101
 4677.5   0.993156
 4680.0   0.996688
 4682.5   1.001089
 4685.0   1.005096
 4687.5   1.007377
 4690.0   1.006978
 4692.5   1.003364
 4695.0   0.997297
 4697.5   0.989966
 4700.0   0.982960
 4702.5   0.977813
 4705.0   0.975421
 4707.5   0.976357
 4710.0   0.980521
 4712.5   0.987475
 4715.0   0.996090
 4717.5   1.005086
 4720.0   1.013270
 4722.5   1.019652
 4725.0   1.023958
 4727.5   1.026198
 4730.0   1.026816
 4732.5   1.026469
 4735.0   1.026245
 4737.5   1.027232
 4740.0   1.030083
 4742.5   1.034980
 4745.0   1.040666
 4747.5   1.045532
 4750.0   1.048006
 4752.5   1.046976
 4755.0   1.043148
 4757.5   1.037777
 4760.0   1.032505
 4762.5   1.028833
 4765.0   1.027295
 4767.5   1.028109
 4770.0   1.031177
 4772.5   1.036201
 4775.0   1.042379
 4777.5   1.048760
 4780.0   1.054287
 4782.5   1.058141
 4785.0   1.060567
 4787.5   1.062131
 4790.0   1.063621
 4792.5   1.065679
 4795.0   1.068133
 4797.5   1.070575
 4800.0   1.072458
 4802.5   1.073345
 4805.0   1.073364
 4807.5   1.072791
 4810.0   1.071929
 4812.5   1.070968
 4815.0   1.069620
 4817.5   1.067526
 4820.0   1.064528
 4822.5   1.060669
 4825.0   1.056591
 4827.5   1.053028
 4830.0   1.050485
 4832.5   1.049251
 4835.0   1.048977
 4837.5   1.049124
 4840.0   1.049031
 4842.5   1.047975
 4845.0   1.045098
 4847.5   1.039587
 4850.0   1.030936
 4852.5   1.019057
 4855.0   1.005223
 4857.5   0.991059
 4860.0   0.978233
 4862.5   0.968189
 4865.0   0.961440
 4867.5   0.958204
 4870.0   0.958461
 4872.5   0.961940
 4875.0   0.967602
 4877.5   0.974224
 4880.0   0.980606
 4882.5   0.985895
 4885.0   0.990600
 4887.5   0.995568
 4890.0   1.001627
 4892.5   1.009259
 4895.0   1.017596
 4897.5   1.025405
 4900.0   1.031363
 4902.5   1.034317
 4905.0   1.033889
 4907.5   1.029981
 4910.0   1.022828
 4912.5   1.012990
 4915.0   1.001992
 4917.5   0.991608
 4920.0   0.983649
 4922.5   0.979575
 4925.0   0.979406
 4927.5   0.982675
 4930.0   0.988418
 4932.5   0.995553
 4935.0   1.003020
 4937.5   1.009809
 4940.0   1.015093
 4942.5   1.018279
 4945.0   1.019534
 4947.5   1.019291
 4950.0   1.018289
 4952.5   1.017306
 4955.0   1.016970
 4957.5   1.017774
 4960.0   1.019811
 4962.5   1.022856
 4965.0   1.025815
 4967.5   1.027409
 4970.0   1.026492
 4972.5   1.022331
 4975.0   1.015707
 4977.5   1.007854
 4980.0   1.000295
 4982.5   0.994371
 4985.0   0.990405
 4987.5   0.988351
 4990.0   0.987701
 4992.5   0.987763
 4995.0   0.987559
 4997.5   0.986082
 5000.0   0.982491
 5002.5   0.976296
 5005.0   0.968251
 5007.5   0.959509
 5010.0   0.951591
 5012.5   0.945934
 5015.0   0.943289
 5017.5   0.944089
 5020.0   0.948200
 5022.5   0.955092
 5025.0   0.963233
 5027.5   0.970857
 5030.0   0.976285
 5032.5   0.978267
 5035.0   0.977205
 5037.5   0.974036
 5040.0   0.970202
 5042.5   0.967129
 5045.0   0.965668
 5047.5   0.966395
 5050.0   0.969361
 5052.5   0.974314
 5055.0   0.980330
 5057.5   0.986299
 5060.0   0.991054
 5062.5   0.993577
 5065.0   0.993505
 5067.5   0.990782
 5070.0   0.985918
 5072.5   0.979674
 5075.0   0.973248
 5077.5   0.967857
 5080.0   0.964363
 5082.5   0.963328
 5085.0   0.964456
 5087.5   0.967187
 5090.0   0.970759
 5092.5   0.974375
 5095.0   0.977304
 5097.5   0.978944
 5100.0   0.979132
 5102.5   0.977975
 5105.0   0.976207
 5107.5   0.974656
 5110.0   0.973909
 5112.5   0.974291
 5115.0   0.975333
 5117.5   0.976312
 5120.0   0.976278
 5122.5   0.974407
 5125.0   0.970614
 5127.5   0.965129
 5130.0   0.958695
 5132.5   0.952109
 5135.0   0.945882
 5137.5   0.940427
 5140.0   0.936060
 5142.5   0.933036
 5145.0   0.931457
 5147.5   0.931244
 5150.0   0.931755
 5152.5   0.932048
 5155.0   0.930532
 5157.5   0.925565
 5160.0   0.915938
 5162.5   0.901057
 5165.0   0.882342
 5167.5   0.861855
 5170.0   0.842200
 5172.5   0.825840
 5175.0   0.814132
 5177.5   0.808006
 5180.0   0.807780
 5182.5   0.813433
 5185.0   0.824204
 5187.5   0.839047
 5190.0   0.856516
 5192.5   0.874988
 5195.0   0.892537
 5197.5   0.907296
 5200.0   0.917947
 5202.5   0.923805
 5205.0   0.926179
 5207.5   0.926877
 5210.0   0.927721
 5212.5   0.930086
 5215.0   0.933551
 5217.5   0.937203
 5220.0   0.939950
 5222.5   0.940993
 5225.0   0.940872
 5227.5   0.940545
 5230.0   0.941284
 5232.5   0.944203
 5235.0   0.949454
 5237.5   0.956843
 5240.0   0.965762
 5242.5   0.975356
 5245.0   0.984202
 5247.5   0.990690
 5250.0   0.993019
 5252.5   0.989737
 5255.0   0.980989
 5257.5   0.967555
 5260.0   0.951162
 5262.5   0.933835
 5265.0   0.917862
 5267.5   0.905526
 5270.0   0.898842
 5272.5   0.899315
 5275.0   0.906671
 5277.5   0.919947
 5280.0   0.937192
 5282.5   0.956167
 5285.0   0.974470
 5287.5   0.989840
 5290.0   1.000749
 5292.5   1.006355
 5295.0   1.007842
 5297.5   1.006987
 5300.0   1.005923
 5302.5   1.006477
 5305.0   1.008906
 5307.5   1.012860
 5310.0   1.017125
 5312.5   1.020292
 5315.0   1.021038
 5317.5   1.018203
 5320.0   1.011176
 5322.5   0.999886
 5325.0   0.985849
 5327.5   0.971124
 5330.0   0.958335
 5332.5   0.949899
 5335.0   0.946829
 5337.5   0.949510
 5340.0   0.957212
 5342.5   0.968800
 5345.0   0.982650
 5347.5   0.997009
 5350.0   1.010117
 5352.5   1.020342
 5355.0   1.026574
 5357.5   1.028087
 5360.0   1.025171
 5362.5   1.018664
 5365.0   1.010591
 5367.5   1.003145
 5370.0   0.998002
 5372.5   0.996340
 5375.0   0.997873
 5377.5   1.001811
 5380.0   1.006817
 5382.5   1.011386
 5385.0   1.013903
 5387.5   1.012906
 5390.0   1.007666
 5392.5   0.998057
 5395.0   0.985639
 5397.5   0.972416
 5400.0   0.960491
 5402.5   0.951750
 5405.0   0.947123
 5407.5   0.947141
 5410.0   0.951693
 5412.5   0.960196
 5415.0   0.970827
 5417.5   0.981498
 5420.0   0.990293
 5422.5   0.995773
 5425.0   0.998224
 5427.5   0.998452
 5430.0   0.997609
 5432.5   0.996827
 5435.0   0.996796
 5437.5   0.998026
 5440.0   1.000732
 5442.5   1.004868
 5445.0   1.009630
 5447.5   1.014009
 5450.0   1.016922
 5452.5   1.017569
 5455.0   1.016337
 5457.5   1.013979
 5460.0   1.011505
 5462.5   1.009743
 5465.0   1.008525
 5467.5   1.007418
 5470.0   1.005932
 5472.5   1.003754
 5475.0   1.001339
 5477.5   0.999302
 5480.0   0.998117
 5482.5   0.998121
 5485.0   0.999236
 5487.5   1.001295
 5490.0   1.004193
 5492.5   1.007743
 5495.0   1.011364
 5497.5   1.014382
 5500.0   1.016149
 5502.5   1.016257
 5505.0   1.015228
 5507.5   1.013808
 5510.0   1.012716
 5512.5   1.012455
 5515.0   1.012695
 5517.5   1.012913
 5520.0   1.012665
 5522.5   1.011652
 5525.0   1.010099
 5527.5   1.008349
 5530.0   1.006708
 5532.5   1.005489
 5535.0   1.005077
 5537.5   1.005839
 5540.0   1.008000
 5542.5   1.011542
 5545.0   1.015619
 5547.5   1.019217
 5550.0   1.021484
 5552.5   1.021807
 5555.0   1.020361
 5557.5   1.017540
 5560.0   1.013811
 5562.5   1.009660
 5565.0   1.005570
 5567.5   1.001962
 5570.0   0.999013
 5572.5   0.996723
 5575.0   0.994638
 5577.5   0.992238
 5580.0   0.989210
 5582.5   0.985363
 5585.0   0.980806
 5587.5   0.975758
 5590.0   0.970594
 5592.5   0.965896
 5595.0   0.962908
 5597.5   0.962924
 5600.0   0.966759
 5602.5   0.974602
 5605.0   0.984617
 5607.5   0.994500
 5610.0   1.002097
 5612.5   1.005795
 5615.0   1.005988
 5617.5   1.003685
 5620.0   1.000361
 5622.5   0.997450
 5625.0   0.995764
 5627.5   0.995838
 5630.0   0.997720
 5632.5   1.001248
 5635.0   1.005891
 5637.5   1.010994
 5640.0   1.015763
 5642.5   1.019384
 5645.0   1.021094
 5647.5   1.020297
 5650.0   1.017004
 5652.5   1.011612
 5655.0   1.005447
 5657.5   1.000009
 5660.0   0.996558
 5662.5   0.996006
 5665.0   0.998105
 5667.5   1.002213
 5670.0   1.007278
 5672.5   1.012226
 5675.0   1.016311
 5677.5   1.018968
 5680.0   1.020022
 5682.5   1.019413
 5685.0   1.017151
 5687.5   1.013296
 5690.0   1.008043
 5692.5   1.001741
 5695.0   0.995211
 5697.5   0.989345
 5700.0   0.984828
 5702.5   0.982143
 5705.0   0.981159
 5707.5   0.981581
 5710.0   0.983082
 5712.5   0.985445
 5715.0   0.988933
 5717.5   0.993903
 5720.0   1.000608
 5722.5   1.008938
 5725.0   1.017423
 5727.5   1.024288
 5730.0   1.027898
 5732.5   1.027146
 5735.0   1.022882
 5737.5   1.016498
 5740.0   1.009584
 5742.5   1.003551
 5745.0   0.998899
 5747.5   0.995845
 5750.0   0.994396
 5752.5   0.994439
 5755.0   0.995604
 5757.5   0.997429
 5760.0   0.999354
 5762.5   1.000866
 5765.0   1.001741
 5767.5   1.001866
 5770.0   1.001280
 5772.5   1.000091
 5775.0   0.998517
 5777.5   0.996810
 5780.0   0.995239
 5782.5   0.994050
 5785.0   0.993367
 5787.5   0.993273
 5790.0   0.993802
 5792.5   0.994961
 5795.0   0.996689
 5797.5   0.998895
 5800.0   1.001419
 5802.5   1.004079
 5805.0   1.006654
 5807.5   1.008931
 5810.0   1.010751
 5812.5   1.012011
 5815.0   1.012768
 5817.5   1.013147
 5820.0   1.013386
 5822.5   1.013746
 5825.0   1.014458
 5827.5   1.015685
 5830.0   1.017345
 5832.5   1.019255
 5835.0   1.021070
 5837.5   1.022367
 5840.0   1.022576
 5842.5   1.021317
 5845.0   1.019120
 5847.5   1.016259
 5850.0   1.011087
 5852.5   1.002757
 5855.0   0.995561
 5857.5   0.993716
 5860.0   0.996002
 5862.5   1.000015
 5865.0   1.004052
 5867.5   1.006762
 5870.0   1.007494
 5872.5   1.005834
 5875.0   1.001628
 5877.5   0.994102
 5880.0   0.979755
 5882.5   0.955861
 5885.0   0.925511
 5887.5   0.894284
 5890.0   0.871889
 5892.5   0.866554
 5895.0   0.876467
 5897.5   0.896922
 5900.0   0.921689
 5902.5   0.944714
 5905.0   0.962164
 5907.5   0.972025
 5910.0   0.977328
 5912.5   0.981622
 5915.0   0.985484
 5917.5   0.988710
 5920.0   0.990939
 5922.5   0.991799
 5925.0   0.991032
 5927.5   0.988968
 5930.0   0.988165
 5932.5   0.990665
 5935.0   0.994228
 5937.5   0.996159
 5940.0   0.996229
 5942.5   0.994918
 5945.0   0.993076
 5947.5   0.991573
 5950.0   0.990988
 5952.5   0.991617
 5955.0   0.992902
 5957.5   0.994263
 5960.0   0.995886
 5962.5   0.997917
 5965.0   0.999585
 5967.5   1.000077
 5970.0   0.999339
 5972.5   0.997422
 5975.0   0.994054
 5977.5   0.989407
 5980.0   0.985766
 5982.5   0.985158
 5985.0   0.986476
 5987.5   0.988154
 5990.0   0.989913
 5992.5   0.991511
 5995.0   0.991548
 5997.5   0.988936
 6000.0   0.984980
 6002.5   0.981132
 6005.0   0.977033
 6007.5   0.972310
 6010.0   0.968346
 6012.5   0.966414
 6015.0   0.965604
 6017.5   0.964883
 6020.0   0.964906
 6022.5   0.966898
 6025.0   0.972681
 6027.5   0.983066
 6030.0   0.994235
 6032.5   1.002046
 6035.0   1.005696
 6037.5   1.005612
 6040.0   1.003804
 6042.5   1.002348
 6045.0   1.002006
 6047.5   1.002627
 6050.0   1.001738
 6052.5   0.997518
 6055.0   0.993082
 6057.5   0.991617
 6060.0   0.991659
 6062.5   0.991317
 6065.0   0.991637
 6067.5   0.993726
 6070.0   0.996001
 6072.5   0.996561
 6075.0   0.994933
 6077.5   0.991356
 6080.0   0.987473
 6082.5   0.984720
 6085.0   0.982282
 6087.5   0.979205
 6090.0   0.976214
 6092.5   0.974223
 6095.0   0.973226
 6097.5   0.972752
 6100.0   0.971389
 6102.5   0.968624
 6105.0   0.968474
 6107.5   0.974053
 6110.0   0.980349
 6112.5   0.981882
 6115.0   0.979439
 6117.5   0.974928
 6120.0   0.968461
 6122.5   0.960753
 6125.0   0.956711
 6127.5   0.959589
 6130.0   0.961837
 6132.5   0.956451
 6135.0   0.949418
 6137.5   0.948019
 6140.0   0.951731
 6142.5   0.957873
 6145.0   0.962928
 6147.5   0.963952
 6150.0   0.961125
 6152.5   0.955228
 6155.0   0.946320
 6157.5   0.934948
 6160.0   0.924343
 6162.5   0.917898
 6165.0   0.916966
 6167.5   0.921771
 6170.0   0.930048
 6172.5   0.939250
 6175.0   0.948186
 6177.5   0.955908
 6180.0   0.961070
 6182.5   0.962689
 6185.0   0.961628
 6187.5   0.959493
 6190.0   0.959020
 6192.5   0.962175
 6195.0   0.966720
 6197.5   0.969913
 6200.0   0.971208
 6202.5   0.970797
 6205.0   0.969643
 6207.5   0.968315
 6210.0   0.965057
 6212.5   0.958783
 6215.0   0.953429
 6217.5   0.952546
 6220.0   0.953136
 6222.5   0.951472
 6225.0   0.947477
 6227.5   0.942364
 6230.0   0.938863
 6232.5   0.938992
 6235.0   0.940401
 6237.5   0.940244
 6240.0   0.938074
 6242.5   0.934516
 6245.0   0.932098
 6247.5   0.932506
 6250.0   0.932149
 6252.5   0.928091
 6255.0   0.925288
 6257.5   0.928667
 6260.0   0.935135
 6262.5   0.940371
 6265.0   0.943151
 6267.5   0.943401
 6270.0   0.942543
 6272.5   0.941734
 6275.0   0.939582
 6277.5   0.935278
 6280.0   0.932905
 6282.5   0.936028
 6285.0   0.941236
 6287.5   0.944229
 6290.0   0.944113
 6292.5   0.941304
 6295.0   0.938040
 6297.5   0.936465
 6300.0   0.936525
 6302.5   0.937705
 6305.0   0.939845
 6307.5   0.942328
 6310.0   0.942347
 6312.5   0.937897
 6315.0   0.932376
 6317.5   0.929771
 6320.0   0.931008
 6322.5   0.935720
 6325.0   0.941421
 6327.5   0.945316
 6330.0   0.945507
 6332.5   0.941446
 6335.0   0.937097
 6337.5   0.936456
 6340.0   0.939147
 6342.5   0.943657
 6345.0   0.948300
 6347.5   0.951442
 6350.0   0.951828
 6352.5   0.948764
 6355.0   0.943410
 6357.5   0.937646
 6360.0   0.934372
 6362.5   0.935994
 6365.0   0.941922
 6367.5   0.950278
 6370.0   0.957025
 6372.5   0.959049
 6375.0   0.959086
 6377.5   0.960363
 6380.0   0.962217
 6382.5   0.963229
 6385.0   0.962842
 6387.5   0.960675
 6390.0   0.956192
 6392.5   0.949390
 6395.0   0.942559
 6397.5   0.937923
 6400.0   0.935156
 6402.5   0.933317
 6405.0   0.931553
 6407.5   0.929506
 6410.0   0.928726
 6412.5   0.930486
 6415.0   0.933063
 6417.5   0.934776
 6420.0   0.937127
 6422.5   0.941544
 6425.0   0.945995
 6427.5   0.948157
 6430.0   0.948020
 6432.5   0.946281
 6435.0   0.944159
 6437.5   0.942833
 6440.0   0.942797
 6442.5   0.943787
 6445.0   0.943181
 6447.5   0.939138
 6450.0   0.935311
 6452.5   0.935166
 6455.0   0.935939
 6457.5   0.934402
 6460.0   0.931702
 6462.5   0.929794
 6465.0   0.929486
 6467.5   0.930901
 6470.0   0.932555
 6472.5   0.932990
 6475.0   0.932456
 6477.5   0.931582
 6480.0   0.930802
 6482.5   0.930255
 6485.0   0.929093
 6487.5   0.925749
 6490.0   0.916765
 6492.5   0.901360
 6495.0   0.891365
 6497.5   0.897282
 6500.0   0.911699
 6502.5   0.924710
 6505.0   0.934352
 6507.5   0.940655
 6510.0   0.943678
 6512.5   0.943722
 6515.0   0.942035
 6517.5   0.940152
 6520.0   0.939808
 6522.5   0.941840
 6525.0   0.943284
 6527.5   0.941584
 6530.0   0.939612
 6532.5   0.940507
 6535.0   0.943050
 6537.5   0.945008
 6540.0   0.944440
 6542.5   0.940118
 6545.0   0.933376
 6547.5   0.925892
 6550.0   0.918167
 6552.5   0.909338
 6555.0   0.894260
 6557.5   0.869786
 6560.0   0.845036
 6562.5   0.831063
 6565.0   0.834370
 6567.5   0.856310
 6570.0   0.882173
 6572.5   0.897617
 6575.0   0.905846
 6577.5   0.912925
 6580.0   0.918821
 6582.5   0.922278
 6585.0   0.923257
 6587.5   0.922066
 6590.0   0.919194
 6592.5   0.915779
 6595.0   0.915373
 6597.5   0.920526
 6600.0   0.927382
 6602.5   0.931526
 6605.0   0.932731
 6607.5   0.931991
 6610.0   0.931015
 6612.5   0.931262
 6615.0   0.932476
 6617.5   0.933835
 6620.0   0.933960
 6622.5   0.931751
 6625.0   0.927779
 6627.5   0.923191
 6630.0   0.919768
 6632.5   0.918963
 6635.0   0.920288
 6637.5   0.922670
 6640.0   0.924651
 6642.5   0.925084
 6645.0   0.924461
 6647.5   0.923588
 6650.0   0.922871
 6652.5   0.922460
 6655.0   0.921864
 6657.5   0.920510
 6660.0   0.918147
 6662.5   0.915148
 6665.0   0.914058
 6667.5   0.916644
 6670.0   0.919378
 6672.5   0.918514
 6675.0   0.914715
 6677.5   0.910110
 6680.0   0.908275
 6682.5   0.911637
 6685.0   0.916582
 6687.5   0.919024
 6690.0   0.919036
 6692.5   0.917728
 6695.0   0.916217
 6697.5   0.915431
 6700.0   0.915545
 6702.5   0.916272
 6705.0   0.916232
 6707.5   0.914119
 6710.0   0.910008
 6712.5   0.904671
 6715.0   0.900276
 6717.5   0.898770
 6720.0   0.899810
 6722.5   0.902372
 6725.0   0.904985
 6727.5   0.906504
 6730.0   0.907540
 6732.5   0.908776
 6735.0   0.909422
 6737.5   0.908714
 6740.0   0.907456
 6742.5   0.906477
 6745.0   0.905146
 6747.5   0.903052
 6750.0   0.902116
 6752.5   0.903963
 6755.0   0.906698
 6757.5   0.908151
 6760.0   0.908561
 6762.5   0.908432
 6765.0   0.906927
 6767.5   0.903675
 6770.0   0.901524
 6772.5   0.902974
 6775.0   0.905905
 6777.5   0.907515
 6780.0   0.906873
 6782.5   0.904114
 6785.0   0.901748
 6787.5   0.901956
 6790.0   0.903222
 6792.5   0.903570
 6795.0   0.902877
 6797.5   0.901619
 6800.0   0.900811
 6802.5   0.901012
 6805.0   0.900431
 6807.5   0.897672
 6810.0   0.895278
 6812.5   0.895682
 6815.0   0.896938
 6817.5   0.896888
 6820.0   0.896890
 6822.5   0.898366
 6825.0   0.899470
 6827.5   0.898348
 6830.0   0.896374
 6832.5   0.895234
 6835.0   0.894626
 6837.5   0.893894
 6840.0   0.892948
 6842.5   0.891823
 6845.0   0.890491
 6847.5   0.888926
 6850.0   0.887165
 6852.5   0.885256
 6855.0   0.883232
 6857.5   0.881147
 6860.0   0.879169
 6862.5   0.877488
 6865.0   0.876279
 6867.5   0.875676
 6870.0   0.875675
 6872.5   0.876223
 6875.0   0.877206
 6877.5   0.878465
 6880.0   0.879717
 6882.5   0.880679
 6885.0   0.881201
 6887.5   0.881199
 6890.0   0.880728
 6892.5   0.879924
 6895.0   0.879101
 6897.5   0.878595
 6900.0   0.878643
 6902.5   0.879405
 6905.0   0.880825
 6907.5   0.882757
 6910.0   0.884905
 6912.5   0.886927
 6915.0   0.888448
 6917.5   0.889119
 6920.0   0.888720
 6922.5   0.887165
 6925.0   0.884769
 6927.5   0.881949
 6930.0   0.879139
 6932.5   0.876742
 6935.0   0.875029
 6937.5   0.874185
 6940.0   0.874187
 6942.5   0.874900
 6945.0   0.875941
 6947.5   0.876903
 6950.0   0.877518
 6952.5   0.877604
 6955.0   0.877175
 6957.5   0.876297
 6960.0   0.875045
 6962.5   0.873658
 6965.0   0.873012
 6967.5   0.873597
 6970.0   0.873724
 6972.5   0.871874
 6975.0   0.869399
 6977.5   0.868242
 6980.0   0.869835
 6982.5   0.874421
 6985.0   0.878006
 6987.5   0.877000
 6990.0   0.873660
 6992.5   0.870983
 6995.0   0.869074
 6997.5   0.867225
 7000.0   0.864384
 7002.5   0.860233
 7005.0   0.857755
 7007.5   0.859262
 7010.0   0.861093
 7012.5   0.859579
 7015.0   0.857001
 7017.5   0.856107
 7020.0   0.855565
 7022.5   0.853841
 7025.0   0.852679
 7027.5   0.853721
 7030.0   0.854934
 7032.5   0.854237
 7035.0   0.853050
 7037.5   0.853299
 7040.0   0.855440
 7042.5   0.859123
 7045.0   0.862243
 7047.5   0.862759
 7050.0   0.860630
 7052.5   0.856595
 7055.0   0.852497
 7057.5   0.850010
 7060.0   0.849019
 7062.5   0.848968
 7065.0   0.849314
 7067.5   0.849815
 7070.0   0.851420
 7072.5   0.854844
 7075.0   0.858668
 7077.5   0.861051
 7080.0   0.860606
 7082.5   0.856924
 7085.0   0.853060
 7087.5   0.851978
 7090.0   0.852809
 7092.5   0.854120
 7095.0   0.856050
 7097.5   0.858688
 7100.0   0.860361
 7102.5   0.859472
 7105.0   0.856486
 7107.5   0.852410
 7110.0   0.848352
 7112.5   0.845097
 7115.0   0.842036
 7117.5   0.838473
 7120.0   0.834757
 7122.5   0.831480
 7125.0   0.829163
 7127.5   0.828415
 7130.0   0.830265
 7132.5   0.835266
 7135.0   0.841649
 7137.5   0.847085
 7140.0   0.849311
 7142.5   0.847089
 7145.0   0.843197
 7147.5   0.840690
 7150.0   0.839720
 7152.5   0.839650
 7155.0   0.839605
 7157.5   0.838702
 7160.0   0.836277
 7162.5   0.832480
 7165.0   0.830513
 7167.5   0.832865
 7170.0   0.836129
 7172.5   0.836399
 7175.0   0.833658
 7177.5   0.828895
 7180.0   0.823226
 7182.5   0.817435
 7185.0   0.810842
 7187.5   0.803339
 7190.0   0.798556
 7192.5   0.799578
 7195.0   0.803565
 7197.5   0.806622
 7200.0   0.806560
 7202.5   0.802902
 7205.0   0.800316
 7207.5   0.803523
 7210.0   0.812304
 7212.5   0.824213
 7215.0   0.832830
 7217.5   0.833312
 7220.0   0.831093
 7222.5   0.832316
 7225.0   0.835680
 7227.5   0.838142
 7230.0   0.837141
 7232.5   0.831675
 7235.0   0.826485
 7237.5   0.825908
 7240.0   0.826922
 7242.5   0.825914
 7245.0   0.824261
 7247.5   0.823785
 7250.0   0.823101
 7252.5   0.820921
 7255.0   0.819564
 7257.5   0.821004
 7260.0   0.822222
 7262.5   0.820478
 7265.0   0.819144
 7267.5   0.821354
 7270.0   0.823186
 7272.5   0.820571
 7275.0   0.815898
 7277.5   0.812586
 7280.0   0.811712
 7282.5   0.812790
 7285.0   0.811431
 7287.5   0.804733
 7290.0   0.799642
 7292.5   0.802967
 7295.0   0.811107
 7297.5   0.818463
 7300.0   0.821845
 7302.5   0.819859
 7305.0   0.815898
 7307.5   0.813805
 7310.0   0.814434
 7312.5   0.817360
 7315.0   0.820020
 7317.5   0.820211
 7320.0   0.819310
 7322.5   0.819066
 7325.0   0.819121
 7327.5   0.819044
 7330.0   0.820211
 7332.5   0.823664
 7335.0   0.827293
 7337.5   0.828932
 7340.0   0.829338
 7342.5   0.829514
 7345.0   0.828517
 7347.5   0.825452
 7350.0   0.821563
 7352.5   0.818318
 7355.0   0.815940
 7357.5   0.814393
 7360.0   0.813839
 7362.5   0.814509
 7365.0   0.816712
 7367.5   0.820224
 7370.0   0.822614
 7372.5   0.821915
 7375.0   0.820215
 7377.5   0.819440
 7380.0   0.816823
 7382.5   0.809883
 7385.0   0.801975
 7387.5   0.797296
 7390.0   0.797583
 7392.5   0.802756
 7395.0   0.807935
 7397.5   0.808713
 7400.0   0.807375
 7402.5   0.806775
 7405.0   0.805337
 7407.5   0.801385
 7410.0   0.797270
 7412.5   0.795546
 7415.0   0.795555
 7417.5   0.796047
 7420.0   0.796615
 7422.5   0.797399
 7425.0   0.799892
 7427.5   0.804950
 7430.0   0.809546
 7432.5   0.810799
 7435.0   0.810306
 7437.5   0.809819
 7440.0   0.807235
 7442.5   0.801179
 7445.0   0.797033
 7447.5   0.799791
 7450.0   0.806125
 7452.5   0.811241
 7455.0   0.812802
 7457.5   0.810083
 7460.0   0.806343
 7462.5   0.804908
 7465.0   0.805394
 7467.5   0.806458
 7470.0   0.806629
 7472.5   0.804946
 7475.0   0.802618
 7477.5   0.801071
 7480.0   0.800431
 7482.5   0.800248
 7485.0   0.799075
 7487.5   0.795732
 7490.0   0.791094
 7492.5   0.786833
 7495.0   0.785761
 7497.5   0.789510
 7500.0   0.793866
 7502.5   0.794283
 7505.0   0.790732
 7507.5   0.785085
 7510.0   0.782290
 7512.5   0.785974
 7515.0   0.791400
 7517.5   0.793249
 7520.0   0.792238
 7522.5   0.790455
 7525.0   0.789443
 7527.5   0.790074
 7530.0   0.791090
 7532.5   0.791305
 7535.0   0.791948
 7537.5   0.794008
 7540.0   0.795102
 7542.5   0.792987
 7545.0   0.789368
 7547.5   0.786476
 7550.0   0.784708
 7552.5   0.783941
 7555.0   0.783811
 7557.5   0.784047
 7560.0   0.784985
 7562.5   0.786957
 7565.0   0.789661
 7567.5   0.792669
 7570.0   0.795667
 7572.5   0.798397
 7575.0   0.800702
 7577.5   0.802410
 7580.0   0.803170
 7582.5   0.802705
 7585.0   0.801203
 7587.5   0.798967
 7590.0   0.796305
 7592.5   0.793520
 7595.0   0.790900
 7597.5   0.788733
 7600.0   0.787335
 7602.5   0.786924
 7605.0   0.787319
 7607.5   0.788253
 7610.0   0.789526
 7612.5   0.790952
 7615.0   0.792333
 7617.5   0.793465
 7620.0   0.794134
 7622.5   0.794177
 7625.0   0.793638
 7627.5   0.792613
 7630.0   0.791197
 7632.5   0.789485
 7635.0   0.787571
 7637.5   0.785551
 7640.0   0.783519
 7642.5   0.781546
 7645.0   0.779609
 7647.5   0.777659
 7650.0   0.775649
 7652.5   0.773531
 7655.0   0.771256
 7657.5   0.768777
 7660.0   0.766043
 7662.5   0.763042
 7665.0   0.759909
 7667.5   0.756810
 7670.0   0.753879
 7672.5   0.751254
 7675.0   0.749122
 7677.5   0.747688
 7680.0   0.747169
 7682.5   0.747711
 7685.0   0.749144
 7687.5   0.751211
 7690.0   0.753611
 7692.5   0.756062
 7695.0   0.758401
 7697.5   0.760478
 7700.0   0.762080
 7702.5   0.763038
 7705.0   0.763413
 7707.5   0.763329
 7710.0   0.762922
 7712.5   0.762321
 7715.0   0.761617
 7717.5   0.760904
 7720.0   0.760323
 7722.5   0.759948
 7725.0   0.759534
 7727.5   0.759039
 7730.0   0.759559
 7732.5   0.761839
 7735.0   0.764072
 7737.5   0.764220
 7740.0   0.761864
 7742.5   0.757399
 7745.0   0.752862
 7747.5   0.750450
 7750.0   0.751374
 7752.5   0.755715
 7755.0   0.760023
 7757.5   0.761200
 7760.0   0.761098
 7762.5   0.762000
 7765.0   0.762958
 7767.5   0.762657
 7770.0   0.761550
 7772.5   0.760297
 7775.0   0.758633
 7777.5   0.756382
 7780.0   0.754663
 7782.5   0.754543
 7785.0   0.755591
 7787.5   0.756957
 7790.0   0.757609
 7792.5   0.756773
 7795.0   0.754871
 7797.5   0.752657
 7800.0   0.751001
 7802.5   0.750500
 7805.0   0.750542
 7807.5   0.750491
 7810.0   0.750807
 7812.5   0.752001
 7815.0   0.753674
 7817.5   0.755188
 7820.0   0.755857
 7822.5   0.755164
 7825.0   0.753316
 7827.5   0.750505
 7830.0   0.746147
 7832.5   0.740575
 7835.0   0.738564
 7837.5   0.743710
 7840.0   0.750461
 7842.5   0.752735
 7845.0   0.751478
 7847.5   0.749250
 7850.0   0.748042
 7852.5   0.749081
 7855.0   0.751110
 7857.5   0.752546
 7860.0   0.752976
 7862.5   0.752304
 7865.0   0.750536
 7867.5   0.748026
 7870.0   0.746431
 7872.5   0.746963
 7875.0   0.747741
 7877.5   0.746929
 7880.0   0.745952
 7882.5   0.746493
 7885.0   0.748003
 7887.5   0.749385
 7890.0   0.749590
 7892.5   0.748074
 7895.0   0.746283
 7897.5   0.745604
 7900.0   0.745210
 7902.5   0.744031
 7905.0   0.742242
 7907.5   0.740264
 7910.0   0.738256
 7912.5   0.736217
 7915.0   0.733752
 7917.5   0.730853
 7920.0   0.729439
 7922.5   0.730803
 7925.0   0.731805
 7927.5   0.729171
 7930.0   0.723510
 7932.5   0.716829
 7935.0   0.712834
 7937.5   0.713982
 7940.0   0.716044
 7942.5   0.715097
 7945.0   0.715127
 7947.5   0.720155
 7950.0   0.726428
 7952.5   0.729576
 7955.0   0.730525
 7957.5   0.731252
 7960.0   0.732651
 7962.5   0.734936
 7965.0   0.736689
 7967.5   0.736690
 7970.0   0.736141
 7972.5   0.736377
 7975.0   0.736833
 7977.5   0.736795
 7980.0   0.736834
 7982.5   0.737489
 7985.0   0.737873
 7987.5   0.736964
 7990.0   0.734614
 7992.5   0.730950
 7995.0   0.726316
 7997.5   0.721620
 8000.0   0.719797
 8002.5   0.722769
 8005.0   0.726383
 8007.5   0.726597
 8010.0   0.725879
 8012.5   0.727181
 8015.0   0.728888
 8017.5   0.728732
 8020.0   0.726408
 8022.5   0.722548
 8025.0   0.719585
 8027.5   0.719609
 8030.0   0.721555
 8032.5   0.723757
 8035.0   0.725316
 8037.5   0.725453
 8040.0   0.723094
 8042.5   0.717940
 8045.0   0.713079
 8047.5   0.711626
 8050.0   0.713428
 8052.5   0.717298
 8055.0   0.721188
 8057.5   0.723300
 8060.0   0.723705
 8062.5   0.722909
 8065.0   0.721279
 8067.5   0.719142
 8070.0   0.716810
 8072.5   0.714694
 8075.0   0.713628
 8077.5   0.713934
 8080.0   0.713449
 8082.5   0.710414
 8085.0   0.707156
 8087.5   0.705951
 8090.0   0.704784
 8092.5   0.701690
 8095.0   0.699199
 8097.5   0.700053
 8100.0   0.703357
 8102.5   0.707345
 8105.0   0.710396
 8107.5   0.711526
 8110.0   0.712150
 8112.5   0.713716
 8115.0   0.715402
 8117.5   0.716281
 8120.0   0.717271
 8122.5   0.719121
 8125.0   0.720064
 8127.5   0.718491
 8130.0   0.715952
 8132.5   0.714278
 8135.0   0.713266
 8137.5   0.712228
 8140.0   0.710569
 8142.5   0.707874
 8145.0   0.704366
 8147.5   0.700561
 8150.0   0.697514
 8152.5   0.695947
 8155.0   0.694704
 8157.5   0.692303
 8160.0   0.687844
 8162.5   0.681525
 8165.0   0.677347
 8167.5   0.678710
 8170.0   0.682793
 8172.5   0.685514
 8175.0   0.683972
 8177.5   0.677200
 8180.0   0.670785
 8182.5   0.670078
 8185.0   0.672934
 8187.5   0.675662
 8190.0   0.675894
 8192.5   0.672847
 8195.0   0.670743
 8197.5   0.673707
 8200.0   0.680455
 8202.5   0.688198
 8205.0   0.693517
 8207.5   0.693986
 8210.0   0.691771
 8212.5   0.689418
 8215.0   0.686412
 8217.5   0.682143
 8220.0   0.678688
 8222.5   0.677408
 8225.0   0.674116
 8227.5   0.665738
 8230.0   0.659187
 8232.5   0.661533
 8235.0   0.670475
 8237.5   0.681276
 8240.0   0.688822
 8242.5   0.689875
 8245.0   0.689085
 8247.5   0.691333
 8250.0   0.694534
 8252.5   0.695677
 8255.0   0.695016
 8257.5   0.693817
 8260.0   0.694144
 8262.5   0.697077
 8265.0   0.698967
 8267.5   0.696351
 8270.0   0.691249
 8272.5   0.686489
 8275.0   0.682660
 8277.5   0.679836
 8280.0   0.678285
 8282.5   0.677941
 8285.0   0.677224
 8287.5   0.674917
 8290.0   0.672769
 8292.5   0.672642
 8295.0   0.673894
 8297.5   0.675200
 8300.0   0.675025
 8302.5   0.672544
 8305.0   0.669996
 8307.5   0.669692
 8310.0   0.671164
 8312.5   0.673011
 8315.0   0.672867
 8317.5   0.669152
 8320.0   0.664384
 8322.5   0.661215
 8325.0   0.658746
 8327.5   0.655755
 8330.0   0.653274
 8332.5   0.652425
 8335.0   0.652425
 8337.5   0.652479
 8340.0   0.653638
 8342.5   0.656751
 8345.0   0.660022
 8347.5   0.661751
 8350.0   0.663270
 8352.5   0.665978
 8355.0   0.668497
 8357.5   0.669337
 8360.0   0.669325
 8362.5   0.669552
 8365.0   0.669857
 8367.5   0.669806
 8370.0   0.669131
 8372.5   0.667822
 8375.0   0.666733
 8377.5   0.666380
 8380.0   0.665058
 8382.5   0.661437
 8385.0   0.657919
 8387.5   0.657248
 8390.0   0.659810
 8392.5   0.664837
 8395.0   0.669315
 8397.5   0.670671
 8400.0   0.670346
 8402.5   0.669929
 8405.0   0.667595
 8407.5   0.661932
 8410.0   0.656583
 8412.5   0.654982
 8415.0   0.654669
 8417.5   0.652476
 8420.0   0.648304
 8422.5   0.643602
 8425.0   0.642941
 8427.5   0.648960
 8430.0   0.653439
 8432.5   0.648922
 8435.0   0.641856
 8437.5   0.639930
 8440.0   0.641885
 8442.5   0.644827
 8445.0   0.648264
 8447.5   0.652149
 8450.0   0.655795
 8452.5   0.658340
 8455.0   0.658845
 8457.5   0.656913
 8460.0   0.654388
 8462.5   0.652753
 8465.0   0.649809
 8467.5   0.644012
 8470.0   0.640125
 8472.5   0.642678
 8475.0   0.648971
 8477.5   0.654813
 8480.0   0.657282
 8482.5   0.655057
 8485.0   0.651956
 8487.5   0.650788
 8490.0   0.645199
 8492.5   0.629301
 8495.0   0.608248
 8497.5   0.590434
 8500.0   0.586175
 8502.5   0.601158
 8505.0   0.620625
 8507.5   0.629203
 8510.0   0.629504
 8512.5   0.627829
 8515.0   0.627250
 8517.5   0.629166
 8520.0   0.631514
 8522.5   0.631800
 8525.0   0.629284
 8527.5   0.623992
 8530.0   0.617272
 8532.5   0.608588
 8535.0   0.588550
 8537.5   0.551559
 8540.0   0.516035
 8542.5   0.502388
 8545.0   0.514976
 8547.5   0.549866
 8550.0   0.586018
 8552.5   0.604453
 8555.0   0.611541
 8557.5   0.617550
 8560.0   0.622993
 8562.5   0.626501
 8565.0   0.628932
 8567.5   0.631191
 8570.0   0.632148
 8572.5   0.630921
 8575.0   0.629661
 8577.5   0.630224
 8580.0   0.630240
 8582.5   0.627606
 8585.0   0.625505
 8587.5   0.626938
 8590.0   0.628903
 8592.5   0.627960
 8595.0   0.624923
 8597.5   0.621828
 8600.0   0.621333
 8602.5   0.624741
 8605.0   0.627310
 8607.5   0.624619
 8610.0   0.619582
 8612.5   0.616147
 8615.0   0.615052
 8617.5   0.616227
 8620.0   0.619571
 8622.5   0.624478
 8625.0   0.628353
 8627.5   0.628971
 8630.0   0.627576
 8632.5   0.626298
 8635.0   0.627344
 8637.5   0.631610
 8640.0   0.634677
 8642.5   0.632243
 8645.0   0.625783
 8647.5   0.618117
 8650.0   0.611671
 8652.5   0.606412
 8655.0   0.592871
 8657.5   0.564471
 8660.0   0.535631
 8662.5   0.522925
 8665.0   0.530537
 8667.5   0.555981
 8670.0   0.582485
 8672.5   0.595239
 8675.0   0.601576
 8677.5   0.610698
 8680.0   0.617145
 8682.5   0.614654
 8685.0   0.608413
 8687.5   0.605415
 8690.0   0.608419
 8692.5   0.617650
 8695.0   0.627431
 8697.5   0.632144
 8700.0   0.632302
 8702.5   0.630176
 8705.0   0.628945
 8707.5   0.630550
 8710.0   0.631086
 8712.5   0.627314
 8715.0   0.624510
 8717.5   0.627557
 8720.0   0.631248
 8722.5   0.630150
 8725.0   0.628005
 8727.5   0.628750
 8730.0   0.627932
 8732.5   0.621415
 8735.0   0.614722
 8737.5   0.613830
 8740.0   0.616882
 8742.5   0.620523
 8745.0   0.623234
 8747.5   0.624171
 8750.0   0.623355
 8752.5   0.621331
 8755.0   0.619866
 8757.5   0.620418
 8760.0   0.621971
 8762.5   0.623118
 8765.0   0.623361
 8767.5   0.622440
 8770.0   0.620150
 8772.5   0.617132
 8775.0   0.617358
 8777.5   0.623367
 8780.0   0.628651
 8782.5   0.626869
 8785.0   0.621413
 8787.5   0.616986
 8790.0   0.613820
 8792.5   0.611474
 8795.0   0.611287
 8797.5   0.613352
 8800.0   0.610988
 8802.5   0.599155
 8805.0   0.586136
 8807.5   0.581714
 8810.0   0.588338
 8812.5   0.604325
 8815.0   0.618787
 8817.5   0.621823
 8820.0   0.616686
 8822.5   0.609825
 8825.0   0.607314
 8827.5   0.612700
 8830.0   0.619786
 8832.5   0.621900
 8835.0   0.620200
 8837.5   0.617500
 8840.0   0.615415
 8842.5   0.614927
 8845.0   0.615680
 8847.5   0.617015
 8850.0   0.618390
 8852.5   0.619101
 8855.0   0.617690
 8857.5   0.613334
 8860.0   0.608523
 8862.5   0.605637
 8865.0   0.603317
 8867.5   0.600337
 8870.0   0.599756
 8872.5   0.603989
 8875.0   0.608599
 8877.5   0.609297
 8880.0   0.609245
 8882.5   0.611900
 8885.0   0.614456
 8887.5   0.613723
 8890.0   0.611247
 8892.5   0.609417
 8895.0   0.609262
 8897.5   0.611000
 8900.0   0.612966
 8902.5   0.613526
 8905.0   0.613064
 8907.5   0.612320
 8910.0   0.611436
 8912.5   0.610401
 8915.0   0.609196
 8917.5   0.608153
 8920.0   0.609025
 8922.5   0.612791
 8925.0   0.615923
 8927.5   0.615306
 8930.0   0.613997
 8932.5   0.615296
 8935.0   0.617322
 8937.5   0.617615
 8940.0   0.616587
 8942.5   0.615211
 8945.0   0.613846
 8947.5   0.612717
 8950.0   0.612138
 8952.5   0.612423
 8955.0   0.613796
 8957.5   0.615890
 8960.0   0.616056
 8962.5   0.612485
 8965.0   0.608993
 8967.5   0.609159
 8970.0   0.609983
 8972.5   0.608219
 8975.0   0.606223
 8977.5   0.606558
 8980.0   0.607016
 8982.5   0.604828
 8985.0   0.599749
 8987.5   0.592750
 8990.0   0.587130
 8992.5   0.585541
 8995.0   0.585715
 8997.5   0.585045
 9000.0   0.584491
 9002.5   0.585280
 9005.0   0.586141
 9007.5   0.585700
 9010.0   0.584672
 9012.5   0.584107
 9015.0   0.584309
 9017.5   0.585550
 9020.0   0.588720
 9022.5   0.594486
 9025.0   0.601993
 9027.5   0.610164
 9030.0   0.618553
 9032.5   0.626679
 9035.0   0.633299
 9037.5   0.637263
 9040.0   0.638569
 9042.5   0.637795
 9045.0   0.636699
 9047.5   0.636741
 9050.0   0.637023
 9052.5   0.636222
 9055.0   0.633690
 9057.5   0.629135
 9060.0   0.623027
 9062.5   0.616110
 9065.0   0.609469
 9067.5   0.604161
 9070.0   0.600780
 9072.5   0.599063
 9075.0   0.595773
 9077.5   0.588679
 9080.0   0.582548
 9082.5   0.581651
 9085.0   0.581285
 9087.5   0.577000
 9090.0   0.574335
 9092.5   0.578726
 9095.0   0.585214
 9097.5   0.587939
 9100.0   0.587845
 9102.5   0.587244
 9105.0   0.587128
 9107.5   0.588021
 9110.0   0.589910
 9112.5   0.592191
 9115.0   0.592432
 9117.5   0.589300
 9120.0   0.587686
 9122.5   0.591590
 9125.0   0.595233
 9127.5   0.592535
 9130.0   0.586005
 9132.5   0.579709
 9135.0   0.575370
 9137.5   0.573981
 9140.0   0.575965
 9142.5   0.580668
 9145.0   0.583689
 9147.5   0.581209
 9150.0   0.575494
 9152.5   0.569887
 9155.0   0.565959
 9157.5   0.564907
 9160.0   0.568192
 9162.5   0.575810
 9165.0   0.581612
 9167.5   0.580011
 9170.0   0.573800
 9172.5   0.567604
 9175.0   0.565005
 9177.5   0.568018
 9180.0   0.573426
 9182.5   0.577640
 9185.0   0.580819
 9187.5   0.583648
 9190.0   0.585179
 9192.5   0.584765
 9195.0   0.584590
 9197.5   0.586588
 9200.0   0.588872
 9202.5   0.589168
 9205.0   0.587472
 9207.5   0.584459
 9210.0   0.581257
 9212.5   0.578916
 9215.0   0.577717
 9217.5   0.577612
 9220.0   0.577996
 9222.5   0.578273
 9225.0   0.578445
 9227.5   0.578482
 9230.0   0.577636
 9232.5   0.575483
 9235.0   0.573619
 9237.5   0.573325
 9240.0   0.572597
 9242.5   0.569637
 9245.0   0.566753
 9247.5   0.566154
 9250.0   0.565557
 9252.5   0.562823
 9255.0   0.560876
 9257.5   0.562852
 9260.0   0.567686
 9262.5   0.573640
 9265.0   0.580497
 9267.5   0.587810
 9270.0   0.592690
 9272.5   0.592755
 9275.0   0.590080
 9277.5   0.587541
 9280.0   0.586750
 9282.5   0.588320
 9285.0   0.590125
 9287.5   0.589865
 9290.0   0.587298
 9292.5   0.582773
 9295.0   0.576951
 9297.5   0.570887
 9300.0   0.566890
 9302.5   0.566286
 9305.0   0.565207
 9307.5   0.559771
 9310.0   0.551235
 9312.5   0.542462
 9315.0   0.537613
 9317.5   0.538903
 9320.0   0.539466
 9322.5   0.533387
 9325.0   0.527648
 9327.5   0.529610
 9330.0   0.535260
 9332.5   0.538495
 9335.0   0.536215
 9337.5   0.526813
 9340.0   0.511652
 9342.5   0.495010
 9345.0   0.489861
 9347.5   0.504572
 9350.0   0.520389
 9352.5   0.518389
 9355.0   0.506106
 9357.5   0.496623
 9360.0   0.498779
 9362.5   0.515223
 9365.0   0.528103
 9367.5   0.522596
 9370.0   0.516488
 9372.5   0.527763
 9375.0   0.542578
 9377.5   0.545469
 9380.0   0.546321
 9382.5   0.557320
 9385.0   0.574513
 9387.5   0.591480
 9390.0   0.608066
 9392.5   0.624215
 9395.0   0.633984
 9397.5   0.632484
 9400.0   0.624914
 9402.5   0.617363
 9405.0   0.609381
 9407.5   0.599786
 9410.0   0.590996
 9412.5   0.585387
 9415.0   0.581565
 9417.5   0.577905
 9420.0   0.575617
 9422.5   0.574395
 9425.0   0.565018
 9427.5   0.542278
 9430.0   0.525933
 9432.5   0.532619
 9435.0   0.541507
 9437.5   0.530780
 9440.0   0.512139
 9442.5   0.502775
 9445.0   0.508316
 9447.5   0.527794
 9450.0   0.545419
 9452.5   0.547027
 9455.0   0.539793
 9457.5   0.533924
 9460.0   0.530429
 9462.5   0.528914
 9465.0   0.532573
 9467.5   0.543433
 9470.0   0.555273
 9472.5   0.561236
 9475.0   0.560165
 9477.5   0.553494
 9480.0   0.547325
 9482.5   0.547669
 9485.0   0.555505
 9487.5   0.568205
 9490.0   0.573731
 9492.5   0.562592
 9495.0   0.544891
 9497.5   0.533044
 9500.0   0.529131
 9502.5   0.532718
 9505.0   0.543658
 9507.5   0.559848
 9510.0   0.571062
 9512.5   0.568667
 9515.0   0.558519
 9517.5   0.548423
 9520.0   0.539495
 9522.5   0.532023
 9525.0   0.529662
 9527.5   0.534998
 9530.0   0.542961
 9532.5   0.548187
 9535.0   0.551797
 9537.5   0.555098
 9540.0   0.553660
 9542.5   0.544634
 9545.0   0.537229
 9547.5   0.539242
 9550.0   0.540772
 9552.5   0.532598
 9555.0   0.525909
 9557.5   0.531776
 9560.0   0.540387
 9562.5   0.540556
 9565.0   0.536483
 9567.5   0.534769
 9570.0   0.536224
 9572.5   0.539845
 9575.0   0.543164
 9577.5   0.543979
 9580.0   0.542624
 9582.5   0.539893
 9585.0   0.535872
 9587.5   0.530442
 9590.0   0.523377
 9592.5   0.515274
 9595.0   0.510146
 9597.5   0.511508
 9600.0   0.517480
 9602.5   0.524838
 9605.0   0.530378
 9607.5   0.532213
 9610.0   0.533694
 9612.5   0.537635
 9615.0   0.539457
 9617.5   0.534846
 9620.0   0.527943
 9622.5   0.523796
 9625.0   0.522637
 9627.5   0.523623
 9630.0   0.526420
 9632.5   0.529857
 9635.0   0.528894
 9637.5   0.520232
 9640.0   0.511403
 9642.5   0.509714
 9645.0   0.510736
 9647.5   0.509418
 9650.0   0.509955
 9652.5   0.516228
 9655.0   0.521606
 9657.5   0.519291
 9660.0   0.512322
 9662.5   0.506168
 9665.0   0.506190
 9667.5   0.515201
 9670.0   0.525925
 9672.5   0.530793
 9675.0   0.531159
 9677.5   0.530206
 9680.0   0.529512
 9682.5   0.529858
 9685.0   0.530448
 9687.5   0.530337
 9690.0   0.529554
 9692.5   0.528487
 9695.0   0.527984
 9697.5   0.528497
 9700.0   0.528437
 9702.5   0.526082
 9705.0   0.521232
 9707.5   0.514855
 9710.0   0.511086
 9712.5   0.513084
 9715.0   0.516952
 9717.5   0.518372
 9720.0   0.518410
 9722.5   0.518734
 9725.0   0.518042
 9727.5   0.514711
 9730.0   0.508799
 9732.5   0.501770
 9735.0   0.499031
 9737.5   0.503678
 9740.0   0.505619
 9742.5   0.496457
 9745.0   0.487767
 9747.5   0.490820
 9750.0   0.495703
 9752.5   0.491941
 9755.0   0.487979
 9757.5   0.492626
 9760.0   0.497210
 9762.5   0.493145
 9765.0   0.489668
 9767.5   0.496116
 9770.0   0.504400
 9772.5   0.505248
 9775.0   0.502095
 9777.5   0.500141
 9780.0   0.498959
 9782.5   0.498021
 9785.0   0.502033
 9787.5   0.513254
 9790.0   0.518917
 9792.5   0.508718
 9795.0   0.497234
 9797.5   0.499378
 9800.0   0.506536
 9802.5   0.507613
 9805.0   0.505123
 9807.5   0.503807
 9810.0   0.503709
 9812.5   0.504159
 9815.0   0.506325
 9817.5   0.510565
 9820.0   0.512159
 9822.5   0.507336
 9825.0   0.501182
 9827.5   0.499220
 9830.0   0.499848
 9832.5   0.500372
 9835.0   0.500859
 9837.5   0.502052
 9840.0   0.504647
 9842.5   0.508328
 9845.0   0.508782
 9847.5   0.502803
 9850.0   0.495615
 9852.5   0.493237
 9855.0   0.496443
 9857.5   0.503639
 9860.0   0.509002
 9862.5   0.507680
 9865.0   0.502924
 9867.5   0.499178
 9870.0   0.497551
 9872.5   0.497814
 9875.0   0.497711
 9877.5   0.495508
 9880.0   0.493577
 9882.5   0.494130
 9885.0   0.494623
 9887.5   0.492390
 9890.0   0.489041
 9892.5   0.486721
 9895.0   0.485448
 9897.5   0.485455
 9900.0   0.489954
 9902.5   0.500172
 9905.0   0.506425
 9907.5   0.500718
 9910.0   0.492730
 9912.5   0.492899
 9915.0   0.497042
 9917.5   0.498829
 9920.0   0.497978
 9922.5   0.495795
 9925.0   0.493898
 9927.5   0.493585
 9930.0   0.494558
 9932.5   0.495351
 9935.0   0.491418
 9937.5   0.480599
 9940.0   0.473361
 9942.5   0.478906
 9945.0   0.488749
 9947.5   0.492770
 9950.0   0.491997
 9952.5   0.489813
 9955.0   0.487856
 9957.5   0.486969
 9960.0   0.486542
 9962.5   0.486029
 9965.0   0.486578
 9967.5   0.489269
 9970.0   0.493207
 9972.5   0.496256
 9975.0   0.493285
 9977.5   0.481791
 9980.0   0.472768
 9982.5   0.476048
 9985.0   0.483324
 9987.5   0.484942
 9990.0   0.483995
 9992.5   0.485149
 9995.0   0.486626
 9997.5   0.485778
10000.0   0.482936
10002.5   0.479377
10005.0   0.477191
10007.5   0.478236
10010.0   0.482637
10012.5   0.489736
10015.0   0.497476
10017.5   0.503142
10020.0   0.502770
10022.5   0.494152
10025.0   0.483340
10027.5   0.476869
10030.0   0.474953
10032.5   0.476231
10035.0   0.479360
10037.5   0.482585
10040.0   0.482488
10042.5   0.477033
10045.0   0.471373
10047.5   0.471070
10050.0   0.476124
10052.5   0.483655
10055.0   0.484827
10057.5   0.474038
10060.0   0.464566
10062.5   0.468784
10065.0   0.476551
10067.5   0.476200
10070.0   0.472481
10072.5   0.472499
10075.0   0.476368
10077.5   0.481552
10080.0   0.481912
10082.5   0.474379
10085.0   0.471765
10087.5   0.483252
10090.0   0.487626
10092.5   0.466835
10095.0   0.445867
10097.5   0.450664
10100.0   0.467941
10102.5   0.479329
10105.0   0.485365
10107.5   0.488906
10110.0   0.483190
10112.5   0.464544
10115.0   0.451259
10117.5   0.459304
10120.0   0.473392
10122.5   0.476026
10125.0   0.472120
10127.5   0.469667
10130.0   0.466553
10132.5   0.460363
10135.0   0.457576
10137.5   0.464039
10140.0   0.474172
10142.5   0.480466
10145.0   0.479132
10147.5   0.469841
10150.0   0.462398
10152.5   0.464810
10155.0   0.467768
10157.5   0.462109
10160.0   0.456571
10162.5   0.460549
10165.0   0.468147
10167.5   0.470896
10170.0   0.465306
10172.5   0.451963
10175.0   0.442766
10177.5   0.447513
10180.0   0.456270
10182.5   0.457808
10185.0   0.455431
10187.5   0.454621
10190.0   0.455024
10192.5   0.455218
10195.0   0.455345
10197.5   0.455834
10200.0   0.456692
10202.5   0.457827
10205.0   0.459157
10207.5   0.460596
10210.0   0.462028
10212.5   0.463330
10215.0   0.464389
10217.5   0.465092
10220.0   0.465324
10222.5   0.465012
10225.0   0.464247
10227.5   0.463163
10230.0   0.461894
10232.5   0.460572
10235.0   0.459331
10237.5   0.458303
10240.0   0.457623
10242.5   0.457383
10245.0   0.457515
10247.5   0.457911
10250.0   0.458462
10252.5   0.459061
10255.0   0.459600
10257.5   0.459970
10260.0   0.460063
10262.5   0.459802
10265.0   0.459239
10267.5   0.458455
10270.0   0.457533
10272.5   0.456556
10275.0   0.455604
10277.5   0.454761
10280.0   0.454111
10282.5   0.453715
10285.0   0.453528
10287.5   0.453491
10290.0   0.453599
10292.5   0.453811
10295.0   0.453884
10297.5   0.453711
10300.0   0.453942
10302.5   0.455053
10305.0   0.456068
10307.5   0.456022
10310.0   0.455450
10312.5   0.455074
10315.0   0.454869
10317.5   0.454670
10320.0   0.454513
10322.5   0.454463
10325.0   0.454500
10327.5   0.454585
10330.0   0.454693
10332.5   0.454802
10335.0   0.454887
10337.5   0.454921
10340.0   0.454878
10342.5   0.454740
10345.0   0.454511
10347.5   0.454202
10350.0   0.453823
10352.5   0.453386
10355.0   0.452902
10357.5   0.452381
10360.0   0.451834
10362.5   0.451274
10365.0   0.450720
10367.5   0.450193
10370.0   0.449713
10372.5   0.449302
10375.0   0.448980
10377.5   0.448768
10380.0   0.448687
10382.5   0.448748
10385.0   0.448922
10387.5   0.449169
10390.0   0.449448
10392.5   0.449720
10395.0   0.449946
10397.5   0.450086
10400.0   0.450099
10402.5   0.449961
10405.0   0.449702
10407.5   0.449370
10410.0   0.449009
10412.5   0.448665
10415.0   0.448385
10417.5   0.448214
10420.0   0.448198
10422.5   0.448365
10425.0   0.448676
10427.5   0.449074
10430.0   0.449503
10432.5   0.449905
10435.0   0.450223
10437.5   0.450401
10440.0   0.450382
10442.5   0.450127
10445.0   0.449669
10447.5   0.449057
10450.0   0.448342
10452.5   0.447574
10455.0   0.446804
10457.5   0.446081
10460.0   0.445456
10462.5   0.444967
10465.0   0.444607
10467.5   0.444359
10470.0   0.444202
10472.5   0.444118
10475.0   0.444088
10477.5   0.444094
10480.0   0.444116
10482.5   0.444141
10485.0   0.444169
10487.5   0.444206
10490.0   0.444257
10492.5   0.444329
10495.0   0.444426
10497.5   0.444555
10500.0   0.444720
10502.5   0.444922
10505.0   0.445140
10507.5   0.445348
10510.0   0.445521
10512.5   0.445632
10515.0   0.445654
10517.5   0.445563
10520.0   0.445331
10522.5   0.444944
10525.0   0.444432
10527.5   0.443834
10530.0   0.443191
10532.5   0.442544
10535.0   0.441932
10537.5   0.441396
10540.0   0.440977
10542.5   0.440704
10545.0   0.440566
10547.5   0.440543
10550.0   0.440613
10552.5   0.440755
10555.0   0.440946
10557.5   0.441166
10560.0   0.441394
10562.5   0.441608
10565.0   0.441787
10567.5   0.441909
10570.0   0.441953
10572.5   0.441897
10575.0   0.441719
10577.5   0.441397
10580.0   0.440911
10582.5   0.440250
10585.0   0.439449
10587.5   0.438556
10590.0   0.437617
10592.5   0.436678
10595.0   0.435789
10597.5   0.434996
10600.0   0.434340
10602.5   0.433855
10605.0   0.433552
10607.5   0.433414
10610.0   0.433329
10612.5   0.433250
10615.0   0.433482
10617.5   0.434088
10620.0   0.433825
10622.5   0.431767
10625.0   0.429580
10627.5   0.428960
10630.0   0.429139
10632.5   0.429026
10635.0   0.428698
10637.5   0.428449
10640.0   0.428257
10642.5   0.428045
10645.0   0.427817
10647.5   0.427595
10650.0   0.427377
10652.5   0.427157
10655.0   0.426937
10657.5   0.426717
10660.0   0.426498
10662.5   0.426279
10665.0   0.426060
10667.5   0.425841
10670.0   0.425622
10672.5   0.425403
10675.0   0.425184
10677.5   0.424965
10680.0   0.424746
10682.5   0.424527
10685.0   0.424309
10687.5   0.424091
10690.0   0.423873
10692.5   0.423654
10695.0   0.423436
10697.5   0.423218
10700.0   0.423001
10702.5   0.422783
10705.0   0.422565
10707.5   0.422347
10710.0   0.422130
10712.5   0.421913
10715.0   0.421696
10717.5   0.421479
10720.0   0.421262
10722.5   0.421045
10725.0   0.420828
10727.5   0.420611
10730.0   0.420395
10732.5   0.420179
10735.0   0.419962
10737.5   0.419745
10740.0   0.419529
10742.5   0.419313
10745.0   0.419097
10747.5   0.418881
10750.0   0.418665
10752.5   0.418449
10755.0   0.418234
10757.5   0.418018
10760.0   0.417803
10762.5   0.417588
10765.0   0.417373
10767.5   0.417158
10770.0   0.416943
10772.5   0.416728
10775.0   0.416513
10777.5   0.416298
10780.0   0.416084
10782.5   0.415870
10785.0   0.415655
10787.5   0.415440
10790.0   0.415226
10792.5   0.415012
10795.0   0.414798
10797.5   0.414584
10800.0   0.414371
10802.5   0.414158
10805.0   0.413944
10807.5   0.413731
10810.0   0.413517
10812.5   0.413303
10815.0   0.413090
10817.5   0.412877
10820.0   0.412665
10822.5   0.412452
10825.0   0.412239
10827.5   0.412026
10830.0   0.411814
10832.5   0.411601
10835.0   0.411389
10837.5   0.411177
10840.0   0.410965
10842.5   0.410753
10845.0   0.410541
10847.5   0.410329
10850.0   0.410118
10852.5   0.409907
10855.0   0.409695
10857.5   0.409483
10860.0   0.409272
10862.5   0.409061
10865.0   0.408850
10867.5   0.408639
10870.0   0.408428
10872.5   0.408217
10875.0   0.408007
10877.5   0.407797
10880.0   0.407586
10882.5   0.407375
10885.0   0.407165
10887.5   0.406955
10890.0   0.406745
10892.5   0.406535
10895.0   0.406325
10897.5   0.406115
10900.0   0.405906
10902.5   0.405697
10905.0   0.405487
10907.5   0.405277
10910.0   0.405068
10912.5   0.404859
10915.0   0.404650
10917.5   0.404441
10920.0   0.404233
10922.5   0.404025
10925.0   0.403816
10927.5   0.403608
10930.0   0.403399
10932.5   0.403190
10935.0   0.402982
10937.5   0.402774
10940.0   0.402566
10942.5   0.402358
10945.0   0.402151
10947.5   0.401944
10950.0   0.401736
10952.5   0.401528
10955.0   0.401321
10957.5   0.401114
10960.0   0.400907
10962.5   0.400700
10965.0   0.400493
10967.5   0.400286
10970.0   0.400079
10972.5   0.399872
10975.0   0.399666
10977.5   0.399460
10980.0   0.399254
10982.5   0.399047
10985.0   0.398841
10987.5   0.398635
10990.0   0.398430
10992.5   0.398224
10995.0   0.398018
10997.5   0.397812
11000.0   0.397607
11002.5   0.397402
11005.0   0.397197
11007.5   0.396992
11010.0   0.396787
11012.5   0.396582
11015.0   0.396377
11017.5   0.396172
11020.0   0.395968
11022.5   0.395763
11025.0   0.395559
11027.5   0.395355
11030.0   0.395151
11032.5   0.394947
11035.0   0.394743
11037.5   0.394539
11040.0   0.394335
11042.5   0.394131
11045.0   0.393928
11047.5   0.393724
11050.0   0.393521
11052.5   0.393318
11055.0   0.393115
11057.5   0.392912
11060.0   0.392709
11062.5   0.392506
11065.0   0.392304
11067.5   0.392102
11070.0   0.391899
11072.5   0.391696
11075.0   0.391494
11077.5   0.391292
11080.0   0.391090
11082.5   0.390888
11085.0   0.390686
11087.5   0.390484
11090.0   0.390283
11092.5   0.390082
11095.0   0.389880
11097.5   0.389678
11100.0   0.389477
11102.5   0.389276
11105.0   0.389075
11107.5   0.388875
11110.0   0.388674
11112.5   0.388473
11115.0   0.388272
11117.5   0.388072
11120.0   0.387872
11122.5   0.387672
11125.0   0.387471
11127.5   0.387271
11130.0   0.387071
11132.5   0.386871
11135.0   0.386672
11137.5   0.386473
11140.0   0.386273
11142.5   0.386073
11145.0   0.385874
11147.5   0.385675
11150.0   0.385476
11152.5   0.385277
11155.0   0.385078
11157.5   0.384879
11160.0   0.384681
11162.5   0.384483
11165.0   0.384284
11167.5   0.384085
11170.0   0.383887
11172.5   0.383689
11175.0   0.383491
11177.5   0.383294
11180.0   0.383096
11182.5   0.382898
11185.0   0.382700
11187.5   0.382502
11190.0   0.382305
11192.5   0.382108
11195.0   0.381911
11197.5   0.381714
11200.0   0.381517
11202.5   0.381320
11205.0   0.381124
11207.5   0.380928
11210.0   0.380731
11212.5   0.380534
11215.0   0.380338
11217.5   0.380142
11220.0   0.379946
11222.5   0.379750
11225.0   0.379554
11227.5   0.379358
11230.0   0.379163
11232.5   0.378968
11235.0   0.378772
11237.5   0.378576
11240.0   0.378381
11242.5   0.378186
11245.0   0.377991
11247.5   0.377796
11250.0   0.377601
11252.5   0.377406
11255.0   0.377212
11257.5   0.377017
11260.0   0.376823
11262.5   0.376629
11265.0   0.376435
11267.5   0.376241
11270.0   0.376047
11272.5   0.375853
11275.0   0.375660
11277.5   0.375467
11280.0   0.375273
11282.5   0.375079
11285.0   0.374886
11287.5   0.374693
11290.0   0.374500
11292.5   0.374307
11295.0   0.374114
11297.5   0.373921
11300.0   0.373729
11302.5   0.373536
11305.0   0.373344
11307.5   0.373152
11310.0   0.372960
11312.5   0.372768
11315.0   0.372576
11317.5   0.372384
11320.0   0.372192
11322.5   0.372000
11325.0   0.371809
11327.5   0.371617
11330.0   0.371426
11332.5   0.371235
11335.0   0.371044
11337.5   0.370853
11340.0   0.370662
11342.5   0.370471
11345.0   0.370281
11347.5   0.370091
11350.0   0.369900
11352.5   0.369709
11355.0   0.369519
11357.5   0.369329
11360.0   0.369139
11362.5   0.368949
11365.0   0.368759
11367.5   0.368569
11370.0   0.368380
11372.5   0.368190
11375.0   0.368001
11377.5   0.367812
11380.0   0.367623
11382.5   0.367434
11385.0   0.367245
11387.5   0.367056
11390.0   0.366868
11392.5   0.366680
11395.0   0.366491
11397.5   0.366302
11400.0   0.366114
11402.5   0.365926
11405.0   0.365738
11407.5   0.365550
11410.0   0.365362
11412.5   0.365174
11415.0   0.364987
11417.5   0.364799
11420.0   0.364612
11422.5   0.364425
11425.0   0.364238
11427.5   0.364051
11430.0   0.363864
11432.5   0.363677
11435.0   0.363490
11437.5   0.363303
11440.0   0.363117
11442.5   0.362931
11445.0   0.362745
11447.5   0.362558
11450.0   0.362372
11452.5   0.362186
11455.0   0.362001
11457.5   0.361815
11460.0   0.361629
11462.5   0.361443
11465.0   0.361258
11467.5   0.361073
11470.0   0.360888
11472.5   0.360703
11475.0   0.360518
11477.5   0.360333
11480.0   0.360148
11482.5   0.359963
11485.0   0.359779
11487.5   0.359595
11490.0   0.359411
11492.5   0.359226
11495.0   0.359042
11497.5   0.358858
11500.0   0.358675
11502.5   0.358491
11505.0   0.358307
11507.5   0.358123
11510.0   0.357940
11512.5   0.357757
11515.0   0.357574
11517.5   0.357391
11520.0   0.357208
11522.5   0.357025
11525.0   0.356842
11527.5   0.356659
11530.0   0.356477
11532.5   0.356294
11535.0   0.356112
11537.5   0.355930
11540.0   0.355748
11542.5   0.355566
11545.0   0.355384
11547.5   0.355202
11550.0   0.355021
11552.5   0.354839
11555.0   0.354658
11557.5   0.354477
11560.0   0.354296
11562.5   0.354115
11565.0   0.353934
11567.5   0.353753
11570.0   0.353572
11572.5   0.353391
11575.0   0.353211
11577.5   0.353030
11580.0   0.352850
11582.5   0.352670
11585.0   0.352490
11587.5   0.352310
11590.0   0.352130
11592.5   0.351950
11595.0   0.351771
11597.5   0.351591
11600.0   0.351412
11602.5   0.351233
11605.0   0.351054
11607.5   0.350875
11610.0   0.350696
11612.5   0.350517
11615.0   0.350338
11617.5   0.350159
11620.0   0.349981
11622.5   0.349802
11625.0   0.349624
11627.5   0.349446
11630.0   0.349268
11632.5   0.349090
11635.0   0.348912
11637.5   0.348734
11640.0   0.348557
11642.5   0.348379
11645.0   0.348202
11647.5   0.348025
11650.0   0.347848
11652.5   0.347671
11655.0   0.347494
11657.5   0.347317
11660.0   0.347140
11662.5   0.346963
11665.0   0.346787
11667.5   0.346610
11670.0   0.346434
11672.5   0.346258
11675.0   0.346082
11677.5   0.345907
11680.0   0.345731
11682.5   0.345555
11685.0   0.345379
11687.5   0.345203
11690.0   0.345028
11692.5   0.344853
11695.0   0.344678
11697.5   0.344503
11700.0   0.344328
11702.5   0.344153
11705.0   0.343979
11707.5   0.343805
11710.0   0.343630
11712.5   0.343455
11715.0   0.343281
11717.5   0.343107
11720.0   0.342933
11722.5   0.342759
11725.0   0.342585
11727.5   0.342411
11730.0   0.342238
11732.5   0.342064
11735.0   0.341891
11737.5   0.341718
11740.0   0.341545
11742.5   0.341372
11745.0   0.341199
11747.5   0.341026
11750.0   0.340854
11752.5   0.340682
11755.0   0.340509
11757.5   0.340336
11760.0   0.340164
11762.5   0.339992
11765.0   0.339820
11767.5   0.339648
11770.0   0.339477
11772.5   0.339306
11775.0   0.339134
11777.5   0.338962
11780.0   0.338791
11782.5   0.338620
11785.0   0.338449
11787.5   0.338278
11790.0   0.338107
11792.5   0.337936
11795.0   0.337766
11797.5   0.337596
11800.0   0.337425
11802.5   0.337254
11805.0   0.337084
11807.5   0.336914
11810.0   0.336744
11812.5   0.336574
11815.0   0.336405
11817.5   0.336236
11820.0   0.336066
11822.5   0.335896
11825.0   0.335727
11827.5   0.335558
11830.0   0.335389
11832.5   0.335221
11835.0   0.335052
11837.5   0.334883
11840.0   0.334714
11842.5   0.334546
11845.0   0.334378
11847.5   0.334210
11850.0   0.334041
11852.5   0.333873
11855.0   0.333705
11857.5   0.333537
11860.0   0.333370
11862.5   0.333202
11865.0   0.333035
11867.5   0.332868
11870.0   0.332701
11872.5   0.332534
11875.0   0.332367
11877.5   0.332200
11880.0   0.332033
11882.5   0.331866
11885.0   0.331700
11887.5   0.331533
11890.0   0.331367
11892.5   0.331201
11895.0   0.331035
11897.5   0.330870
11900.0   0.330704
11902.5   0.330538
11905.0   0.330372
11907.5   0.330207
11910.0   0.330042
11912.5   0.329877
11915.0   0.329711
11917.5   0.329546
11920.0   0.329381
11922.5   0.329216
11925.0   0.329052
11927.5   0.328888
11930.0   0.328723
11932.5   0.328558
11935.0   0.328394
11937.5   0.328230
11940.0   0.328066
11942.5   0.327902
11945.0   0.327739
11947.5   0.327576
11950.0   0.327412
11952.5   0.327248
11955.0   0.327085
11957.5   0.326922
11960.0   0.326759
11962.5   0.326596
11965.0   0.326433
11967.5   0.326270
11970.0   0.326108
11972.5   0.325945
11975.0   0.325783
11977.5   0.325621
11980.0   0.325459
11982.5   0.325297
11985.0   0.325135
11987.5   0.324973
11990.0   0.324812
11992.5   0.324651
11995.0   0.324489
11997.5   0.324327
12000.0   0.324166
12002.5   0.324005
12005.0   0.323844
12007.5   0.323683
12010.0   0.323523
12012.5   0.323363
12015.0   0.323202
12017.5   0.323041
12020.0   0.322881
12022.5   0.322721
12025.0   0.322561
12027.5   0.322401
12030.0   0.322241
12032.5   0.322081
12035.0   0.321922
12037.5   0.321762
12040.0   0.321603
12042.5   0.321444
12045.0   0.321285
12047.5   0.321126
12050.0   0.320967
12052.5   0.320808
12055.0   0.320650
12057.5   0.320492
12060.0   0.320333
12062.5   0.320174
12065.0   0.320016
12067.5   0.319858
12070.0   0.319700
12072.5   0.319542
12075.0   0.319385
12077.5   0.319228
12080.0   0.319070
12082.5   0.318912
12085.0   0.318755
12087.5   0.318598
12090.0   0.318441
12092.5   0.318284
12095.0   0.318128
12097.5   0.317972
12100.0   0.317815
12102.5   0.317658
12105.0   0.317502
12107.5   0.317346
12110.0   0.317190
12112.5   0.317034
12115.0   0.316878
12117.5   0.316722
12120.0   0.316567
12122.5   0.316411
12125.0   0.316256
12127.5   0.316101
12130.0   0.315946
12132.5   0.315791
12135.0   0.315636
12137.5   0.315481
12140.0   0.315326
12142.5   0.315171
12145.0   0.315017
12147.5   0.314863
12150.0   0.314709
12152.5   0.314555
12155.0   0.314401
12157.5   0.314247
12160.0   0.314093
12162.5   0.313939
12165.0   0.313786
12167.5   0.313633
12170.0   0.313480
12172.5   0.313327
12175.0   0.313174
12177.5   0.313021
12180.0   0.312868
12182.5   0.312715
12185.0   0.312563
12187.5   0.312410
12190.0   0.312258
12192.5   0.312106
12195.0   0.311954
12197.5   0.311802
12200.0   0.311650
12202.5   0.311498
12205.0   0.311347
12207.5   0.311195
12210.0   0.311044
12212.5   0.310893
12215.0   0.310742
12217.5   0.310591
12220.0   0.310440
12222.5   0.310289
12225.0   0.310139
12227.5   0.309989
12230.0   0.309838
12232.5   0.309687
12235.0   0.309537
12237.5   0.309387
12240.0   0.309237
12242.5   0.309087
12245.0   0.308938
12247.5   0.308789
12250.0   0.308639
12252.5   0.308489
12255.0   0.308340
12257.5   0.308191
12260.0   0.308042
12262.5   0.307894
12265.0   0.307745
12267.5   0.307596
12270.0   0.307447
12272.5   0.307299
12275.0   0.307151
12277.5   0.307003
12280.0   0.306855
12282.5   0.306707
12285.0   0.306559
12287.5   0.306411
12290.0   0.306264
12292.5   0.306117
12295.0   0.305969
12297.5   0.305821
12300.0   0.305674
12302.5   0.305527
12305.0   0.305380
12307.5   0.305233
12310.0   0.305087
12312.5   0.304940
12315.0   0.304794
12317.5   0.304648
12320.0   0.304502
12322.5   0.304355
12325.0   0.304209
12327.5   0.304063
12330.0   0.303918
12332.5   0.303773
12335.0   0.303627
12337.5   0.303481
12340.0   0.303336
12342.5   0.303191
12345.0   0.303046
12347.5   0.302901
12350.0   0.302756
12352.5   0.302611
12355.0   0.302467
12357.5   0.302322
12360.0   0.302178
12362.5   0.302034
12365.0   0.301890
12367.5   0.301746
12370.0   0.301602
12372.5   0.301458
12375.0   0.301314
12377.5   0.301170
12380.0   0.301027
12382.5   0.300884
12385.0   0.300741
12387.5   0.300597
12390.0   0.300454
12392.5   0.300311
12395.0   0.300169
12397.5   0.300027
12400.0   0.299884
12402.5   0.299742
12405.0   0.299599
12407.5   0.299456
12410.0   0.299314
12412.5   0.299172
12415.0   0.299031
12417.5   0.298889
12420.0   0.298747
12422.5   0.298605
12425.0   0.298464
12427.5   0.298323
12430.0   0.298182
12432.5   0.298041
12435.0   0.297900
12437.5   0.297759
12440.0   0.297618
12442.5   0.297477
12445.0   0.297337
12447.5   0.297196
12450.0   0.297056
12452.5   0.296916
12455.0   0.296776
12457.5   0.296636
12460.0   0.296496
12462.5   0.296356
12465.0   0.296217
12467.5   0.296078
12470.0   0.295938
12472.5   0.295798
12475.0   0.295659
12477.5   0.295520
12480.0   0.295381
12482.5   0.295243
12485.0   0.295104
12487.5   0.294965
12490.0   0.294826
12492.5   0.294688
12495.0   0.294550
12497.5   0.294411
12500.0   0.294273
12502.5   0.294135
12505.0   0.293998
12507.5   0.293860
12510.0   0.293722
12512.5   0.293584
12515.0   0.293447
12517.5   0.293310
12520.0   0.293173
12522.5   0.293036
12525.0   0.292899
12527.5   0.292762
12530.0   0.292625
12532.5   0.292488
12535.0   0.292352
12537.5   0.292216
12540.0   0.292079
12542.5   0.291942
12545.0   0.291806
12547.5   0.291670
12550.0   0.291535
12552.5   0.291399
12555.0   0.291263
12557.5   0.291127
12560.0   0.290992
12562.5   0.290856
12565.0   0.290721
12567.5   0.290586
12570.0   0.290451
12572.5   0.290316
12575.0   0.290181
12577.5   0.290046
12580.0   0.289912
12582.5   0.289777
12585.0   0.289643
12587.5   0.289509
12590.0   0.289375
12592.5   0.289241
12595.0   0.289107
12597.5   0.288973
12600.0   0.288839
12602.5   0.288705
12605.0   0.288572
12607.5   0.288438
12610.0   0.288305
12612.5   0.288172
12615.0   0.288039
12617.5   0.287906
12620.0   0.287773
12622.5   0.287640
12625.0   0.287508
12627.5   0.287376
12630.0   0.287243
12632.5   0.287110
12635.0   0.286978
12637.5   0.286846
12640.0   0.286714
12642.5   0.286582
12645.0   0.286450
12647.5   0.286318
12650.0   0.286187
12652.5   0.286056
12655.0   0.285924
12657.5   0.285792
12660.0   0.285661
12662.5   0.285530
12665.0   0.285399
12667.5   0.285268
12670.0   0.285137
12672.5   0.285006
12675.0   0.284876
12677.5   0.284745
12680.0   0.284615
12682.5   0.284485
12685.0   0.284355
12687.5   0.284225
12690.0   0.284095
12692.5   0.283966
12695.0   0.283836
12697.5   0.283706
12700.0   0.283576
12702.5   0.283447
12705.0   0.283318
12707.5   0.283189
12710.0   0.283059
12712.5   0.282930
12715.0   0.282801
12717.5   0.282672
12720.0   0.282544
12722.5   0.282416
12725.0   0.282287
12727.5   0.282158
12730.0   0.282030
12732.5   0.281902
12735.0   0.281774
12737.5   0.281646
12740.0   0.281518
12742.5   0.281390
12745.0   0.281263
12747.5   0.281136
12750.0   0.281008
12752.5   0.280880
12755.0   0.280753
12757.5   0.280626
12760.0   0.280499
12762.5   0.280372
12765.0   0.280245
12767.5   0.280118
12770.0   0.279992
12772.5   0.279866
12775.0   0.279739
12777.5   0.279612
12780.0   0.279486
12782.5   0.279360
12785.0   0.279234
12787.5   0.279109
12790.0   0.278983
12792.5   0.278857
12795.0   0.278731
12797.5   0.278605
12800.0   0.278480
12802.5   0.278355
12805.0   0.278230
12807.5   0.278105
12810.0   0.277980
12812.5   0.277855
12815.0   0.277730
12817.5   0.277605
12820.0   0.277481
12822.5   0.277357
12825.0   0.277232
12827.5   0.277107
12830.0   0.276983
12832.5   0.276859
12835.0   0.276735
12837.5   0.276612
12840.0   0.276488
12842.5   0.276364
12845.0   0.276240
12847.5   0.276117
12850.0   0.275994
12852.5   0.275871
12855.0   0.275747
12857.5   0.275624
12860.0   0.275501
12862.5   0.275378
12865.0   0.275255
12867.5   0.275132
12870.0   0.275010
12872.5   0.274887
12875.0   0.274765
12877.5   0.274643
12880.0   0.274521
12882.5   0.274399
12885.0   0.274277
12887.5   0.274155
12890.0   0.274033
12892.5   0.273911
12895.0   0.273790
12897.5   0.273669
12900.0   0.273547
12902.5   0.273425
12905.0   0.273304
12907.5   0.273183
12910.0   0.273062
12912.5   0.272941
12915.0   0.272820
12917.5   0.272699
12920.0   0.272579
12922.5   0.272458
12925.0   0.272338
12927.5   0.272218
12930.0   0.272098
12932.5   0.271977
12935.0   0.271857
12937.5   0.271737
12940.0   0.271618
12942.5   0.271498
12945.0   0.271378
12947.5   0.271258
12950.0   0.271139
12952.5   0.271020
12955.0   0.270901
12957.5   0.270781
12960.0   0.270662
12962.5   0.270543
12965.0   0.270425
12967.5   0.270306
12970.0   0.270187
12972.5   0.270068
12975.0   0.269950
12977.5   0.269832
12980.0   0.269714
12982.5   0.269596
12985.0   0.269477
12987.5   0.269359
12990.0   0.269241
12992.5   0.269123
12995.0   0.269006
12997.5   0.268889
13000.0   0.268771
13002.5   0.268653
13005.0   0.268536
13007.5   0.268419
13010.0   0.268302
13012.5   0.268185
13015.0   0.268068
13017.5   0.267951
13020.0   0.267834
13022.5   0.267717
13025.0   0.267601
13027.5   0.267484
13030.0   0.267368
13032.5   0.267252
13035.0   0.267136
13037.5   0.267019
13040.0   0.266903
13042.5   0.266787
13045.0   0.266672
13047.5   0.266556
13050.0   0.266440
13052.5   0.266324
13055.0   0.266209
13057.5   0.266094
13060.0   0.265979
13062.5   0.265864
13065.0   0.265749
13067.5   0.265634
13070.0   0.265519
13072.5   0.265404
13075.0   0.265289
13077.5   0.265174
13080.0   0.265060
13082.5   0.264946
13085.0   0.264832
13087.5   0.264718
13090.0   0.264603
13092.5   0.264489
13095.0   0.264375
13097.5   0.264261
13100.0   0.264148
13102.5   0.264035
13105.0   0.263921
13107.5   0.263808
13110.0   0.263694
13112.5   0.263580
13115.0   0.263467
13117.5   0.263354
13120.0   0.263241
13122.5   0.263128
13125.0   0.263015
13127.5   0.262902
13130.0   0.262790
13132.5   0.262678
13135.0   0.262565
13137.5   0.262452
13140.0   0.262340
13142.5   0.262228
13145.0   0.262116
13147.5   0.262004
13150.0   0.261892
13152.5   0.261780
13155.0   0.261669
13157.5   0.261558
13160.0   0.261446
13162.5   0.261335
13165.0   0.261223
13167.5   0.261111
13170.0   0.261000
13172.5   0.260889
13175.0   0.260778
13177.5   0.260668
13180.0   0.260557
13182.5   0.260446
13185.0   0.260335
13187.5   0.260224
13190.0   0.260114
13192.5   0.260004
13195.0   0.259894
13197.5   0.259784
13200.0   0.259673
13202.5   0.259563
13205.0   0.259453
13207.5   0.259343
13210.0   0.259234
13212.5   0.259125
13215.0   0.259015
13217.5   0.258906
13220.0   0.258796
13222.5   0.258686
13225.0   0.258577
13227.5   0.258468
13230.0   0.258359
13232.5   0.258251
13235.0   0.258142
13237.5   0.258033
13240.0   0.257924
13242.5   0.257815
13245.0   0.257707
13247.5   0.257598
13250.0   0.257490
13252.5   0.257382
13255.0   0.257274
13257.5   0.257166
13260.0   0.257058
13262.5   0.256950
13265.0   0.256842
13267.5   0.256734
13270.0   0.256627
13272.5   0.256519
13275.0   0.256412
13277.5   0.256305
13280.0   0.256198
13282.5   0.256090
13285.0   0.255983
13287.5   0.255876
13290.0   0.255770
13292.5   0.255663
13295.0   0.255556
13297.5   0.255449
13300.0   0.255343
13302.5   0.255236
13305.0   0.255130
13307.5   0.255024
13310.0   0.254918
13312.5   0.254811
13315.0   0.254705
13317.5   0.254599
13320.0   0.254494
13322.5   0.254388
13325.0   0.254282
13327.5   0.254176
13330.0   0.254071
13332.5   0.253965
13335.0   0.253860
13337.5   0.253755
13340.0   0.253650
13342.5   0.253545
13345.0   0.253440
13347.5   0.253335
13350.0   0.253230
13352.5   0.253125
13355.0   0.253021
13357.5   0.252917
13360.0   0.252812
13362.5   0.252707
13365.0   0.252603
13367.5   0.252499
13370.0   0.252395
13372.5   0.252291
13375.0   0.252187
13377.5   0.252083
13380.0   0.251979
13382.5   0.251875
13385.0   0.251772
13387.5   0.251669
13390.0   0.251565
13392.5   0.251461
13395.0   0.251358
13397.5   0.251255
13400.0   0.251152
13402.5   0.251049
13405.0   0.250946
13407.5   0.250843
13410.0   0.250740
13412.5   0.250637
13415.0   0.250535
13417.5   0.250433
13420.0   0.250330
13422.5   0.250227
13425.0   0.250125
13427.5   0.250023
13430.0   0.249921
13432.5   0.249819
13435.0   0.249717
13437.5   0.249615
13440.0   0.249513
13442.5   0.249411
13445.0   0.249310
13447.5   0.249209
13450.0   0.249107
13452.5   0.249005
13455.0   0.248904
13457.5   0.248803
13460.0   0.248702
13462.5   0.248601
13465.0   0.248500
13467.5   0.248399
13470.0   0.248298
13472.5   0.248197
13475.0   0.248097
13477.5   0.247997
13480.0   0.247896
13482.5   0.247795
13485.0   0.247695
13487.5   0.247595
13490.0   0.247495
13492.5   0.247395
13495.0   0.247295
13497.5   0.247195
13500.0   0.247095
13502.5   0.246995
13505.0   0.246896
13507.5   0.246797
13510.0   0.246697
13512.5   0.246597
13515.0   0.246498
13517.5   0.246399
13520.0   0.246300
13522.5   0.246201
13525.0   0.246102
13527.5   0.246003
13530.0   0.245904
13532.5   0.245805
13535.0   0.245707
13537.5   0.245609
13540.0   0.245510
13542.5   0.245412
13545.0   0.245313
13547.5   0.245214
13550.0   0.245116
13552.5   0.245018
13555.0   0.244920
13557.5   0.244822
13560.0   0.244724
13562.5   0.244626
13565.0   0.244529
13567.5   0.244432
13570.0   0.244334
13572.5   0.244237
13575.0   0.244139
13577.5   0.244041
13580.0   0.243944
13582.5   0.243847
13585.0   0.243750
13587.5   0.243653
13590.0   0.243556
13592.5   0.243459
13595.0   0.243362
13597.5   0.243265
13600.0   0.243169
13602.5   0.243072
13605.0   0.242976
13607.5   0.242880
13610.0   0.242784
13612.5   0.242688
13615.0   0.242591
13617.5   0.242495
13620.0   0.242399
13622.5   0.242303
13625.0   0.242207
13627.5   0.242111
13630.0   0.242016
13632.5   0.241921
13635.0   0.241825
13637.5   0.241729
13640.0   0.241634
13642.5   0.241539
13645.0   0.241444
13647.5   0.241348
13650.0   0.241253
13652.5   0.241158
13655.0   0.241064
13657.5   0.240969
13660.0   0.240874
13662.5   0.240779
13665.0   0.240685
13667.5   0.240591
13670.0   0.240496
13672.5   0.240401
13675.0   0.240307
13677.5   0.240213
13680.0   0.240119
13682.5   0.240025
13685.0   0.239931
13687.5   0.239837
13690.0   0.239743
13692.5   0.239649
13695.0   0.239556
13697.5   0.239463
13700.0   0.239369
13702.5   0.239276
13705.0   0.239182
13707.5   0.239088
13710.0   0.238995
13712.5   0.238902
13715.0   0.238809
13717.5   0.238716
13720.0   0.238623
13722.5   0.238531
13725.0   0.238438
13727.5   0.238345
13730.0   0.238252
13732.5   0.238159
13735.0   0.238067
13737.5   0.237974
13740.0   0.237882
13742.5   0.237790
13745.0   0.237698
13747.5   0.237606
13750.0   0.237514
13752.5   0.237422
13755.0   0.237330
13757.5   0.237239
13760.0   0.237147
13762.5   0.237055
13765.0   0.236963
13767.5   0.236871
13770.0   0.236780
13772.5   0.236689
13775.0   0.236598
13777.5   0.236507
13780.0   0.236415
13782.5   0.236324
13785.0   0.236233
13787.5   0.236143
13790.0   0.236052
13792.5   0.235961
13795.0   0.235870
13797.5   0.235779
13800.0   0.235689
13802.5   0.235598
13805.0   0.235508
13807.5   0.235418
13810.0   0.235328
13812.5   0.235238
13815.0   0.235147
13817.5   0.235057
13820.0   0.234967
13822.5   0.234877
13825.0   0.234787
13827.5   0.234697
13830.0   0.234608
13832.5   0.234519
13835.0   0.234429
13837.5   0.234340
13840.0   0.234250
13842.5   0.234160
13845.0   0.234071
13847.5   0.233982
13850.0   0.233893
13852.5   0.233804
13855.0   0.233715
13857.5   0.233626
13860.0   0.233537
13862.5   0.233448
13865.0   0.233360
13867.5   0.233272
13870.0   0.233183
13872.5   0.233095
13875.0   0.233006
13877.5   0.232917
13880.0   0.232829
13882.5   0.232741
13885.0   0.232653
13887.5   0.232565
13890.0   0.232477
13892.5   0.232389
13895.0   0.232301
13897.5   0.232213
13900.0   0.232126
13902.5   0.232039
13905.0   0.231951
13907.5   0.231864
13910.0   0.231776
13912.5   0.231688
13915.0   0.231601
13917.5   0.231514
13920.0   0.231427
13922.5   0.231340
13925.0   0.231253
13927.5   0.231166
13930.0   0.231079
13932.5   0.230992
13935.0   0.230905
13937.5   0.230818
13940.0   0.230732
13942.5   0.230645
13945.0   0.230559
13947.5   0.230473
13950.0   0.230387
13952.5   0.230301
13955.0   0.230214
13957.5   0.230128
13960.0   0.230042
13962.5   0.229956
13965.0   0.229870
13967.5   0.229785
13970.0   0.229699
13972.5   0.229613
13975.0   0.229527
13977.5   0.229441
13980.0   0.229356
13982.5   0.229270
13985.0   0.229185
13987.5   0.229100
13990.0   0.229015
13992.5   0.228930
13995.0   0.228845
13997.5   0.228760
14000.0   0.228675
14002.5   0.228590
14005.0   0.228505
14007.5   0.228420
14010.0   0.228335
14012.5   0.228250
14015.0   0.228166
14017.5   0.228081
14020.0   0.227997
14022.5   0.227913
14025.0   0.227829
14027.5   0.227745
14030.0   0.227660
14032.5   0.227576
14035.0   0.227492
14037.5   0.227408
14040.0   0.227324
14042.5   0.227240
14045.0   0.227157
14047.5   0.227074
14050.0   0.226990
14052.5   0.226906
14055.0   0.226822
14057.5   0.226739
14060.0   0.226656
14062.5   0.226573
14065.0   0.226489
14067.5   0.226406
14070.0   0.226323
14072.5   0.226240
14075.0   0.226157
14077.5   0.226074
14080.0   0.225991
14082.5   0.225909
14085.0   0.225826
14087.5   0.225743
14090.0   0.225660
14092.5   0.225577
14095.0   0.225495
14097.5   0.225413
14100.0   0.225331
14102.5   0.225249
14105.0   0.225166
14107.5   0.225084
14110.0   0.225002
14112.5   0.224920
14115.0   0.224838
14117.5   0.224756
14120.0   0.224674
14122.5   0.224592
14125.0   0.224511
14127.5   0.224430
14130.0   0.224348
14132.5   0.224267
14135.0   0.224185
14137.5   0.224103
14140.0   0.224022
14142.5   0.223941
14145.0   0.223860
14147.5   0.223778
14150.0   0.223697
14152.5   0.223616
14155.0   0.223536
14157.5   0.223455
14160.0   0.223374
14162.5   0.223293
14165.0   0.223212
14167.5   0.223131
14170.0   0.223051
14172.5   0.222970
14175.0   0.222890
14177.5   0.222810
14180.0   0.222730
14182.5   0.222650
14185.0   0.222569
14187.5   0.222489
14190.0   0.222409
14192.5   0.222329
14195.0   0.222249
14197.5   0.222169
14200.0   0.222089
14202.5   0.222009
14205.0   0.221930
14207.5   0.221851
14210.0   0.221771
14212.5   0.221692
14215.0   0.221612
14217.5   0.221532
14220.0   0.221453
14222.5   0.221374
14225.0   0.221295
14227.5   0.221216
14230.0   0.221136
14232.5   0.221057
14235.0   0.220978
14237.5   0.220900
14240.0   0.220821
14242.5   0.220742
14245.0   0.220663
14247.5   0.220584
14250.0   0.220506
14252.5   0.220428
14255.0   0.220349
14257.5   0.220271
14260.0   0.220192
14262.5   0.220113
14265.0   0.220035
14267.5   0.219957
14270.0   0.219879
14272.5   0.219801
14275.0   0.219723
14277.5   0.219645
14280.0   0.219567
14282.5   0.219490
14285.0   0.219412
14287.5   0.219334
14290.0   0.219256
14292.5   0.219178
14295.0   0.219101
14297.5   0.219023
14300.0   0.218946
14302.5   0.218869
14305.0   0.218792
14307.5   0.218715
14310.0   0.218637
14312.5   0.218560
14315.0   0.218483
14317.5   0.218406
14320.0   0.218329
14322.5   0.218252
14325.0   0.218175
14327.5   0.218099
14330.0   0.218022
14332.5   0.217945
14335.0   0.217868
14337.5   0.217791
14340.0   0.217715
14342.5   0.217639
14345.0   0.217563
14347.5   0.217487
14350.0   0.217410
14352.5   0.217334
14355.0   0.217258
14357.5   0.217182
14360.0   0.217106
14362.5   0.217030
14365.0   0.216954
14367.5   0.216878
14370.0   0.216802
14372.5   0.216727
14375.0   0.216651
14377.5   0.216575
14380.0   0.216499
14382.5   0.216423
14385.0   0.216348
14387.5   0.216272
14390.0   0.216197
14392.5   0.216122
14395.0   0.216047
14397.5   0.215972
14400.0   0.215897
14402.5   0.215822
14405.0   0.215747
14407.5   0.215672
14410.0   0.215597
14412.5   0.215522
14415.0   0.215447
14417.5   0.215373
14420.0   0.215298
14422.5   0.215223
14425.0   0.215148
14427.5   0.215073
14430.0   0.214999
14432.5   0.214925
14435.0   0.214851
14437.5   0.214776
14440.0   0.214702
14442.5   0.214628
14445.0   0.214554
14447.5   0.214479
14450.0   0.214405
14452.5   0.214331
14455.0   0.214258
14457.5   0.214184
14460.0   0.214110
14462.5   0.214036
14465.0   0.213962
14467.5   0.213888
14470.0   0.213815
14472.5   0.213742
14475.0   0.213668
14477.5   0.213594
14480.0   0.213521
14482.5   0.213448
14485.0   0.213375
14487.5   0.213302
14490.0   0.213228
14492.5   0.213155
14495.0   0.213082
14497.5   0.213009
14500.0   0.212936
14502.5   0.212863
14505.0   0.212790
14507.5   0.212718
14510.0   0.212645
14512.5   0.212572
14515.0   0.212499
14517.5   0.212426
14520.0   0.212354
14522.5   0.212282
14525.0   0.212209
14527.5   0.212136
14530.0   0.212064
14532.5   0.211992
14535.0   0.211920
14537.5   0.211848
14540.0   0.211776
14542.5   0.211703
14545.0   0.211631
14547.5   0.211559
14550.0   0.211488
14552.5   0.211416
14555.0   0.211344
14557.5   0.211272
14560.0   0.211200
14562.5   0.211128
14565.0   0.211057
14567.5   0.210986
14570.0   0.210914
14572.5   0.210843
14575.0   0.210771
14577.5   0.210699
14580.0   0.210628
14582.5   0.210557
14585.0   0.210486
14587.5   0.210415
14590.0   0.210344
14592.5   0.210273
14595.0   0.210202
14597.5   0.210131
14600.0   0.210060
14602.5   0.209989
14605.0   0.209918
14607.5   0.209848
14610.0   0.209777
14612.5   0.209706
14615.0   0.209635
14617.5   0.209564
14620.0   0.209494
14622.5   0.209423
14625.0   0.209353
14627.5   0.209283
14630.0   0.209213
14632.5   0.209143
14635.0   0.209072
14637.5   0.209002
14640.0   0.208932
14642.5   0.208862
14645.0   0.208792
14647.5   0.208722
14650.0   0.208652
14652.5   0.208582
14655.0   0.208512
14657.5   0.208442
14660.0   0.208372
14662.5   0.208302
14665.0   0.208233
14667.5   0.208164
14670.0   0.208094
14672.5   0.208025
14675.0   0.207955
14677.5   0.207885
14680.0   0.207816
14682.5   0.207747
14685.0   0.207678
14687.5   0.207609
14690.0   0.207539
14692.5   0.207470
14695.0   0.207401
14697.5   0.207332
14700.0   0.207263
14702.5   0.207194
14705.0   0.207125
14707.5   0.207057
14710.0   0.206988
14712.5   0.206919
14715.0   0.206850
14717.5   0.206781
14720.0   0.206713
14722.5   0.206645
14725.0   0.206576
14727.5   0.206508
14730.0   0.206439
14732.5   0.206370
14735.0   0.206302
14737.5   0.206234
14740.0   0.206166
14742.5   0.206098
14745.0   0.206030
14747.5   0.205962
14750.0   0.205893
14752.5   0.205825
14755.0   0.205757
14757.5   0.205690
14760.0   0.205622
14762.5   0.205554
14765.0   0.205486
14767.5   0.205418
14770.0   0.205351
14772.5   0.205283
14775.0   0.205215
14777.5   0.205147
14780.0   0.205080
14782.5   0.205012
14785.0   0.204945
14787.5   0.204878
14790.0   0.204811
14792.5   0.204744
14795.0   0.204676
14797.5   0.204609
14800.0   0.204542
14802.5   0.204475
14805.0   0.204408
14807.5   0.204341
14810.0   0.204274
14812.5   0.204207
14815.0   0.204140
14817.5   0.204073
14820.0   0.204006
14822.5   0.203939
14825.0   0.203873
14827.5   0.203807
14830.0   0.203740
14832.5   0.203673
14835.0   0.203606
14837.5   0.203539
14840.0   0.203473
14842.5   0.203407
14845.0   0.203341
14847.5   0.203274
14850.0   0.203208
14852.5   0.203142
14855.0   0.203076
14857.5   0.203010
14860.0   0.202943
14862.5   0.202877
14865.0   0.202811
14867.5   0.202745
14870.0   0.202679
14872.5   0.202614
14875.0   0.202548
14877.5   0.202482
14880.0   0.202416
14882.5   0.202350
14885.0   0.202285
14887.5   0.202219
14890.0   0.202153
14892.5   0.202087
14895.0   0.202022
14897.5   0.201956
14900.0   0.201891
14902.5   0.201826
14905.0   0.201761
14907.5   0.201696
14910.0   0.201630
14912.5   0.201564
14915.0   0.201499
14917.5   0.201434
14920.0   0.201369
14922.5   0.201304
14925.0   0.201239
14927.5   0.201174
14930.0   0.201109
14932.5   0.201044
14935.0   0.200979
14937.5   0.200915
14940.0   0.200850
14942.5   0.200785
14945.0   0.200720
14947.5   0.200655
14950.0   0.200591
14952.5   0.200527
14955.0   0.200462
14957.5   0.200397
14960.0   0.200333
14962.5   0.200269
14965.0   0.200204
14967.5   0.200139
14970.0   0.200075
14972.5   0.200011
14975.0   0.199947
14977.5   0.199883
14980.0   0.199819
14982.5   0.199754
14985.0   0.199690
14987.5   0.199626
14990.0   0.199562
14992.5   0.199498
14995.0   0.199434
14997.5   0.199371
15000.0   0.199307
15002.5   0.199243
15005.0   0.199179
15007.5   0.199115
15010.0   0.199052
15012.5   0.198988
15015.0   0.198924
15017.5   0.198860
15020.0   0.198797
15022.5   0.198734
15025.0   0.198670
15027.5   0.198606
15030.0   0.198543
15032.5   0.198480
15035.0   0.198417
15037.5   0.198354
15040.0   0.198290
15042.5   0.198227
15045.0   0.198164
15047.5   0.198101
15050.0   0.198038
15052.5   0.197975
15055.0   0.197912
15057.5   0.197849
15060.0   0.197786
15062.5   0.197723
15065.0   0.197660
15067.5   0.197597
15070.0   0.197534
15072.5   0.197472
15075.0   0.197409
15077.5   0.197346
15080.0   0.197283
15082.5   0.197220
15085.0   0.197158
15087.5   0.197096
15090.0   0.197033
15092.5   0.196970
15095.0   0.196908
15097.5   0.196846
15100.0   0.196784
15102.5   0.196722
15105.0   0.196659
15107.5   0.196596
15110.0   0.196534
15112.5   0.196472
15115.0   0.196410
15117.5   0.196348
15120.0   0.196286
15122.5   0.196224
15125.0   0.196162
15127.5   0.196100
15130.0   0.196038
15132.5   0.195976
15135.0   0.195914
15137.5   0.195852
15140.0   0.195790
15142.5   0.195728
15145.0   0.195667
15147.5   0.195606
15150.0   0.195544
15152.5   0.195482
15155.0   0.195420
15157.5   0.195358
15160.0   0.195297
15162.5   0.195236
15165.0   0.195174
15167.5   0.195112
15170.0   0.195051
15172.5   0.194990
15175.0   0.194929
15177.5   0.194868
15180.0   0.194806
15182.5   0.194745
15185.0   0.194684
15187.5   0.194623
15190.0   0.194562
15192.5   0.194500
15195.0   0.194439
15197.5   0.194378
15200.0   0.194317
15202.5   0.194256
15205.0   0.194195
15207.5   0.194134
15210.0   0.194074
15212.5   0.194013
15215.0   0.193952
15217.5   0.193891
15220.0   0.193830
15222.5   0.193769
15225.0   0.193709
15227.5   0.193649
15230.0   0.193588
15232.5   0.193528
15235.0   0.193467
15237.5   0.193407
15240.0   0.193346
15242.5   0.193285
15245.0   0.193225
15247.5   0.193165
15250.0   0.193104
15252.5   0.193043
15255.0   0.192983
15257.5   0.192923
15260.0   0.192863
15262.5   0.192803
15265.0   0.192743
15267.5   0.192683
15270.0   0.192622
15272.5   0.192562
15275.0   0.192502
15277.5   0.192442
15280.0   0.192382
15282.5   0.192322
15285.0   0.192262
15287.5   0.192202
15290.0   0.192143
15292.5   0.192083
15295.0   0.192023
15297.5   0.191963
15300.0   0.191903
15302.5   0.191843
15305.0   0.191784
15307.5   0.191724
15310.0   0.191665
15312.5   0.191606
15315.0   0.191546
15317.5   0.191486
15320.0   0.191426
15322.5   0.191367
15325.0   0.191308
15327.5   0.191249
15330.0   0.191189
15332.5   0.191129
15335.0   0.191070
15337.5   0.191010
15340.0   0.190951
15342.5   0.190892
15345.0   0.190833
15347.5   0.190774
15350.0   0.190715
15352.5   0.190655
15355.0   0.190596
15357.5   0.190537
15360.0   0.190478
15362.5   0.190419
15365.0   0.190360
15367.5   0.190301
15370.0   0.190242
15372.5   0.190184
15375.0   0.190125
15377.5   0.190066
15380.0   0.190007
15382.5   0.189948
15385.0   0.189889
15387.5   0.189831
15390.0   0.189772
15392.5   0.189713
15395.0   0.189654
15397.5   0.189595
15400.0   0.189537
15402.5   0.189479
15405.0   0.189420
15407.5   0.189361
15410.0   0.189303
15412.5   0.189245
15415.0   0.189186
15417.5   0.189127
15420.0   0.189069
15422.5   0.189011
15425.0   0.188953
15427.5   0.188895
15430.0   0.188836
15432.5   0.188777
15435.0   0.188719
15437.5   0.188661
15440.0   0.188603
15442.5   0.188545
15445.0   0.188487
15447.5   0.188429
15450.0   0.188371
15452.5   0.188313
15455.0   0.188254
15457.5   0.188196
15460.0   0.188138
15462.5   0.188081
15465.0   0.188023
15467.5   0.187965
15470.0   0.187907
15472.5   0.187849
15475.0   0.187791
15477.5   0.187734
15480.0   0.187676
15482.5   0.187618
15485.0   0.187560
15487.5   0.187503
15490.0   0.187445
15492.5   0.187387
15495.0   0.187329
15497.5   0.187271
15500.0   0.187214
15502.5   0.187157
15505.0   0.187099
15507.5   0.187041
15510.0   0.186984
15512.5   0.186927
15515.0   0.186869
15517.5   0.186811
15520.0   0.186754
15522.5   0.186697
15525.0   0.186640
15527.5   0.186583
15530.0   0.186525
15532.5   0.186467
15535.0   0.186410
15537.5   0.186353
15540.0   0.186296
15542.5   0.186239
15545.0   0.186182
15547.5   0.186125
15550.0   0.186067
15552.5   0.186010
15555.0   0.185953
15557.5   0.185896
15560.0   0.185839
15562.5   0.185782
15565.0   0.185725
15567.5   0.185668
15570.0   0.185611
15572.5   0.185554
15575.0   0.185497
15577.5   0.185440
15580.0   0.185384
15582.5   0.185327
15585.0   0.185270
15587.5   0.185213
15590.0   0.185156
15592.5   0.185099
15595.0   0.185043
15597.5   0.184987
15600.0   0.184930
15602.5   0.184873
15605.0   0.184816
15607.5   0.184759
15610.0   0.184703
15612.5   0.184647
15615.0   0.184590
15617.5   0.184533
15620.0   0.184477
15622.5   0.184420
15625.0   0.184364
15627.5   0.184308
15630.0   0.184251
15632.5   0.184194
15635.0   0.184138
15637.5   0.184082
15640.0   0.184026
15642.5   0.183970
15645.0   0.183913
15647.5   0.183856
15650.0   0.183800
15652.5   0.183744
15655.0   0.183688
15657.5   0.183632
15660.0   0.183576
15662.5   0.183519
15665.0   0.183463
15667.5   0.183407
15670.0   0.183351
15672.5   0.183295
15675.0   0.183239
15677.5   0.183183
15680.0   0.183127
15682.5   0.183071
15685.0   0.183015
15687.5   0.182959
15690.0   0.182903
15692.5   0.182847
15695.0   0.182791
15697.5   0.182735
15700.0   0.182679
15702.5   0.182623
15705.0   0.182567
15707.5   0.182512
15710.0   0.182456
15712.5   0.182399
15715.0   0.182344
15717.5   0.182292
15720.0   0.182233
15722.5   0.182166
15725.0   0.182121
15727.5   0.182108
15730.0   0.182010
15732.5   0.181795
15735.0   0.181899
15737.5   0.182437
15740.0   0.181787
15742.5   0.178692
15745.0   0.175095
15747.5   0.173259
15750.0   0.173522
15752.5   0.175574
15755.0   0.178425
15757.5   0.180755
15760.0   0.180595
15762.5   0.176676
15765.0   0.171168
15767.5   0.167022
15770.0   0.166859
15772.5   0.171899
15775.0   0.178085
15777.5   0.181315
15780.0   0.182575
15782.5   0.183572
15785.0   0.183806
15787.5   0.182666
15790.0   0.181292
15792.5   0.180910
15795.0   0.181334
15797.5   0.182036
15800.0   0.182524
15802.5   0.182492
15805.0   0.182323
15807.5   0.182419
15810.0   0.182555
15812.5   0.182337
15815.0   0.181315
15817.5   0.179369
15820.0   0.177748
15822.5   0.177697
15825.0   0.179064
15827.5   0.181080
15830.0   0.181895
15832.5   0.180258
15835.0   0.178379
15837.5   0.178607
15840.0   0.180371
15842.5   0.182422
15845.0   0.183713
15847.5   0.183606
15850.0   0.182891
15852.5   0.182431
15855.0   0.181954
15857.5   0.181043
15860.0   0.179828
15862.5   0.178657
15865.0   0.178191
15867.5   0.178829
15870.0   0.179598
15872.5   0.179509
15875.0   0.178883
15877.5   0.178106
15880.0   0.176513
15882.5   0.173512
15885.0   0.169854
15887.5   0.166653
15890.0   0.165122
15892.5   0.166103
15895.0   0.168842
15897.5   0.172161
15900.0   0.174777
15902.5   0.175741
15905.0   0.175552
15907.5   0.175078
15910.0   0.175203
15912.5   0.176415
15915.0   0.177593
15917.5   0.177676
15920.0   0.177436
15922.5   0.177833
15925.0   0.178733
15927.5   0.179724
15930.0   0.180370
15932.5   0.180355
15935.0   0.179857
15937.5   0.179171
15940.0   0.178573
15942.5   0.178271
15945.0   0.178238
15947.5   0.178328
15950.0   0.178167
15952.5   0.177341
15955.0   0.175514
15957.5   0.172734
15960.0   0.170522
15962.5   0.170304
15965.0   0.171662
15967.5   0.173748
15970.0   0.175841
15972.5   0.177302
15975.0   0.177700
15977.5   0.176906
15980.0   0.175786
15982.5   0.175341
15985.0   0.176104
15987.5   0.178089
15990.0   0.179692
15992.5   0.179502
15995.0   0.178491
15997.5   0.177889
16000.0   0.177576
16002.5   0.177086
16005.0   0.175933
16007.5   0.174014
16010.0   0.172792
16012.5   0.173558
16015.0   0.175345
16017.5   0.176855
16020.0   0.177732
16022.5   0.177988
16025.0   0.178166
16027.5   0.178686
16030.0   0.178957
16032.5   0.178367
16035.0   0.177230
16037.5   0.176067
16040.0   0.175289
16042.5   0.175195
16045.0   0.175749
16047.5   0.176784
16050.0   0.177929
16052.5   0.178686
16055.0   0.178237
16057.5   0.176189
16060.0   0.174155
16062.5   0.173742
16065.0   0.174533
16067.5   0.175580
16070.0   0.175833
16072.5   0.174705
16075.0   0.173561
16077.5   0.173745
16080.0   0.174562
16082.5   0.175080
16085.0   0.175448
16087.5   0.175795
16090.0   0.175078
16092.5   0.172573
16095.0   0.170003
16097.5   0.169163
16100.0   0.169682
16102.5   0.170751
16105.0   0.171967
16107.5   0.173062
16110.0   0.173900
16112.5   0.174399
16115.0   0.174556
16117.5   0.174466
16120.0   0.174531
16122.5   0.175015
16125.0   0.175310
16127.5   0.174896
16130.0   0.174487
16132.5   0.174787
16135.0   0.175245
16137.5   0.175229
16140.0   0.175051
16142.5   0.175094
16145.0   0.175083
16147.5   0.174674
16150.0   0.173900
16152.5   0.172919
16155.0   0.172012
16157.5   0.171396
16160.0   0.170921
16162.5   0.170398
16165.0   0.169855
16167.5   0.169450
16170.0   0.169655
16172.5   0.170671
16175.0   0.171295
16177.5   0.170501
16180.0   0.169369
16182.5   0.169185
16185.0   0.169945
16187.5   0.171157
16190.0   0.171675
16192.5   0.170633
16195.0   0.168937
16197.5   0.167755
16200.0   0.167544
16202.5   0.168323
16205.0   0.169071
16207.5   0.168870
16210.0   0.168239
16212.5   0.167920
16215.0   0.168112
16217.5   0.168788
16220.0   0.169573
16222.5   0.170077
16225.0   0.170207
16227.5   0.170019
16230.0   0.169869
16232.5   0.170020
16235.0   0.170061
16237.5   0.169624
16240.0   0.169189
16242.5   0.169325
16245.0   0.170101
16247.5   0.171333
16250.0   0.172309
16252.5   0.172475
16255.0   0.172435
16257.5   0.172804
16260.0   0.173092
16262.5   0.172782
16265.0   0.172363
16267.5   0.172392
16270.0   0.172687
16272.5   0.172952
16275.0   0.173167
16277.5   0.173321
16280.0   0.173168
16282.5   0.172535
16285.0   0.171777
16287.5   0.171309
16290.0   0.171252
16292.5   0.171556
16295.0   0.171770
16297.5   0.171545
16300.0   0.171327
16302.5   0.171596
16305.0   0.172167
16307.5   0.172618
16310.0   0.172234
16312.5   0.170583
16315.0   0.168655
16317.5   0.167580
16320.0   0.167636
16322.5   0.168710
16325.0   0.169964
16327.5   0.170598
16330.0   0.170675
16332.5   0.170503
16335.0   0.170487
16337.5   0.170892
16340.0   0.171307
16342.5   0.171306
16345.0   0.171061
16347.5   0.170854
16350.0   0.170800
16352.5   0.170903
16355.0   0.170893
16357.5   0.170486
16360.0   0.169604
16362.5   0.168390
16365.0   0.167663
16367.5   0.168078
16370.0   0.168949
16372.5   0.169373
16375.0   0.168913
16377.5   0.167490
16380.0   0.165990
16382.5   0.165338
16385.0   0.165663
16387.5   0.166736
16390.0   0.167707
16392.5   0.167856
16395.0   0.167600
16397.5   0.167492
16400.0   0.167493
16402.5   0.167454
16405.0   0.167386
16407.5   0.167329
16410.0   0.167279
16412.5   0.167227
16415.0   0.167172
16417.5   0.167118
16420.0   0.167065
16422.5   0.167012
16425.0   0.166958
16427.5   0.166904
16430.0   0.166851
16432.5   0.166798
16435.0   0.166744
16437.5   0.166690
16440.0   0.166637
16442.5   0.166584
16445.0   0.166530
16447.5   0.166476
16450.0   0.166423
16452.5   0.166369
16455.0   0.166316
16457.5   0.166262
16460.0   0.166209
16462.5   0.166156
16465.0   0.166102
16467.5   0.166049
16470.0   0.165995
16472.5   0.165942
16475.0   0.165888
16477.5   0.165835
16480.0   0.165781
16482.5   0.165728
16485.0   0.165674
16487.5   0.165620
16490.0   0.165567
16492.5   0.165514
16495.0   0.165461
16497.5   0.165408
16500.0   0.165354
16502.5   0.165300
16505.0   0.165247
16507.5   0.165194
16510.0   0.165140
16512.5   0.165086
16515.0   0.165033
16517.5   0.164980
16520.0   0.164926
16522.5   0.164873
16525.0   0.164819
16527.5   0.164765
16530.0   0.164712
16532.5   0.164659
16535.0   0.164605
16537.5   0.164551
16540.0   0.164498
16542.5   0.164445
16545.0   0.164392
16547.5   0.164339
16550.0   0.164285
16552.5   0.164231
16555.0   0.164178
16557.5   0.164125
16560.0   0.164071
16562.5   0.164017
16565.0   0.163964
16567.5   0.163911
16570.0   0.163857
16572.5   0.163803
16575.0   0.163750
16577.5   0.163697
16580.0   0.163644
16582.5   0.163591
16585.0   0.163537
16587.5   0.163483
16590.0   0.163430
16592.5   0.163377
16595.0   0.163323
16597.5   0.163270
16600.0   0.163216
16602.5   0.163162
16605.0   0.163109
16607.5   0.163056
16610.0   0.163003
16612.5   0.162950
16615.0   0.162896
16617.5   0.162842
16620.0   0.162789
16622.5   0.162736
16625.0   0.162682
16627.5   0.162628
16630.0   0.162575
16632.5   0.162522
16635.0   0.162469
16637.5   0.162416
16640.0   0.162362
16642.5   0.162308
16645.0   0.162255
16647.5   0.162201
16650.0   0.162148
16652.5   0.162095
16655.0   0.162042
16657.5   0.161989
16660.0   0.161935
16662.5   0.161881
16665.0   0.161828
16667.5   0.161774
16670.0   0.161721
16672.5   0.161668
16675.0   0.161615
16677.5   0.161562
16680.0   0.161508
16682.5   0.161454
16685.0   0.161401
16687.5   0.161347
16690.0   0.161294
16692.5   0.161241
16695.0   0.161188
16697.5   0.161135
16700.0   0.161081
16702.5   0.161027
16705.0   0.160974
16707.5   0.160921
16710.0   0.160868
16712.5   0.160815
16715.0   0.160761
16717.5   0.160707
16720.0   0.160654
16722.5   0.160601
16725.0   0.160548
16727.5   0.160495
16730.0   0.160441
16732.5   0.160387
16735.0   0.160334
16737.5   0.160281
16740.0   0.160228
16742.5   0.160175
16745.0   0.160121
16747.5   0.160067
16750.0   0.160014
16752.5   0.159961
16755.0   0.159908
16757.5   0.159855
16760.0   0.159801
16762.5   0.159748
16765.0   0.159695
16767.5   0.159642
16770.0   0.159588
16772.5   0.159534
16775.0   0.159481
16777.5   0.159428
16780.0   0.159375
16782.5   0.159322
16785.0   0.159268
16787.5   0.159215
16790.0   0.159162
16792.5   0.159109
16795.0   0.159055
16797.5   0.159001
16800.0   0.158948
16802.5   0.158895
16805.0   0.158842
16807.5   0.158788
16810.0   0.158735
16812.5   0.158682
16815.0   0.158629
16817.5   0.158575
16820.0   0.158522
16822.5   0.158469
16825.0   0.158416
16827.5   0.158362
16830.0   0.158309
16832.5   0.158256
16835.0   0.158203
16837.5   0.158150
16840.0   0.158096
16842.5   0.158043
16845.0   0.157990
16847.5   0.157936
16850.0   0.157883
16852.5   0.157830
16855.0   0.157777
16857.5   0.157724
16860.0   0.157670
16862.5   0.157617
16865.0   0.157564
16867.5   0.157511
16870.0   0.157457
16872.5   0.157404
16875.0   0.157351
16877.5   0.157298
16880.0   0.157245
16882.5   0.157191
16885.0   0.157138
16887.5   0.157085
16890.0   0.157032
16892.5   0.156978
16895.0   0.156925
16897.5   0.156872
16900.0   0.156819
16902.5   0.156766
16905.0   0.156712
16907.5   0.156659
16910.0   0.156606
16912.5   0.156553
16915.0   0.156500
16917.5   0.156447
16920.0   0.156393
16922.5   0.156340
16925.0   0.156287
16927.5   0.156234
16930.0   0.156181
16932.5   0.156127
16935.0   0.156074
16937.5   0.156021
16940.0   0.155968
16942.5   0.155915
16945.0   0.155862
16947.5   0.155809
16950.0   0.155755
16952.5   0.155702
16955.0   0.155649
16957.5   0.155596
16960.0   0.155543
16962.5   0.155489
16965.0   0.155436
16967.5   0.155383
16970.0   0.155330
16972.5   0.155277
16975.0   0.155224
16977.5   0.155171
16980.0   0.155118
16982.5   0.155065
16985.0   0.155011
16987.5   0.154958
16990.0   0.154905
16992.5   0.154852
16995.0   0.154799
16997.5   0.154746
17000.0   0.154693
17002.5   0.154640
17005.0   0.154587
17007.5   0.154533
17010.0   0.154480
17012.5   0.154427
17015.0   0.154374
17017.5   0.154321
17020.0   0.154268
17022.5   0.154215
17025.0   0.154162
17027.5   0.154109
17030.0   0.154056
17032.5   0.154003
17035.0   0.153949
17037.5   0.153896
17040.0   0.153843
17042.5   0.153790
17045.0   0.153737
17047.5   0.153684
17050.0   0.153631
17052.5   0.153578
17055.0   0.153525
17057.5   0.153472
17060.0   0.153419
17062.5   0.153366
17065.0   0.153313
17067.5   0.153260
17070.0   0.153207
17072.5   0.153154
17075.0   0.153101
17077.5   0.153048
17080.0   0.152995
17082.5   0.152942
17085.0   0.152889
17087.5   0.152836
17090.0   0.152783
17092.5   0.152730
17095.0   0.152676
17097.5   0.152623
17100.0   0.152570
17102.5   0.152517
17105.0   0.152464
17107.5   0.152411
17110.0   0.152358
17112.5   0.152305
17115.0   0.152252
17117.5   0.152199
17120.0   0.152146
17122.5   0.152093
17125.0   0.152041
17127.5   0.151988
17130.0   0.151935
17132.5   0.151882
17135.0   0.151829
17137.5   0.151776
17140.0   0.151723
17142.5   0.151670
17145.0   0.151617
17147.5   0.151564
17150.0   0.151511
17152.5   0.151458
17155.0   0.151405
17157.5   0.151352
17160.0   0.151299
17162.5   0.151246
17165.0   0.151193
17167.5   0.151140
17170.0   0.151087
17172.5   0.151035
17175.0   0.150982
17177.5   0.150929
17180.0   0.150876
17182.5   0.150823
17185.0   0.150770
17187.5   0.150717
17190.0   0.150664
17192.5   0.150611
17195.0   0.150558
17197.5   0.150505
17200.0   0.150452
17202.5   0.150400
17205.0   0.150347
17207.5   0.150294
17210.0   0.150241
17212.5   0.150188
17215.0   0.150135
17217.5   0.150082
17220.0   0.150029
17222.5   0.149976
17225.0   0.149924
17227.5   0.149871
17230.0   0.149818
17232.5   0.149765
17235.0   0.149712
17237.5   0.149659
17240.0   0.149607
17242.5   0.149554
17245.0   0.149501
17247.5   0.149448
17250.0   0.149395
17252.5   0.149343
17255.0   0.149290
17257.5   0.149237
17260.0   0.149184
17262.5   0.149131
17265.0   0.149078
17267.5   0.149025
17270.0   0.148973
17272.5   0.148920
17275.0   0.148867
17277.5   0.148814
17280.0   0.148761
17282.5   0.148709
17285.0   0.148656
17287.5   0.148603
17290.0   0.148550
17292.5   0.148498
17295.0   0.148445
17297.5   0.148392
17300.0   0.148339
17302.5   0.148287
17305.0   0.148234
17307.5   0.148181
17310.0   0.148128
17312.5   0.148076
17315.0   0.148023
17317.5   0.147970
17320.0   0.147917
17322.5   0.147864
17325.0   0.147812
17327.5   0.147759
17330.0   0.147706
17332.5   0.147653
17335.0   0.147601
17337.5   0.147548
17340.0   0.147495
17342.5   0.147442
17345.0   0.147390
17347.5   0.147337
17350.0   0.147284
17352.5   0.147231
17355.0   0.147179
17357.5   0.147127
17360.0   0.147074
17362.5   0.147021
17365.0   0.146968
17367.5   0.146916
17370.0   0.146863
17372.5   0.146810
17375.0   0.146757
17377.5   0.146704
17380.0   0.146652
17382.5   0.146600
17385.0   0.146547
17387.5   0.146495
17390.0   0.146442
17392.5   0.146389
17395.0   0.146336
17397.5   0.146283
17400.0   0.146231
17402.5   0.146179
17405.0   0.146126
17407.5   0.146073
17410.0   0.146020
17412.5   0.145967
17415.0   0.145915
17417.5   0.145863
17420.0   0.145810
17422.5   0.145757
17425.0   0.145705
17427.5   0.145653
17430.0   0.145600
17432.5   0.145547
17435.0   0.145494
17437.5   0.145441
17440.0   0.145389
17442.5   0.145337
17445.0   0.145284
17447.5   0.145231
17450.0   0.145179
17452.5   0.145127
17455.0   0.145074
17457.5   0.145021
17460.0   0.144969
17462.5   0.144917
17465.0   0.144864
17467.5   0.144811
17470.0   0.144758
17472.5   0.144705
17475.0   0.144653
17477.5   0.144601
17480.0   0.144548
17482.5   0.144496
17485.0   0.144443
17487.5   0.144391
17490.0   0.144338
17492.5   0.144286
17495.0   0.144233
17497.5   0.144180
17500.0   0.144128
17502.5   0.144075
17505.0   0.144023
17507.5   0.143970
17510.0   0.143918
17512.5   0.143866
17515.0   0.143813
17517.5   0.143760
17520.0   0.143708
17522.5   0.143656
17525.0   0.143604
17527.5   0.143552
17530.0   0.143499
17532.5   0.143446
17535.0   0.143394
17537.5   0.143341
17540.0   0.143289
17542.5   0.143237
17545.0   0.143184
17547.5   0.143132
17550.0   0.143079
17552.5   0.143026
17555.0   0.142974
17557.5   0.142922
17560.0   0.142870
17562.5   0.142818
17565.0   0.142765
17567.5   0.142712
17570.0   0.142660
17572.5   0.142608
17575.0   0.142555
17577.5   0.142502
17580.0   0.142450
17582.5   0.142398
17585.0   0.142346
17587.5   0.142294
17590.0   0.142241
17592.5   0.142188
17595.0   0.142136
17597.5   0.142084
17600.0   0.142032
17602.5   0.141980
17605.0   0.141927
17607.5   0.141874
17610.0   0.141822
17612.5   0.141770
17615.0   0.141718
17617.5   0.141666
17620.0   0.141613
17622.5   0.141560
17625.0   0.141508
17627.5   0.141456
17630.0   0.141404
17632.5   0.141351
17635.0   0.141299
17637.5   0.141247
17640.0   0.141195
17642.5   0.141143
17645.0   0.141090
17647.5   0.141038
17650.0   0.140986
17652.5   0.140933
17655.0   0.140881
17657.5   0.140829
17660.0   0.140777
17662.5   0.140724
17665.0   0.140672
17667.5   0.140620
17670.0   0.140568
17672.5   0.140516
17675.0   0.140463
17677.5   0.140411
17680.0   0.140359
17682.5   0.140307
17685.0   0.140254
17687.5   0.140202
17690.0   0.140150
17692.5   0.140098
17695.0   0.140046
17697.5   0.139994
17700.0   0.139941
17702.5   0.139889
17705.0   0.139837
17707.5   0.139785
17710.0   0.139733
17712.5   0.139680
17715.0   0.139628
17717.5   0.139576
17720.0   0.139524
17722.5   0.139472
17725.0   0.139420
17727.5   0.139368
17730.0   0.139316
17732.5   0.139263
17735.0   0.139211
17737.5   0.139159
17740.0   0.139107
17742.5   0.139055
17745.0   0.139003
17747.5   0.138951
17750.0   0.138899
17752.5   0.138847
17755.0   0.138794
17757.5   0.138742
17760.0   0.138690
17762.5   0.138638
17765.0   0.138586
17767.5   0.138534
17770.0   0.138482
17772.5   0.138430
17775.0   0.138378
17777.5   0.138326
17780.0   0.138274
17782.5   0.138222
17785.0   0.138170
17787.5   0.138118
17790.0   0.138066
17792.5   0.138014
17795.0   0.137962
17797.5   0.137910
17800.0   0.137858
17802.5   0.137806
17805.0   0.137754
17807.5   0.137702
17810.0   0.137650
17812.5   0.137598
17815.0   0.137546
17817.5   0.137494
17820.0   0.137442
17822.5   0.137390
17825.0   0.137338
17827.5   0.137286
17830.0   0.137234
17832.5   0.137182
17835.0   0.137130
17837.5   0.137078
17840.0   0.137026
17842.5   0.136974
17845.0   0.136922
17847.5   0.136871
17850.0   0.136819
17852.5   0.136767
17855.0   0.136715
17857.5   0.136663
17860.0   0.136611
17862.5   0.136559
17865.0   0.136507
17867.5   0.136455
17870.0   0.136404
17872.5   0.136352
17875.0   0.136300
17877.5   0.136248
17880.0   0.136196
17882.5   0.136144
17885.0   0.136092
17887.5   0.136040
17890.0   0.135989
17892.5   0.135937
17895.0   0.135885
17897.5   0.135833
17900.0   0.135781
17902.5   0.135730
17905.0   0.135678
17907.5   0.135626
17910.0   0.135574
17912.5   0.135522
17915.0   0.135471
17917.5   0.135419
17920.0   0.135367
17922.5   0.135316
17925.0   0.135264
17927.5   0.135212
17930.0   0.135160
17932.5   0.135109
17935.0   0.135057
17937.5   0.135005
17940.0   0.134953
17942.5   0.134901
17945.0   0.134850
17947.5   0.134798
17950.0   0.134746
17952.5   0.134694
17955.0   0.134643
17957.5   0.134591
17960.0   0.134539
17962.5   0.134487
17965.0   0.134436
17967.5   0.134385
17970.0   0.134333
17972.5   0.134281
17975.0   0.134229
17977.5   0.134177
17980.0   0.134126
17982.5   0.134075
17985.0   0.134023
17987.5   0.133971
17990.0   0.133919
17992.5   0.133867
17995.0   0.133816
17997.5   0.133765
18000.0   0.133713
18002.5   0.133662
18005.0   0.133610
18007.5   0.133558
18010.0   0.133506
18012.5   0.133454
18015.0   0.133403
18017.5   0.133352
18020.0   0.133300
18022.5   0.133248
18025.0   0.133197
18027.5   0.133145
18030.0   0.133094
18032.5   0.133042
18035.0   0.132991
18037.5   0.132939
18040.0   0.132888
18042.5   0.132837
18045.0   0.132785
18047.5   0.132733
18050.0   0.132681
18052.5   0.132629
18055.0   0.132578
18057.5   0.132527
18060.0   0.132475
18062.5   0.132423
18065.0   0.132372
18067.5   0.132321
18070.0   0.132270
18072.5   0.132219
18075.0   0.132167
18077.5   0.132115
18080.0   0.132064
18082.5   0.132013
18085.0   0.131961
18087.5   0.131910
18090.0   0.131858
18092.5   0.131806
18095.0   0.131755
18097.5   0.131704
18100.0   0.131652
18102.5   0.131600
18105.0   0.131549
18107.5   0.131498
18110.0   0.131447
18112.5   0.131396
18115.0   0.131344
18117.5   0.131292
18120.0   0.131241
18122.5   0.131189
18125.0   0.131138
18127.5   0.131087
18130.0   0.131036
18132.5   0.130985
18135.0   0.130933
18137.5   0.130881
18140.0   0.130830
18142.5   0.130779
18145.0   0.130728
18147.5   0.130677
18150.0   0.130625
18152.5   0.130573
18155.0   0.130522
18157.5   0.130471
18160.0   0.130420
18162.5   0.130368
18165.0   0.130317
18167.5   0.130266
18170.0   0.130215
18172.5   0.130164
18175.0   0.130112
18177.5   0.130061
18180.0   0.130010
18182.5   0.129958
18185.0   0.129907
18187.5   0.129856
18190.0   0.129805
18192.5   0.129754
18195.0   0.129702
18197.5   0.129651
18200.0   0.129600
18202.5   0.129549
18205.0   0.129498
18207.5   0.129446
18210.0   0.129395
18212.5   0.129344
18215.0   0.129293
18217.5   0.129242
18220.0   0.129191
18222.5   0.129139
18225.0   0.129088
18227.5   0.129037
18230.0   0.128986
18232.5   0.128935
18235.0   0.128884
18237.5   0.128833
18240.0   0.128782
18242.5   0.128731
18245.0   0.128679
18247.5   0.128628
18250.0   0.128577
18252.5   0.128526
18255.0   0.128475
18257.5   0.128424
18260.0   0.128373
18262.5   0.128322
18265.0   0.128271
18267.5   0.128220
18270.0   0.128169
18272.5   0.128118
18275.0   0.128067
18277.5   0.128016
18280.0   0.127965
18282.5   0.127914
18285.0   0.127863
18287.5   0.127812
18290.0   0.127761
18292.5   0.127710
18295.0   0.127659
18297.5   0.127608
18300.0   0.127557
18302.5   0.127506
18305.0   0.127455
18307.5   0.127404
18310.0   0.127353
18312.5   0.127302
18315.0   0.127251
18317.5   0.127200
18320.0   0.127149
18322.5   0.127099
18325.0   0.127048
18327.5   0.126997
18330.0   0.126946
18332.5   0.126895
18335.0   0.126844
18337.5   0.126793
18340.0   0.126742
18342.5   0.126691
18345.0   0.126640
18347.5   0.126590
18350.0   0.126539
18352.5   0.126488
18355.0   0.126437
18357.5   0.126386
18360.0   0.126335
18362.5   0.126285
18365.0   0.126234
18367.5   0.126183
18370.0   0.126132
18372.5   0.126081
18375.0   0.126031
18377.5   0.125980
18380.0   0.125929
18382.5   0.125878
18385.0   0.125827
18387.5   0.125777
18390.0   0.125726
18392.5   0.125675
18395.0   0.125624
18397.5   0.125573
18400.0   0.125523
18402.5   0.125473
18405.0   0.125422
18407.5   0.125371
18410.0   0.125320
18412.5   0.125270
18415.0   0.125219
18417.5   0.125168
18420.0   0.125117
18422.5   0.125066
18425.0   0.125016
18427.5   0.124966
18430.0   0.124915
18432.5   0.124864
18435.0   0.124813
18437.5   0.124762
18440.0   0.124712
18442.5   0.124661
18445.0   0.124611
18447.5   0.124561
18450.0   0.124510
18452.5   0.124459
18455.0   0.124408
18457.5   0.124357
18460.0   0.124307
18462.5   0.124257
18465.0   0.124206
18467.5   0.124155
18470.0   0.124105
18472.5   0.124054
18475.0   0.124004
18477.5   0.123953
18480.0   0.123903
18482.5   0.123852
18485.0   0.123802
18487.5   0.123751
18490.0   0.123701
18492.5   0.123650
18495.0   0.123600
18497.5   0.123549
18500.0   0.123499
18502.5   0.123448
18505.0   0.123398
18507.5   0.123347
18510.0   0.123297
18512.5   0.123246
18515.0   0.123196
18517.5   0.123146
18520.0   0.123095
18522.5   0.123044
18525.0   0.122994
18527.5   0.122944
18530.0   0.122894
18532.5   0.122844
18535.0   0.122793
18537.5   0.122742
18540.0   0.122692
18542.5   0.122641
18545.0   0.122591
18547.5   0.122541
18550.0   0.122491
18552.5   0.122441
18555.0   0.122390
18557.5   0.122339
18560.0   0.122289
18562.5   0.122239
18565.0   0.122189
18567.5   0.122139
18570.0   0.122088
18572.5   0.122037
18575.0   0.121987
18577.5   0.121937
18580.0   0.121887
18582.5   0.121836
18585.0   0.121786
18587.5   0.121736
18590.0   0.121686
18592.5   0.121635
18595.0   0.121585
18597.5   0.121535
18600.0   0.121485
18602.5   0.121435
18605.0   0.121384
18607.5   0.121334
18610.0   0.121284
18612.5   0.121234
18615.0   0.121184
18617.5   0.121133
18620.0   0.121083
18622.5   0.121033
18625.0   0.120983
18627.5   0.120933
18630.0   0.120883
18632.5   0.120832
18635.0   0.120782
18637.5   0.120732
18640.0   0.120682
18642.5   0.120632
18645.0   0.120582
18647.5   0.120532
18650.0   0.120482
18652.5   0.120432
18655.0   0.120382
18657.5   0.120332
18660.0   0.120282
18662.5   0.120232
18665.0   0.120181
18667.5   0.120131
18670.0   0.120081
18672.5   0.120031
18675.0   0.119981
18677.5   0.119931
18680.0   0.119881
18682.5   0.119831
18685.0   0.119781
18687.5   0.119731
18690.0   0.119681
18692.5   0.119631
18695.0   0.119581
18697.5   0.119531
18700.0   0.119481
18702.5   0.119431
18705.0   0.119382
18707.5   0.119332
18710.0   0.119282
18712.5   0.119232
18715.0   0.119182
18717.5   0.119132
18720.0   0.119082
18722.5   0.119032
18725.0   0.118982
18727.5   0.118933
18730.0   0.118883
18732.5   0.118833
18735.0   0.118783
18737.5   0.118733
18740.0   0.118683
18742.5   0.118633
18745.0   0.118583
18747.5   0.118534
18750.0   0.118484
18752.5   0.118434
18755.0   0.118384
18757.5   0.118335
18760.0   0.118285
18762.5   0.118235
18765.0   0.118185
18767.5   0.118136
18770.0   0.118086
18772.5   0.118036
18775.0   0.117986
18777.5   0.117936
18780.0   0.117887
18782.5   0.117837
18785.0   0.117787
18787.5   0.117737
18790.0   0.117688
18792.5   0.117638
18795.0   0.117588
18797.5   0.117538
18800.0   0.117489
18802.5   0.117440
18805.0   0.117390
18807.5   0.117340
18810.0   0.117290
18812.5   0.117240
18815.0   0.117191
18817.5   0.117142
18820.0   0.117092
18822.5   0.117042
18825.0   0.116993
18827.5   0.116944
18830.0   0.116894
18832.5   0.116844
18835.0   0.116794
18837.5   0.116744
18840.0   0.116695
18842.5   0.116646
18845.0   0.116596
18847.5   0.116546
18850.0   0.116497
18852.5   0.116448
18855.0   0.116398
18857.5   0.116348
18860.0   0.116299
18862.5   0.116250
18865.0   0.116200
18867.5   0.116150
18870.0   0.116101
18872.5   0.116051
18875.0   0.116002
18877.5   0.115953
18880.0   0.115903
18882.5   0.115853
18885.0   0.115804
18887.5   0.115755
18890.0   0.115706
18892.5   0.115657
18895.0   0.115607
18897.5   0.115557
18900.0   0.115508
18902.5   0.115458
18905.0   0.115409
18907.5   0.115360
18910.0   0.115311
18912.5   0.115262
18915.0   0.115212
18917.5   0.115162
18920.0   0.115113
18922.5   0.115064
18925.0   0.115015
18927.5   0.114966
18930.0   0.114916
18932.5   0.114866
18935.0   0.114817
18937.5   0.114768
18940.0   0.114719
18942.5   0.114670
18945.0   0.114620
18947.5   0.114571
18950.0   0.114522
18952.5   0.114473
18955.0   0.114424
18957.5   0.114374
18960.0   0.114325
18962.5   0.114276
18965.0   0.114227
18967.5   0.114178
18970.0   0.114128
18972.5   0.114079
18975.0   0.114030
18977.5   0.113981
18980.0   0.113932
18982.5   0.113883
18985.0   0.113834
18987.5   0.113784
18990.0   0.113735
18992.5   0.113686
18995.0   0.113637
18997.5   0.113588
19000.0   0.113539
19002.5   0.113490
19005.0   0.113441
19007.5   0.113392
19010.0   0.113343
19012.5   0.113294
19015.0   0.113245
19017.5   0.113196
19020.0   0.113147
19022.5   0.113098
19025.0   0.113049
19027.5   0.113000
19030.0   0.112951
19032.5   0.112902
19035.0   0.112853
19037.5   0.112804
19040.0   0.112755
19042.5   0.112706
19045.0   0.112657
19047.5   0.112608
19050.0   0.112559
19052.5   0.112510
19055.0   0.112461
19057.5   0.112412
19060.0   0.112363
19062.5   0.112314
19065.0   0.112266
19067.5   0.112217
19070.0   0.112168
19072.5   0.112119
19075.0   0.112070
19077.5   0.112021
19080.0   0.111972
19082.5   0.111924
19085.0   0.111875
19087.5   0.111826
19090.0   0.111777
19092.5   0.111729
19095.0   0.111680
19097.5   0.111631
19100.0   0.111582
19102.5   0.111534
19105.0   0.111485
19107.5   0.111436
19110.0   0.111387
19112.5   0.111338
19115.0   0.111290
19117.5   0.111241
19120.0   0.111192
19122.5   0.111143
19125.0   0.111095
19127.5   0.111046
19130.0   0.110997
19132.5   0.110948
19135.0   0.110900
19137.5   0.110852
19140.0   0.110803
19142.5   0.110755
19145.0   0.110706
19147.5   0.110657
19150.0   0.110608
19152.5   0.110559
19155.0   0.110511
19157.5   0.110463
19160.0   0.110414
19162.5   0.110365
19165.0   0.110317
19167.5   0.110269
19170.0   0.110220
19172.5   0.110171
19175.0   0.110123
19177.5   0.110075
19180.0   0.110026
19182.5   0.109977
19185.0   0.109929
19187.5   0.109881
19190.0   0.109832
19192.5   0.109784
19195.0   0.109735
19197.5   0.109687
19200.0   0.109638
19202.5   0.109589
19205.0   0.109541
19207.5   0.109493
19210.0   0.109444
19212.5   0.109395
19215.0   0.109347
19217.5   0.109299
19220.0   0.109251
19222.5   0.109203
19225.0   0.109154
19227.5   0.109106
19230.0   0.109057
19232.5   0.109008
19235.0   0.108960
19237.5   0.108912
19240.0   0.108864
19242.5   0.108815
19245.0   0.108767
19247.5   0.108719
19250.0   0.108671
19252.5   0.108622
19255.0   0.108574
19257.5   0.108526
19260.0   0.108478
19262.5   0.108430
19265.0   0.108381
19267.5   0.108333
19270.0   0.108285
19272.5   0.108237
19275.0   0.108188
19277.5   0.108140
19280.0   0.108092
19282.5   0.108044
19285.0   0.107996
19287.5   0.107947
19290.0   0.107899
19292.5   0.107851
19295.0   0.107803
19297.5   0.107755
19300.0   0.107707
19302.5   0.107659
19305.0   0.107611
19307.5   0.107563
19310.0   0.107514
19312.5   0.107466
19315.0   0.107418
19317.5   0.107370
19320.0   0.107322
19322.5   0.107274
19325.0   0.107226
19327.5   0.107178
19330.0   0.107130
19332.5   0.107082
19335.0   0.107034
19337.5   0.106986
19340.0   0.106938
19342.5   0.106890
19345.0   0.106842
19347.5   0.106794
19350.0   0.106746
19352.5   0.106698
19355.0   0.106650
19357.5   0.106603
19360.0   0.106555
19362.5   0.106507
19365.0   0.106459
19367.5   0.106411
19370.0   0.106363
19372.5   0.106315
19375.0   0.106267
19377.5   0.106219
19380.0   0.106172
19382.5   0.106124
19385.0   0.106076
19387.5   0.106028
19390.0   0.105980
19392.5   0.105933
19395.0   0.105885
19397.5   0.105837
19400.0   0.105789
19402.5   0.105742
19405.0   0.105694
19407.5   0.105646
19410.0   0.105598
19412.5   0.105550
19415.0   0.105503
19417.5   0.105455
19420.0   0.105407
19422.5   0.105359
19425.0   0.105312
19427.5   0.105265
19430.0   0.105217
19432.5   0.105169
19435.0   0.105121
19437.5   0.105073
19440.0   0.105026
19442.5   0.104978
19445.0   0.104931
19447.5   0.104884
19450.0   0.104836
19452.5   0.104788
19455.0   0.104740
19457.5   0.104692
19460.0   0.104645
19462.5   0.104598
19465.0   0.104550
19467.5   0.104502
19470.0   0.104455
19472.5   0.104408
19475.0   0.104360
19477.5   0.104313
19480.0   0.104265
19482.5   0.104217
19485.0   0.104170
19487.5   0.104123
19490.0   0.104075
19492.5   0.104027
19495.0   0.103980
19497.5   0.103933
19500.0   0.103886
19502.5   0.103839
19505.0   0.103791
19507.5   0.103744
19510.0   0.103696
19512.5   0.103648
19515.0   0.103601
19517.5   0.103554
19520.0   0.103507
19522.5   0.103460
19525.0   0.103412
19527.5   0.103364
19530.0   0.103317
19532.5   0.103270
19535.0   0.103223
19537.5   0.103175
19540.0   0.103128
19542.5   0.103081
19545.0   0.103034
19547.5   0.102986
19550.0   0.102939
19552.5   0.102892
19555.0   0.102845
19557.5   0.102798
19560.0   0.102750
19562.5   0.102703
19565.0   0.102656
19567.5   0.102609
19570.0   0.102562
19572.5   0.102514
19575.0   0.102467
19577.5   0.102420
19580.0   0.102373
19582.5   0.102326
19585.0   0.102279
19587.5   0.102232
19590.0   0.102185
19592.5   0.102138
19595.0   0.102090
19597.5   0.102043
19600.0   0.101996
19602.5   0.101949
19605.0   0.101902
19607.5   0.101855
19610.0   0.101808
19612.5   0.101761
19615.0   0.101714
19617.5   0.101667
19620.0   0.101620
19622.5   0.101573
19625.0   0.101526
19627.5   0.101479
19630.0   0.101432
19632.5   0.101386
19635.0   0.101339
19637.5   0.101292
19640.0   0.101245
19642.5   0.101198
19645.0   0.101151
19647.5   0.101104
19650.0   0.101057
19652.5   0.101010
19655.0   0.100964
19657.5   0.100917
19660.0   0.100870
19662.5   0.100823
19665.0   0.100776
19667.5   0.100730
19670.0   0.100683
19672.5   0.100636
19675.0   0.100589
19677.5   0.100543
19680.0   0.100496
19682.5   0.100449
19685.0   0.100402
19687.5   0.100355
19690.0   0.100309
19692.5   0.100262
19695.0   0.100215
19697.5   0.100168
19700.0   0.100122
19702.5   0.100076
19705.0   0.100029
19707.5   0.099982
19710.0   0.099935
19712.5   0.099888
19715.0   0.099842
19717.5   0.099795
19720.0   0.099749
19722.5   0.099703
19725.0   0.099656
19727.5   0.099609
19730.0   0.099562
19732.5   0.099515
19735.0   0.099469
19737.5   0.099423
19740.0   0.099376
19742.5   0.099329
19745.0   0.099283
19747.5   0.099236
19750.0   0.099190
19752.5   0.099144
19755.0   0.099097
19757.5   0.099050
19760.0   0.099004
19762.5   0.098958
19765.0   0.098912
19767.5   0.098866
19770.0   0.098819
19772.5   0.098772
19775.0   0.098726
19777.5   0.098680
19780.0   0.098633
19782.5   0.098586
19785.0   0.098540
19787.5   0.098494
19790.0   0.098448
19792.5   0.098401
19795.0   0.098355
19797.5   0.098309
19800.0   0.098263
19802.5   0.098216
19805.0   0.098170
19807.5   0.098124
19810.0   0.098078
19812.5   0.098031
19815.0   0.097985
19817.5   0.097939
19820.0   0.097893
19822.5   0.097847
19825.0   0.097800
19827.5   0.097754
19830.0   0.097708
19832.5   0.097662
19835.0   0.097616
19837.5   0.097569
19840.0   0.097523
19842.5   0.097477
19845.0   0.097431
19847.5   0.097385
19850.0   0.097339
19852.5   0.097293
19855.0   0.097247
19857.5   0.097201
19860.0   0.097155
19862.5   0.097108
19865.0   0.097062
19867.5   0.097016
19870.0   0.096970
19872.5   0.096924
19875.0   0.096878
19877.5   0.096832
19880.0   0.096786
19882.5   0.096740
19885.0   0.096694
19887.5   0.096648
19890.0   0.096603
19892.5   0.096557
19895.0   0.096511
19897.5   0.096465
19900.0   0.096419
19902.5   0.096373
19905.0   0.096327
19907.5   0.096281
19910.0   0.096235
19912.5   0.096190
19915.0   0.096144
19917.5   0.096098
19920.0   0.096052
19922.5   0.096006
19925.0   0.095961
19927.5   0.095915
19930.0   0.095869
19932.5   0.095823
19935.0   0.095777
19937.5   0.095731
19940.0   0.095686
19942.5   0.095641
19945.0   0.095595
19947.5   0.095549
19950.0   0.095503
19952.5   0.095458
19955.0   0.095412
19957.5   0.095366
19960.0   0.095320
19962.5   0.095274
19965.0   0.095229
19967.5   0.095184
19970.0   0.095138
19972.5   0.095092
19975.0   0.095047
19977.5   0.095002
19980.0   0.094956
19982.5   0.094910
19985.0   0.094864
19987.5   0.094818
19990.0   0.094773
19992.5   0.094728
19995.0   0.094682
19997.5   0.094637
20000.0   0.094591
20002.5   0.094545
20005.0   0.094500
20007.5   0.094455
20010.0   0.094410
20012.5   0.094365
20015.0   0.094319
20017.5   0.094273
20020.0   0.094228
20022.5   0.094183
20025.0   0.094137
20027.5   0.094091
20030.0   0.094046
20032.5   0.094001
20035.0   0.093956
20037.5   0.093911
20040.0   0.093865
20042.5   0.093819
20045.0   0.093774
20047.5   0.093729
20050.0   0.093684
20052.5   0.093638
20055.0   0.093593
20057.5   0.093548
20060.0   0.093503
20062.5   0.093457
20065.0   0.093412
20067.5   0.093367
20070.0   0.093322
20072.5   0.093277
20075.0   0.093231
20077.5   0.093186
20080.0   0.093141
20082.5   0.093096
20085.0   0.093051
20087.5   0.093006
20090.0   0.092961
20092.5   0.092915
20095.0   0.092870
20097.5   0.092825
20100.0   0.092780
20102.5   0.092735
20105.0   0.092690
20107.5   0.092645
20110.0   0.092600
20112.5   0.092555
20115.0   0.092510
20117.5   0.092465
20120.0   0.092420
20122.5   0.092375
20125.0   0.092330
20127.5   0.092285
20130.0   0.092240
20132.5   0.092195
20135.0   0.092150
20137.5   0.092106
20140.0   0.092061
20142.5   0.092016
20145.0   0.091971
20147.5   0.091926
20150.0   0.091881
20152.5   0.091836
20155.0   0.091791
20157.5   0.091746
20160.0   0.091702
20162.5   0.091657
20165.0   0.091612
20167.5   0.091567
20170.0   0.091522
20172.5   0.091478
20175.0   0.091433
20177.5   0.091388
20180.0   0.091343
20182.5   0.091298
20185.0   0.091254
20187.5   0.091210
20190.0   0.091165
20192.5   0.091120
20195.0   0.091075
20197.5   0.091030
20200.0   0.090986
20202.5   0.090941
20205.0   0.090897
20207.5   0.090853
20210.0   0.090808
20212.5   0.090763
20215.0   0.090718
20217.5   0.090673
20220.0   0.090629
20222.5   0.090585
20225.0   0.090540
20227.5   0.090495
20230.0   0.090451
20232.5   0.090407
20235.0   0.090362
20237.5   0.090317
20240.0   0.090273
20242.5   0.090229
20245.0   0.090184
20247.5   0.090139
20250.0   0.090095
20252.5   0.090051
20255.0   0.090007
20257.5   0.089963
20260.0   0.089918
20262.5   0.089874
20265.0   0.089829
20267.5   0.089784
20270.0   0.089740
20272.5   0.089696
20275.0   0.089652
20277.5   0.089607
20280.0   0.089563
20282.5   0.089519
20285.0   0.089475
20287.5   0.089430
20290.0   0.089386
20292.5   0.089342
20295.0   0.089298
20297.5   0.089254
20300.0   0.089209
20302.5   0.089165
20305.0   0.089121
20307.5   0.089077
20310.0   0.089032
20312.5   0.088988
20315.0   0.088944
20317.5   0.088900
20320.0   0.088856
20322.5   0.088812
20325.0   0.088768
20327.5   0.088724
20330.0   0.088679
20332.5   0.088635
20335.0   0.088591
20337.5   0.088547
20340.0   0.088503
20342.5   0.088459
20345.0   0.088415
20347.5   0.088371
20350.0   0.088327
20352.5   0.088283
20355.0   0.088239
20357.5   0.088195
20360.0   0.088151
20362.5   0.088108
20365.0   0.088064
20367.5   0.088020
20370.0   0.087976
20372.5   0.087932
20375.0   0.087888
20377.5   0.087844
20380.0   0.087800
20382.5   0.087756
20385.0   0.087713
20387.5   0.087669
20390.0   0.087625
20392.5   0.087581
20395.0   0.087537
20397.5   0.087494
20400.0   0.087450
20402.5   0.087406
20405.0   0.087362
20407.5   0.087318
20410.0   0.087275
20412.5   0.087232
20415.0   0.087188
20417.5   0.087144
20420.0   0.087100
20422.5   0.087056
20425.0   0.087013
20427.5   0.086970
20430.0   0.086926
20432.5   0.086882
20435.0   0.086838
20437.5   0.086794
20440.0   0.086751
20442.5   0.086708
20445.0   0.086664
20447.5   0.086620
20450.0   0.086577
20452.5   0.086534
20455.0   0.086490
20457.5   0.086447
20460.0   0.086403
20462.5   0.086359
20465.0   0.086316
20467.5   0.086273
20470.0   0.086229
20472.5   0.086185
20475.0   0.086142
20477.5   0.086099
20480.0   0.086056
20482.5   0.086013
20485.0   0.085969
20487.5   0.085926
20490.0   0.085882
20492.5   0.085838
20495.0   0.085795
20497.5   0.085752
20500.0   0.085709
20502.5   0.085665
20505.0   0.085622
20507.5   0.085579
20510.0   0.085536
20512.5   0.085493
20515.0   0.085449
20517.5   0.085406
20520.0   0.085363
20522.5   0.085320
20525.0   0.085276
20527.5   0.085233
20530.0   0.085190
20532.5   0.085147
20535.0   0.085104
20537.5   0.085061
20540.0   0.085018
20542.5   0.084975
20545.0   0.084931
20547.5   0.084888
20550.0   0.084845
20552.5   0.084802
20555.0   0.084759
20557.5   0.084716
20560.0   0.084673
20562.5   0.084630
20565.0   0.084587
20567.5   0.084544
20570.0   0.084501
20572.5   0.084458
20575.0   0.084415
20577.5   0.084372
20580.0   0.084329
20582.5   0.084287
20585.0   0.084244
20587.5   0.084201
20590.0   0.084158
20592.5   0.084115
20595.0   0.084072
20597.5   0.084029
20600.0   0.083986
20602.5   0.083944
20605.0   0.083901
20607.5   0.083858
20610.0   0.083815
20612.5   0.083773
20615.0   0.083730
20617.5   0.083687
20620.0   0.083644
20622.5   0.083601
20625.0   0.083559
20627.5   0.083516
20630.0   0.083473
20632.5   0.083430
20635.0   0.083388
20637.5   0.083346
20640.0   0.083303
20642.5   0.083260
20645.0   0.083217
20647.5   0.083174
20650.0   0.083132
20652.5   0.083090
20655.0   0.083047
20657.5   0.083004
20660.0   0.082962
20662.5   0.082920
20665.0   0.082877
20667.5   0.082834
20670.0   0.082792
20672.5   0.082750
20675.0   0.082707
20677.5   0.082664
20680.0   0.082622
20682.5   0.082580
20685.0   0.082537
20687.5   0.082494
20690.0   0.082452
20692.5   0.082410
20695.0   0.082368
20697.5   0.082326
20700.0   0.082283
20702.5   0.082240
20705.0   0.082198
20707.5   0.082156
20710.0   0.082114
20712.5   0.082072
20715.0   0.082029
20717.5   0.081986
20720.0   0.081944
20722.5   0.081902
20725.0   0.081860
20727.5   0.081818
20730.0   0.081776
20732.5   0.081734
20735.0   0.081691
20737.5   0.081649
20740.0   0.081607
20742.5   0.081565
20745.0   0.081523
20747.5   0.081480
20750.0   0.081438
20752.5   0.081396
20755.0   0.081354
20757.5   0.081312
20760.0   0.081270
20762.5   0.081228
20765.0   0.081186
20767.5   0.081144
20770.0   0.081102
20772.5   0.081060
20775.0   0.081018
20777.5   0.080976
20780.0   0.080934
20782.5   0.080892
20785.0   0.080850
20787.5   0.080808
20790.0   0.080766
20792.5   0.080724
20795.0   0.080682
20797.5   0.080640
20800.0   0.080599
20802.5   0.080557
20805.0   0.080515
20807.5   0.080473
20810.0   0.080431
20812.5   0.080390
20815.0   0.080348
20817.5   0.080306
20820.0   0.080264
20822.5   0.080222
20825.0   0.080181
20827.5   0.080139
20830.0   0.080097
20832.5   0.080055
20835.0   0.080014
20837.5   0.079973
20840.0   0.079931
20842.5   0.079889
20845.0   0.079847
20847.5   0.079805
20850.0   0.079764
20852.5   0.079723
20855.0   0.079681
20857.5   0.079639
20860.0   0.079598
20862.5   0.079557
20865.0   0.079515
20867.5   0.079474
20870.0   0.079432
20872.5   0.079391
20875.0   0.079349
20877.5   0.079307
20880.0   0.079266
20882.5   0.079224
20885.0   0.079183
20887.5   0.079141
20890.0   0.079100
20892.5   0.079059
20895.0   0.079017
20897.5   0.078975
20900.0   0.078934
20902.5   0.078893
20905.0   0.078852
20907.5   0.078810
20910.0   0.078769
20912.5   0.078728
20915.0   0.078687
20917.5   0.078645
20920.0   0.078604
20922.5   0.078563
20925.0   0.078522
20927.5   0.078480
20930.0   0.078439
20932.5   0.078398
20935.0   0.078357
20937.5   0.078316
20940.0   0.078274
20942.5   0.078233
20945.0   0.078192
20947.5   0.078151
20950.0   0.078110
20952.5   0.078069
20955.0   0.078028
20957.5   0.077987
20960.0   0.077946
20962.5   0.077905
20965.0   0.077864
20967.5   0.077823
20970.0   0.077782
20972.5   0.077741
20975.0   0.077700
20977.5   0.077659
20980.0   0.077618
20982.5   0.077577
20985.0   0.077536
20987.5   0.077495
20990.0   0.077454
20992.5   0.077413
20995.0   0.077372
20997.5   0.077331
21000.0   0.077290
21002.5   0.077250
21005.0   0.077209
21007.5   0.077168
21010.0   0.077127
21012.5   0.077087
21015.0   0.077046
21017.5   0.077005
21020.0   0.076964
21022.5   0.076923
21025.0   0.076883
21027.5   0.076842
21030.0   0.076801
21032.5   0.076760
21035.0   0.076720
21037.5   0.076680
21040.0   0.076639
21042.5   0.076598
21045.0   0.076557
21047.5   0.076516
21050.0   0.076476
21052.5   0.076436
21055.0   0.076395
21057.5   0.076354
21060.0   0.076314
21062.5   0.076274
21065.0   0.076233
21067.5   0.076192
21070.0   0.076152
21072.5   0.076111
21075.0   0.076071
21077.5   0.076031
21080.0   0.075990
21082.5   0.075949
21085.0   0.075909
21087.5   0.075869
21090.0   0.075829
21092.5   0.075789
21095.0   0.075748
21097.5   0.075707
21100.0   0.075667
21102.5   0.075627
21105.0   0.075587
21107.5   0.075547
21110.0   0.075506
21112.5   0.075465
21115.0   0.075425
21117.5   0.075385
21120.0   0.075345
21122.5   0.075305
21125.0   0.075265
21127.5   0.075225
21130.0   0.075184
21132.5   0.075144
21135.0   0.075104
21137.5   0.075064
21140.0   0.075024
21142.5   0.074983
21145.0   0.074943
21147.5   0.074903
21150.0   0.074863
21152.5   0.074823
21155.0   0.074783
21157.5   0.074743
21160.0   0.074703
21162.5   0.074663
21165.0   0.074623
21167.5   0.074583
21170.0   0.074543
21172.5   0.074503
21175.0   0.074463
21177.5   0.074423
21180.0   0.074384
21182.5   0.074344
21185.0   0.074304
21187.5   0.074264
21190.0   0.074224
21192.5   0.074184
21195.0   0.074144
21197.5   0.074105
21200.0   0.074065
21202.5   0.074025
21205.0   0.073985
21207.5   0.073945
21210.0   0.073906
21212.5   0.073866
21215.0   0.073826
21217.5   0.073786
21220.0   0.073747
21222.5   0.073708
21225.0   0.073668
21227.5   0.073628
21230.0   0.073588
21232.5   0.073548
21235.0   0.073509
21237.5   0.073470
21240.0   0.073430
21242.5   0.073390
21245.0   0.073351
21247.5   0.073312
21250.0   0.073272
21252.5   0.073232
21255.0   0.073193
21257.5   0.073154
21260.0   0.073114
21262.5   0.073074
21265.0   0.073035
21267.5   0.072996
21270.0   0.072956
21272.5   0.072916
21275.0   0.072877
21277.5   0.072838
21280.0   0.072799
21282.5   0.072760
21285.0   0.072720
21287.5   0.072680
21290.0   0.072641
21292.5   0.072602
21295.0   0.072563
21297.5   0.072523
21300.0   0.072484
21302.5   0.072445
21305.0   0.072406
21307.5   0.072367
21310.0   0.072327
21312.5   0.072288
21315.0   0.072249
21317.5   0.072210
21320.0   0.072171
21322.5   0.072131
21325.0   0.072092
21327.5   0.072053
21330.0   0.072014
21332.5   0.071975
21335.0   0.071936
21337.5   0.071897
21340.0   0.071858
21342.5   0.071819
21345.0   0.071780
21347.5   0.071741
21350.0   0.071702
21352.5   0.071663
21355.0   0.071624
21357.5   0.071585
21360.0   0.071546
21362.5   0.071507
21365.0   0.071468
21367.5   0.071429
21370.0   0.071391
21372.5   0.071352
21375.0   0.071313
21377.5   0.071274
21380.0   0.071235
21382.5   0.071197
21385.0   0.071158
21387.5   0.071119
21390.0   0.071080
21392.5   0.071041
21395.0   0.071003
21397.5   0.070964
21400.0   0.070925
21402.5   0.070886
21405.0   0.070848
21407.5   0.070810
21410.0   0.070771
21412.5   0.070732
21415.0   0.070693
21417.5   0.070654
21420.0   0.070616
21422.5   0.070578
21425.0   0.070539
21427.5   0.070500
21430.0   0.070462
21432.5   0.070424
21435.0   0.070385
21437.5   0.070347
21440.0   0.070308
21442.5   0.070269
21445.0   0.070231
21447.5   0.070193
21450.0   0.070154
21452.5   0.070115
21455.0   0.070077
21457.5   0.070039
21460.0   0.070001
21462.5   0.069963
21465.0   0.069924
21467.5   0.069885
21470.0   0.069847
21472.5   0.069809
21475.0   0.069771
21477.5   0.069732
21480.0   0.069694
21482.5   0.069656
21485.0   0.069618
21487.5   0.069580
21490.0   0.069541
21492.5   0.069503
21495.0   0.069465
21497.5   0.069427
21500.0   0.069389
21502.5   0.069351
21505.0   0.069313
21507.5   0.069275
21510.0   0.069236
21512.5   0.069198
21515.0   0.069160
21517.5   0.069122
21520.0   0.069084
21522.5   0.069046
21525.0   0.069008
21527.5   0.068970
21530.0   0.068932
21532.5   0.068894
21535.0   0.068856
21537.5   0.068819
21540.0   0.068781
21542.5   0.068743
21545.0   0.068705
21547.5   0.068667
21550.0   0.068629
21552.5   0.068591
21555.0   0.068553
21557.5   0.068516
21560.0   0.068478
21562.5   0.068440
21565.0   0.068402
21567.5   0.068364
21570.0   0.068327
21572.5   0.068289
21575.0   0.068251
21577.5   0.068213
21580.0   0.068176
21582.5   0.068139
21585.0   0.068101
21587.5   0.068064
21590.0   0.068026
21592.5   0.067988
21595.0   0.067950
21597.5   0.067912
21600.0   0.067875
21602.5   0.067838
21605.0   0.067800
21607.5   0.067762
21610.0   0.067725
21612.5   0.067687
21615.0   0.067650
21617.5   0.067613
21620.0   0.067575
21622.5   0.067537
21625.0   0.067500
21627.5   0.067463
21630.0   0.067426
21632.5   0.067389
21635.0   0.067351
21637.5   0.067313
21640.0   0.067276
21642.5   0.067239
21645.0   0.067202
21647.5   0.067164
21650.0   0.067127
21652.5   0.067090
21655.0   0.067053
21657.5   0.067015
21660.0   0.066978
21662.5   0.066941
21665.0   0.066904
21667.5   0.066867
21670.0   0.066829
21672.5   0.066792
21675.0   0.066755
21677.5   0.066718
21680.0   0.066681
21682.5   0.066644
21685.0   0.066607
21687.5   0.066570
21690.0   0.066533
21692.5   0.066496
21695.0   0.066459
21697.5   0.066422
21700.0   0.066385
21702.5   0.066348
21705.0   0.066311
21707.5   0.066274
21710.0   0.066237
21712.5   0.066200
21715.0   0.066163
21717.5   0.066126
21720.0   0.066089
21722.5   0.066053
21725.0   0.066016
21727.5   0.065979
21730.0   0.065942
21732.5   0.065906
21735.0   0.065869
21737.5   0.065832
21740.0   0.065795
21742.5   0.065758
21745.0   0.065722
21747.5   0.065685
21750.0   0.065648
21752.5   0.065611
21755.0   0.065575
21757.5   0.065539
21760.0   0.065502
21762.5   0.065465
21765.0   0.065428
21767.5   0.065391
21770.0   0.065355
21772.5   0.065319
21775.0   0.065282
21777.5   0.065245
21780.0   0.065209
21782.5   0.065173
21785.0   0.065136
21787.5   0.065099
21790.0   0.065063
21792.5   0.065027
21795.0   0.064991
21797.5   0.064955
21800.0   0.064918
21802.5   0.064882
21805.0   0.064845
21807.5   0.064808
21810.0   0.064772
21812.5   0.064736
21815.0   0.064700
21817.5   0.064663
21820.0   0.064627
21822.5   0.064591
21825.0   0.064555
21827.5   0.064519
21830.0   0.064482
21832.5   0.064446
21835.0   0.064410
21837.5   0.064374
21840.0   0.064338
21842.5   0.064302
21845.0   0.064266
21847.5   0.064230
21850.0   0.064193
21852.5   0.064157
21855.0   0.064121
21857.5   0.064085
21860.0   0.064049
21862.5   0.064013
21865.0   0.063977
21867.5   0.063941
21870.0   0.063905
21872.5   0.063869
21875.0   0.063833
21877.5   0.063797
21880.0   0.063762
21882.5   0.063726
21885.0   0.063690
21887.5   0.063654
21890.0   0.063618
21892.5   0.063583
21895.0   0.063547
21897.5   0.063511
21900.0   0.063475
21902.5   0.063439
21905.0   0.063403
21907.5   0.063367
21910.0   0.063332
21912.5   0.063297
21915.0   0.063261
21917.5   0.063225
21920.0   0.063189
21922.5   0.063153
21925.0   0.063118
21927.5   0.063083
21930.0   0.063047
21932.5   0.063011
21935.0   0.062976
21937.5   0.062941
21940.0   0.062905
21942.5   0.062869
21945.0   0.062834
21947.5   0.062799
21950.0   0.062763
21952.5   0.062728
21955.0   0.062692
21957.5   0.062656
21960.0   0.062621
21962.5   0.062586
21965.0   0.062550
21967.5   0.062514
21970.0   0.062479
21972.5   0.062444
21975.0   0.062409
21977.5   0.062373
21980.0   0.062338
21982.5   0.062303
21985.0   0.062268
21987.5   0.062233
21990.0   0.062197
21992.5   0.062162
21995.0   0.062127
21997.5   0.062092
22000.0   0.062056
22002.5   0.062021
22005.0   0.061986
22007.5   0.061951
22010.0   0.061916
22012.5   0.061881
22015.0   0.061846
22017.5   0.061811
22020.0   0.061776
22022.5   0.061740
22025.0   0.061705
22027.5   0.061670
22030.0   0.061636
22032.5   0.061601
22035.0   0.061566
22037.5   0.061531
22040.0   0.061496
22042.5   0.061461
22045.0   0.061426
22047.5   0.061391
22050.0   0.061356
22052.5   0.061321
22055.0   0.061286
22057.5   0.061252
22060.0   0.061217
22062.5   0.061182
22065.0   0.061147
22067.5   0.061112
22070.0   0.061078
22072.5   0.061043
22075.0   0.061008
22077.5   0.060973
22080.0   0.060939
22082.5   0.060905
22085.0   0.060870
22087.5   0.060835
22090.0   0.060800
22092.5   0.060765
22095.0   0.060731
22097.5   0.060697
22100.0   0.060662
22102.5   0.060627
22105.0   0.060593
22107.5   0.060559
22110.0   0.060524
22112.5   0.060490
22115.0   0.060455
22117.5   0.060420
22120.0   0.060386
22122.5   0.060352
22125.0   0.060317
22127.5   0.060282
22130.0   0.060248
22132.5   0.060214
22135.0   0.060180
22137.5   0.060146
22140.0   0.060111
22142.5   0.060076
22145.0   0.060042
22147.5   0.060008
22150.0   0.059974
22152.5   0.059939
22155.0   0.059905
22157.5   0.059871
22160.0   0.059837
22162.5   0.059803
22165.0   0.059768
22167.5   0.059734
22170.0   0.059700
22172.5   0.059666
22175.0   0.059632
22177.5   0.059598
22180.0   0.059564
22182.5   0.059530
22185.0   0.059495
22187.5   0.059461
22190.0   0.059427
22192.5   0.059393
22195.0   0.059359
22197.5   0.059325
22200.0   0.059291
22202.5   0.059258
22205.0   0.059224
22207.5   0.059190
22210.0   0.059156
22212.5   0.059122
22215.0   0.059088
22217.5   0.059054
22220.0   0.059020
22222.5   0.058986
22225.0   0.058953
22227.5   0.058919
22230.0   0.058885
22232.5   0.058851
22235.0   0.058817
22237.5   0.058784
22240.0   0.058750
22242.5   0.058716
22245.0   0.058682
22247.5   0.058648
22250.0   0.058615
22252.5   0.058582
22255.0   0.058548
22257.5   0.058515
22260.0   0.058481
22262.5   0.058447
22265.0   0.058413
22267.5   0.058379
22270.0   0.058346
22272.5   0.058313
22275.0   0.058279
22277.5   0.058245
22280.0   0.058212
22282.5   0.058178
22285.0   0.058145
22287.5   0.058112
22290.0   0.058078
22292.5   0.058044
22295.0   0.058011
22297.5   0.057978
22300.0   0.057945
22302.5   0.057912
22305.0   0.057878
22307.5   0.057844
22310.0   0.057811
22312.5   0.057778
22315.0   0.057745
22317.5   0.057711
22320.0   0.057678
22322.5   0.057645
22325.0   0.057612
22327.5   0.057579
22330.0   0.057545
22332.5   0.057512
22335.0   0.057479
22337.5   0.057446
22340.0   0.057413
22342.5   0.057379
22345.0   0.057346
22347.5   0.057313
22350.0   0.057280
22352.5   0.057247
22355.0   0.057214
22357.5   0.057181
22360.0   0.057148
22362.5   0.057115
22365.0   0.057082
22367.5   0.057049
22370.0   0.057016
22372.5   0.056983
22375.0   0.056950
22377.5   0.056917
22380.0   0.056884
22382.5   0.056851
22385.0   0.056818
22387.5   0.056785
22390.0   0.056753
22392.5   0.056720
22395.0   0.056687
22397.5   0.056654
22400.0   0.056621
22402.5   0.056589
22405.0   0.056556
22407.5   0.056523
22410.0   0.056490
22412.5   0.056457
22415.0   0.056425
22417.5   0.056393
22420.0   0.056360
22422.5   0.056327
22425.0   0.056294
22427.5   0.056261
22430.0   0.056229
22432.5   0.056197
22435.0   0.056164
22437.5   0.056131
22440.0   0.056099
22442.5   0.056067
22445.0   0.056034
22447.5   0.056001
22450.0   0.055969
22452.5   0.055937
22455.0   0.055904
22457.5   0.055872
22460.0   0.055839
22462.5   0.055806
22465.0   0.055774
22467.5   0.055742
22470.0   0.055709
22472.5   0.055676
22475.0   0.055644
22477.5   0.055612
22480.0   0.055580
22482.5   0.055547
22485.0   0.055515
22487.5   0.055483
22490.0   0.055451
22492.5   0.055419
22495.0   0.055386
22497.5   0.055354
22500.0   0.055322
22502.5   0.055290
22505.0   0.055257
22507.5   0.055225
22510.0   0.055193
22512.5   0.055161
22515.0   0.055129
22517.5   0.055096
22520.0   0.055064
22522.5   0.055032
22525.0   0.055000
22527.5   0.054968
22530.0   0.054936
22532.5   0.054904
22535.0   0.054872
22537.5   0.054840
22540.0   0.054808
22542.5   0.054776
22545.0   0.054744
22547.5   0.054712
22550.0   0.054680
22552.5   0.054648
22555.0   0.054617
22557.5   0.054585
22560.0   0.054553
22562.5   0.054521
22565.0   0.054489
22567.5   0.054458
22570.0   0.054426
22572.5   0.054394
22575.0   0.054362
22577.5   0.054331
22580.0   0.054299
22582.5   0.054267
22585.0   0.054235
22587.5   0.054203
22590.0   0.054172
22592.5   0.054140
22595.0   0.054108
22597.5   0.054076
22600.0   0.054045
22602.5   0.054014
22605.0   0.053982
22607.5   0.053950
22610.0   0.053919
22612.5   0.053888
22615.0   0.053856
22617.5   0.053824
22620.0   0.053792
22622.5   0.053760
22625.0   0.053729
22627.5   0.053698
22630.0   0.053667
22632.5   0.053636
22635.0   0.053604
22637.5   0.053572
22640.0   0.053541
22642.5   0.053510
22645.0   0.053478
22647.5   0.053446
22650.0   0.053415
22652.5   0.053384
22655.0   0.053353
22657.5   0.053321
22660.0   0.053290
22662.5   0.053259
22665.0   0.053228
22667.5   0.053197
22670.0   0.053165
22672.5   0.053134
22675.0   0.053103
22677.5   0.053072
22680.0   0.053040
22682.5   0.053009
22685.0   0.052978
22687.5   0.052947
22690.0   0.052916
22692.5   0.052885
22695.0   0.052854
22697.5   0.052823
22700.0   0.052791
22702.5   0.052760
22705.0   0.052729
22707.5   0.052698
22710.0   0.052667
22712.5   0.052636
22715.0   0.052605
22717.5   0.052574
22720.0   0.052543
22722.5   0.052513
22725.0   0.052482
22727.5   0.052451
22730.0   0.052420
22732.5   0.052389
22735.0   0.052358
22737.5   0.052327
22740.0   0.052296
22742.5   0.052266
22745.0   0.052235
22747.5   0.052204
22750.0   0.052173
22752.5   0.052143
22755.0   0.052112
22757.5   0.052081
22760.0   0.052050
22762.5   0.052019
22765.0   0.051989
22767.5   0.051958
22770.0   0.051927
22772.5   0.051896
22775.0   0.051866
22777.5   0.051836
22780.0   0.051805
22782.5   0.051774
22785.0   0.051744
22787.5   0.051714
22790.0   0.051683
22792.5   0.051652
22795.0   0.051621
22797.5   0.051590
22800.0   0.051560
22802.5   0.051530
22805.0   0.051500
22807.5   0.051470
22810.0   0.051439
22812.5   0.051408
22815.0   0.051378
22817.5   0.051348
22820.0   0.051317
22822.5   0.051286
22825.0   0.051256
22827.5   0.051226
22830.0   0.051196
22832.5   0.051166
22835.0   0.051135
22837.5   0.051104
22840.0   0.051074
22842.5   0.051044
22845.0   0.051014
22847.5   0.050984
22850.0   0.050954
22852.5   0.050924
22855.0   0.050893
22857.5   0.050863
22860.0   0.050833
22862.5   0.050803
22865.0   0.050773
22867.5   0.050742
22870.0   0.050712
22872.5   0.050682
22875.0   0.050652
22877.5   0.050622
22880.0   0.050592
22882.5   0.050562
22885.0   0.050532
22887.5   0.050502
22890.0   0.050472
22892.5   0.050442
22895.0   0.050412
22897.5   0.050382
22900.0   0.050352
22902.5   0.050322
22905.0   0.050292
22907.5   0.050262
22910.0   0.050233
22912.5   0.050203
22915.0   0.050173
22917.5   0.050143
22920.0   0.050113
22922.5   0.050084
22925.0   0.050054
22927.5   0.050024
22930.0   0.049994
22932.5   0.049965
22935.0   0.049935
22937.5   0.049905
22940.0   0.049875
22942.5   0.049845
22945.0   0.049816
22947.5   0.049786
22950.0   0.049756
22952.5   0.049726
22955.0   0.049697
22957.5   0.049668
22960.0   0.049638
22962.5   0.049608
22965.0   0.049579
22967.5   0.049550
22970.0   0.049520
22972.5   0.049491
22975.0   0.049461
22977.5   0.049431
22980.0   0.049402
22982.5   0.049373
22985.0   0.049343
22987.5   0.049313
22990.0   0.049284
22992.5   0.049255
22995.0   0.049225
22997.5   0.049195
23000.0   0.049166
23002.5   0.049137
23005.0   0.049108
23007.5   0.049079
23010.0   0.049049
23012.5   0.049019
23015.0   0.048990
23017.5   0.048961
23020.0   0.048932
23022.5   0.048903
23025.0   0.048873
23027.5   0.048844
23030.0   0.048815
23032.5   0.048786
23035.0   0.048757
23037.5   0.048727
23040.0   0.048698
23042.5   0.048669
23045.0   0.048640
23047.5   0.048611
23050.0   0.048582
23052.5   0.048553
23055.0   0.048524
23057.5   0.048495
23060.0   0.048465
23062.5   0.048436
23065.0   0.048407
23067.5   0.048378
23070.0   0.048349
23072.5   0.048320
23075.0   0.048291
23077.5   0.048263
23080.0   0.048234
23082.5   0.048205
23085.0   0.048176
23087.5   0.048147
23090.0   0.048118
23092.5   0.048089
23095.0   0.048060
23097.5   0.048031
23100.0   0.048003
23102.5   0.047974
23105.0   0.047945
23107.5   0.047916
23110.0   0.047887
23112.5   0.047858
23115.0   0.047830
23117.5   0.047802
23120.0   0.047773
23122.5   0.047744
23125.0   0.047715
23127.5   0.047686
23130.0   0.047658
23132.5   0.047630
23135.0   0.047601
23137.5   0.047572
23140.0   0.047543
23142.5   0.047514
23145.0   0.047486
23147.5   0.047458
23150.0   0.047429
23152.5   0.047400
23155.0   0.047372
23157.5   0.047344
23160.0   0.047315
23162.5   0.047286
23165.0   0.047258
23167.5   0.047230
23170.0   0.047201
23172.5   0.047172
23175.0   0.047144
23177.5   0.047116
23180.0   0.047088
23182.5   0.047060
23185.0   0.047031
23187.5   0.047002
23190.0   0.046974
23192.5   0.046946
23195.0   0.046918
23197.5   0.046890
23200.0   0.046861
23202.5   0.046832
23205.0   0.046804
23207.5   0.046776
23210.0   0.046748
23212.5   0.046720
23215.0   0.046692
23217.5   0.046663
23220.0   0.046635
23222.5   0.046607
23225.0   0.046579
23227.5   0.046551
23230.0   0.046523
23232.5   0.046495
23235.0   0.046467
23237.5   0.046439
23240.0   0.046410
23242.5   0.046382
23245.0   0.046354
23247.5   0.046326
23250.0   0.046298
23252.5   0.046270
23255.0   0.046242
23257.5   0.046214
23260.0   0.046186
23262.5   0.046159
23265.0   0.046131
23267.5   0.046103
23270.0   0.046075
23272.5   0.046047
23275.0   0.046019
23277.5   0.045991
23280.0   0.045963
23282.5   0.045936
23285.0   0.045908
23287.5   0.045880
23290.0   0.045852
23292.5   0.045825
23295.0   0.045797
23297.5   0.045769
23300.0   0.045741
23302.5   0.045713
23305.0   0.045686
23307.5   0.045658
23310.0   0.045630
23312.5   0.045602
23315.0   0.045575
23317.5   0.045548
23320.0   0.045520
23322.5   0.045493
23325.0   0.045465
23327.5   0.045437
23330.0   0.045409
23332.5   0.045381
23335.0   0.045354
23337.5   0.045327
23340.0   0.045299
23342.5   0.045271
23345.0   0.045244
23347.5   0.045217
23350.0   0.045189
23352.5   0.045161
23355.0   0.045134
23357.5   0.045107
23360.0   0.045080
23362.5   0.045053
23365.0   0.045025
23367.5   0.044997
23370.0   0.044970
23372.5   0.044942
23375.0   0.044915
23377.5   0.044888
23380.0   0.044861
23382.5   0.044833
23385.0   0.044806
23387.5   0.044779
23390.0   0.044752
23392.5   0.044725
23395.0   0.044697
23397.5   0.044670
23400.0   0.044643
23402.5   0.044616
23405.0   0.044589
23407.5   0.044561
23410.0   0.044534
23412.5   0.044507
23415.0   0.044480
23417.5   0.044453
23420.0   0.044426
23422.5   0.044399
23425.0   0.044372
23427.5   0.044345
23430.0   0.044318
23432.5   0.044291
23435.0   0.044264
23437.5   0.044237
23440.0   0.044210
23442.5   0.044183
23445.0   0.044156
23447.5   0.044129
23450.0   0.044102
23452.5   0.044075
23455.0   0.044048
23457.5   0.044021
23460.0   0.043994
23462.5   0.043967
23465.0   0.043941
23467.5   0.043914
23470.0   0.043887
23472.5   0.043860
23475.0   0.043833
23477.5   0.043807
23480.0   0.043780
23482.5   0.043753
23485.0   0.043726
23487.5   0.043699
23490.0   0.043673
23492.5   0.043647
23495.0   0.043620
23497.5   0.043593
23500.0   0.043566
23502.5   0.043539
23505.0   0.043513
23507.5   0.043487
23510.0   0.043460
23512.5   0.043433
23515.0   0.043406
23517.5   0.043379
23520.0   0.043353
23522.5   0.043327
23525.0   0.043300
23527.5   0.043273
23530.0   0.043247
23532.5   0.043221
23535.0   0.043194
23537.5   0.043167
23540.0   0.043141
23542.5   0.043115
23545.0   0.043089
23547.5   0.043063
23550.0   0.043036
23552.5   0.043010
23555.0   0.042983
23557.5   0.042956
23560.0   0.042930
23562.5   0.042904
23565.0   0.042878
23567.5   0.042851
23570.0   0.042825
23572.5   0.042799
23575.0   0.042773
23577.5   0.042747
23580.0   0.042720
23582.5   0.042694
23585.0   0.042668
23587.5   0.042642
23590.0   0.042615
23592.5   0.042589
23595.0   0.042563
23597.5   0.042537
23600.0   0.042511
23602.5   0.042484
23605.0   0.042458
23607.5   0.042432
23610.0   0.042406
23612.5   0.042380
23615.0   0.042354
23617.5   0.042328
23620.0   0.042302
23622.5   0.042276
23625.0   0.042250
23627.5   0.042224
23630.0   0.042198
23632.5   0.042172
23635.0   0.042146
23637.5   0.042120
23640.0   0.042094
23642.5   0.042069
23645.0   0.042043
23647.5   0.042017
23650.0   0.041991
23652.5   0.041965
23655.0   0.041939
23657.5   0.041913
23660.0   0.041887
23662.5   0.041862
23665.0   0.041836
23667.5   0.041810
23670.0   0.041784
23672.5   0.041758
23675.0   0.041733
23677.5   0.041707
23680.0   0.041681
23682.5   0.041655
23685.0   0.041630
23687.5   0.041605
23690.0   0.041579
23692.5   0.041553
23695.0   0.041527
23697.5   0.041501
23700.0   0.041476
23702.5   0.041451
23705.0   0.041425
23707.5   0.041399
23710.0   0.041374
23712.5   0.041349
23715.0   0.041323
23717.5   0.041297
23720.0   0.041272
23722.5   0.041246
23725.0   0.041221
23727.5   0.041196
23730.0   0.041170
23732.5   0.041144
23735.0   0.041119
23737.5   0.041094
23740.0   0.041068
23742.5   0.041042
23745.0   0.041017
23747.5   0.040992
23750.0   0.040967
23752.5   0.040941
23755.0   0.040916
23757.5   0.040891
23760.0   0.040866
23762.5   0.040841
23765.0   0.040815
23767.5   0.040789
23770.0   0.040764
23772.5   0.040739
23775.0   0.040714
23777.5   0.040689
23780.0   0.040664
23782.5   0.040638
23785.0   0.040613
23787.5   0.040588
23790.0   0.040563
23792.5   0.040538
23795.0   0.040513
23797.5   0.040488
23800.0   0.040463
23802.5   0.040438
23805.0   0.040412
23807.5   0.040387
23810.0   0.040362
23812.5   0.040337
23815.0   0.040312
23817.5   0.040287
23820.0   0.040262
23822.5   0.040237
23825.0   0.040212
23827.5   0.040188
23830.0   0.040163
23832.5   0.040138
23835.0   0.040113
23837.5   0.040088
23840.0   0.040063
23842.5   0.040038
23845.0   0.040013
23847.5   0.039988
23850.0   0.039964
23852.5   0.039939
23855.0   0.039914
23857.5   0.039889
23860.0   0.039864
23862.5   0.039840
23865.0   0.039815
23867.5   0.039790
23870.0   0.039765
23872.5   0.039740
23875.0   0.039716
23877.5   0.039692
23880.0   0.039667
23882.5   0.039642
23885.0   0.039617
23887.5   0.039592
23890.0   0.039568
23892.5   0.039544
23895.0   0.039519
23897.5   0.039494
23900.0   0.039470
23902.5   0.039446
23905.0   0.039421
23907.5   0.039396
23910.0   0.039371
23912.5   0.039346
23915.0   0.039322
23917.5   0.039298
23920.0   0.039274
23922.5   0.039250
23925.0   0.039225
23927.5   0.039200
23930.0   0.039176
23932.5   0.039151
23935.0   0.039127
23937.5   0.039103
23940.0   0.039078
23942.5   0.039053
23945.0   0.039029
23947.5   0.039005
23950.0   0.038981
23952.5   0.038956
23955.0   0.038932
23957.5   0.038908
23960.0   0.038884
23962.5   0.038860
23965.0   0.038835
23967.5   0.038811
23970.0   0.038787
23972.5   0.038763
23975.0   0.038738
23977.5   0.038714
23980.0   0.038690
23982.5   0.038666
23985.0   0.038642
23987.5   0.038617
23990.0   0.038593
23992.5   0.038569
23995.0   0.038545
23997.5   0.038521
24000.0   0.038497
24002.5   0.038473
24005.0   0.038449
24007.5   0.038425
24010.0   0.038401
24012.5   0.038377
24015.0   0.038353
24017.5   0.038329
24020.0   0.038305
24022.5   0.038281
24025.0   0.038257
24027.5   0.038233
24030.0   0.038209
24032.5   0.038185
24035.0   0.038162
24037.5   0.038138
24040.0   0.038114
24042.5   0.038090
24045.0   0.038066
24047.5   0.038043
24050.0   0.038019
24052.5   0.037995
24055.0   0.037971
24057.5   0.037947
24060.0   0.037923
24062.5   0.037899
24065.0   0.037876
24067.5   0.037853
24070.0   0.037829
24072.5   0.037805
24075.0   0.037781
24077.5   0.037757
24080.0   0.037734
24082.5   0.037711
24085.0   0.037687
24087.5   0.037663
24090.0   0.037639
24092.5   0.037615
24095.0   0.037592
24097.5   0.037569
24100.0   0.037545
24102.5   0.037521
24105.0   0.037498
24107.5   0.037475
24110.0   0.037451
24112.5   0.037427
24115.0   0.037404
24117.5   0.037381
24120.0   0.037357
24122.5   0.037333
24125.0   0.037310
24127.5   0.037287
24130.0   0.037263
24132.5   0.037239
24135.0   0.037216
24137.5   0.037193
24140.0   0.037170
24142.5   0.037147
24145.0   0.037123
24147.5   0.037099
24150.0   0.037076
24152.5   0.037053
24155.0   0.037030
24157.5   0.037006
24160.0   0.036983
24162.5   0.036960
24165.0   0.036937
24167.5   0.036914
24170.0   0.036890
24172.5   0.036867
24175.0   0.036844
24177.5   0.036821
24180.0   0.036798
24182.5   0.036774
24185.0   0.036751
24187.5   0.036728
24190.0   0.036705
24192.5   0.036682
24195.0   0.036659
24197.5   0.036636
24200.0   0.036613
