 1200.0   0.000000
 1202.5   0.000000
 1205.0   0.000000
 1207.5   0.000000
 1210.0   0.000000
 1212.5   0.000000
 1215.0   0.000000
 1217.5   0.000000
 1220.0   0.000000
 1222.5   0.000000
 1225.0   0.000000
 1227.5   0.000000
 1230.0   0.000000
 1232.5   0.000000
 1235.0   0.000000
 1237.5   0.000000
 1240.0   0.000000
 1242.5   0.000000
 1245.0   0.000000
 1247.5   0.000000
 1250.0   0.000000
 1252.5   0.000000
 1255.0   0.000000
 1257.5   0.000000
 1260.0   0.000000
 1262.5   0.000000
 1265.0   0.000000
 1267.5   0.000000
 1270.0   0.000000
 1272.5   0.000000
 1275.0   0.000000
 1277.5   0.000000
 1280.0   0.000000
 1282.5   0.000000
 1285.0   0.000000
 1287.5   0.000000
 1290.0   0.000000
 1292.5   0.000000
 1295.0   0.000000
 1297.5   0.000000
 1300.0   0.000000
 1302.5   0.000000
 1305.0   0.000000
 1307.5   0.000000
 1310.0   0.000000
 1312.5   0.000000
 1315.0   0.000000
 1317.5   0.000000
 1320.0   0.000000
 1322.5   0.000000
 1325.0   0.000000
 1327.5   0.000000
 1330.0   0.000000
 1332.5   0.000000
 1335.0   0.000000
 1337.5   0.000000
 1340.0   0.000000
 1342.5   0.000000
 1345.0   0.000000
 1347.5   0.000000
 1350.0   0.000000
 1352.5   0.000000
 1355.0   0.000000
 1357.5   0.000000
 1360.0   0.000000
 1362.5   0.000000
 1365.0   0.000000
 1367.5   0.000000
 1370.0   0.000000
 1372.5   0.000000
 1375.0   0.000000
 1377.5   0.000000
 1380.0   0.000000
 1382.5   0.000000
 1385.0   0.000000
 1387.5   0.000000
 1390.0   0.000000
 1392.5   0.000000
 1395.0   0.000000
 1397.5   0.000000
 1400.0   0.000000
 1402.5   0.000000
 1405.0   0.000000
 1407.5   0.000000
 1410.0   0.000000
 1412.5   0.000000
 1415.0   0.000000
 1417.5   0.000000
 1420.0   0.000000
 1422.5   0.000000
 1425.0   0.000000
 1427.5   0.000000
 1430.0   0.000000
 1432.5   0.000000
 1435.0   0.000000
 1437.5   0.000000
 1440.0   0.000000
 1442.5   0.000000
 1445.0   0.000000
 1447.5   0.000000
 1450.0   0.000000
 1452.5   0.000000
 1455.0   0.000000
 1457.5   0.000000
 1460.0   0.000000
 1462.5   0.000000
 1465.0   0.000000
 1467.5   0.000000
 1470.0   0.000000
 1472.5   0.000000
 1475.0   0.000000
 1477.5   0.000000
 1480.0   0.000000
 1482.5   0.000000
 1485.0   0.000000
 1487.5   0.000000
 1490.0   0.000000
 1492.5   0.000000
 1495.0   0.000000
 1497.5   0.000000
 1500.0   0.000000
 1502.5   0.000000
 1505.0   0.000000
 1507.5   0.000000
 1510.0   0.000000
 1512.5   0.000000
 1515.0   0.000000
 1517.5   0.000000
 1520.0   0.000000
 1522.5   0.000000
 1525.0   0.000000
 1527.5   0.000000
 1530.0   0.000000
 1532.5   0.000000
 1535.0   0.000000
 1537.5   0.000000
 1540.0   0.000000
 1542.5   0.000000
 1545.0   0.000000
 1547.5   0.000000
 1550.0   0.000000
 1552.5   0.000000
 1555.0   0.000000
 1557.5   0.000000
 1560.0   0.000000
 1562.5   0.000000
 1565.0   0.000000
 1567.5   0.000000
 1570.0   0.000000
 1572.5   0.000000
 1575.0   0.000000
 1577.5   0.000000
 1580.0   0.000000
 1582.5   0.000000
 1585.0   0.000000
 1587.5   0.000000
 1590.0   0.000000
 1592.5   0.000000
 1595.0   0.000000
 1597.5   0.000000
 1600.0   0.000000
 1602.5   0.000000
 1605.0   0.000000
 1607.5   0.000000
 1610.0   0.000000
 1612.5   0.000000
 1615.0   0.000000
 1617.5   0.000000
 1620.0   0.000000
 1622.5   0.000000
 1625.0   0.000000
 1627.5   0.000000
 1630.0   0.000000
 1632.5   0.000000
 1635.0   0.000000
 1637.5   0.000000
 1640.0   0.000000
 1642.5   0.000000
 1645.0   0.000000
 1647.5   0.000000
 1650.0   0.000000
 1652.5   0.000000
 1655.0   0.000000
 1657.5   0.000000
 1660.0   0.000000
 1662.5   0.000000
 1665.0   0.000000
 1667.5   0.000000
 1670.0   0.000000
 1672.5   0.000000
 1675.0   0.000000
 1677.5   0.000000
 1680.0   0.000000
 1682.5   0.000000
 1685.0   0.000000
 1687.5   0.000000
 1690.0   0.000000
 1692.5   0.000000
 1695.0   0.000000
 1697.5   0.000000
 1700.0   0.000000
 1702.5   0.000000
 1705.0   0.000000
 1707.5   0.000000
 1710.0   0.000000
 1712.5   0.000000
 1715.0   0.000000
 1717.5   0.000000
 1720.0   0.000000
 1722.5   0.000000
 1725.0   0.000000
 1727.5   0.000000
 1730.0   0.000000
 1732.5   0.000000
 1735.0   0.000000
 1737.5   0.000000
 1740.0   0.000000
 1742.5   0.000000
 1745.0   0.000000
 1747.5   0.000000
 1750.0   0.000000
 1752.5   0.000000
 1755.0   0.000000
 1757.5   0.000000
 1760.0   0.000000
 1762.5   0.000000
 1765.0   0.000000
 1767.5   0.000000
 1770.0   0.000000
 1772.5   0.000000
 1775.0   0.000000
 1777.5   0.000000
 1780.0   0.000000
 1782.5   0.000000
 1785.0   0.000000
 1787.5   0.000000
 1790.0   0.000000
 1792.5   0.000000
 1795.0   0.000000
 1797.5   0.000000
 1800.0   0.000000
 1802.5   0.000000
 1805.0   0.000000
 1807.5   0.000000
 1810.0   0.000000
 1812.5   0.000000
 1815.0   0.000000
 1817.5   0.000000
 1820.0   0.000000
 1822.5   0.000000
 1825.0   0.000000
 1827.5   0.000000
 1830.0   0.000000
 1832.5   0.000000
 1835.0   0.000000
 1837.5   0.000000
 1840.0   0.000000
 1842.5   0.000000
 1845.0   0.000000
 1847.5   0.000000
 1850.0   0.000000
 1852.5   0.000000
 1855.0   0.000000
 1857.5   0.000000
 1860.0   0.000000
 1862.5   0.000000
 1865.0   0.000000
 1867.5   0.000000
 1870.0   0.000000
 1872.5   0.000000
 1875.0   0.000000
 1877.5   0.000000
 1880.0   0.000000
 1882.5   0.000000
 1885.0   0.000000
 1887.5   0.000000
 1890.0   0.000000
 1892.5   0.000000
 1895.0   0.000000
 1897.5   0.000000
 1900.0   0.000000
 1902.5   0.000000
 1905.0   0.000000
 1907.5   0.000000
 1910.0   0.000000
 1912.5   0.000000
 1915.0   0.000000
 1917.5   0.000000
 1920.0   0.000000
 1922.5   0.000000
 1925.0   0.000000
 1927.5   0.000000
 1930.0   0.000000
 1932.5   0.000000
 1935.0   0.000000
 1937.5   0.000000
 1940.0   0.000000
 1942.5   0.000000
 1945.0   0.000000
 1947.5   0.000000
 1950.0   0.000000
 1952.5   0.000000
 1955.0   0.000000
 1957.5   0.000000
 1960.0   0.000000
 1962.5   0.000000
 1965.0   0.000000
 1967.5   0.000000
 1970.0   0.000000
 1972.5   0.000000
 1975.0   0.000000
 1977.5   0.000000
 1980.0   0.000000
 1982.5   0.000000
 1985.0   0.000000
 1987.5   0.000000
 1990.0   0.000000
 1992.5   0.000000
 1995.0   0.000000
 1997.5   0.000000
 2000.0   0.000000
 2002.5   0.000000
 2005.0   0.000000
 2007.5   0.000000
 2010.0   0.000000
 2012.5   0.000000
 2015.0   0.000000
 2017.5   0.000000
 2020.0   0.000000
 2022.5   0.000000
 2025.0   0.000000
 2027.5   0.000000
 2030.0   0.000000
 2032.5   0.000000
 2035.0   0.000000
 2037.5   0.000000
 2040.0   0.000000
 2042.5   0.000000
 2045.0   0.000000
 2047.5   0.000000
 2050.0   0.000000
 2052.5   0.000000
 2055.0   0.000000
 2057.5   0.000000
 2060.0   0.000000
 2062.5   0.000000
 2065.0   0.000000
 2067.5   0.000000
 2070.0   0.000000
 2072.5   0.000000
 2075.0   0.000000
 2077.5   0.000000
 2080.0   0.000000
 2082.5   0.000000
 2085.0   0.000000
 2087.5   0.000000
 2090.0   0.000000
 2092.5   0.000000
 2095.0   0.000000
 2097.5   0.000000
 2100.0   0.000000
 2102.5   0.000000
 2105.0   0.000000
 2107.5   0.000000
 2110.0   0.000000
 2112.5   0.000000
 2115.0   0.000000
 2117.5   0.000000
 2120.0   0.000000
 2122.5   0.000000
 2125.0   0.000000
 2127.5   0.000000
 2130.0   0.000000
 2132.5   0.000000
 2135.0   0.000000
 2137.5   0.000000
 2140.0   0.000000
 2142.5   0.000000
 2145.0   0.000000
 2147.5   0.000000
 2150.0   0.000000
 2152.5   0.000000
 2155.0   0.000000
 2157.5   0.000000
 2160.0   0.000000
 2162.5   0.000000
 2165.0   0.000000
 2167.5   0.000000
 2170.0   0.000000
 2172.5   0.000000
 2175.0   0.000000
 2177.5   0.000000
 2180.0   0.000000
 2182.5   0.000000
 2185.0   0.000000
 2187.5   0.000000
 2190.0   0.000000
 2192.5   0.000000
 2195.0   0.000000
 2197.5   0.000000
 2200.0   0.000000
 2202.5   0.000000
 2205.0   0.000000
 2207.5   0.000000
 2210.0   0.000000
 2212.5   0.000000
 2215.0   0.000000
 2217.5   0.000000
 2220.0   0.000000
 2222.5   0.000000
 2225.0   0.000000
 2227.5   0.000000
 2230.0   0.000000
 2232.5   0.000000
 2235.0   0.000000
 2237.5   0.000000
 2240.0   0.000000
 2242.5   0.000000
 2245.0   0.000000
 2247.5   0.000000
 2250.0   0.000000
 2252.5   0.000000
 2255.0   0.000000
 2257.5   0.000000
 2260.0   0.000000
 2262.5   0.000000
 2265.0   0.000000
 2267.5   0.000000
 2270.0   0.000000
 2272.5   0.000000
 2275.0   0.000000
 2277.5   0.000000
 2280.0   0.000000
 2282.5   0.000000
 2285.0   0.000000
 2287.5   0.000000
 2290.0   0.000000
 2292.5   0.000000
 2295.0   0.000000
 2297.5   0.000000
 2300.0   0.000000
 2302.5   0.000000
 2305.0   0.000000
 2307.5   0.000000
 2310.0   0.000000
 2312.5   0.000000
 2315.0   0.000000
 2317.5   0.000000
 2320.0   0.000000
 2322.5   0.000000
 2325.0   0.000000
 2327.5   0.000000
 2330.0   0.000000
 2332.5   0.000000
 2335.0   0.000000
 2337.5   0.000000
 2340.0   0.000000
 2342.5   0.000000
 2345.0   0.000000
 2347.5   0.000000
 2350.0   0.000000
 2352.5   0.000000
 2355.0   0.000000
 2357.5   0.000000
 2360.0   0.000000
 2362.5   0.000000
 2365.0   0.000000
 2367.5   0.000000
 2370.0   0.000000
 2372.5   0.000000
 2375.0   0.000000
 2377.5   0.000000
 2380.0   0.000000
 2382.5   0.000000
 2385.0   0.000000
 2387.5   0.000000
 2390.0   0.000000
 2392.5   0.000000
 2395.0   0.000000
 2397.5   0.000000
 2400.0   0.000000
 2402.5   0.000000
 2405.0   0.000000
 2407.5   0.000000
 2410.0   0.000000
 2412.5   0.000000
 2415.0   0.000000
 2417.5   0.000000
 2420.0   0.000000
 2422.5   0.000000
 2425.0   0.000000
 2427.5   0.000000
 2430.0   0.000000
 2432.5   0.000000
 2435.0   0.000000
 2437.5   0.000000
 2440.0   0.000000
 2442.5   0.000000
 2445.0   0.000000
 2447.5   0.000000
 2450.0   0.000000
 2452.5   0.000000
 2455.0   0.000000
 2457.5   0.000000
 2460.0   0.000000
 2462.5   0.000000
 2465.0   0.000000
 2467.5   0.000000
 2470.0   0.000000
 2472.5   0.000000
 2475.0   0.000000
 2477.5   0.000000
 2480.0   0.000000
 2482.5   0.000000
 2485.0   0.000000
 2487.5   0.000000
 2490.0   0.000000
 2492.5   0.000000
 2495.0   0.000000
 2497.5   0.000000
 2500.0   0.000000
 2502.5   0.000000
 2505.0   0.000000
 2507.5   0.000000
 2510.0   0.000000
 2512.5   0.000000
 2515.0   0.000000
 2517.5   0.000000
 2520.0   0.000000
 2522.5   0.000000
 2525.0   0.000000
 2527.5   0.000000
 2530.0   0.000000
 2532.5   0.000000
 2535.0   0.000000
 2537.5   0.000000
 2540.0   0.000000
 2542.5   0.000000
 2545.0   0.000000
 2547.5   0.000000
 2550.0   0.000000
 2552.5   0.000000
 2555.0   0.000000
 2557.5   0.000000
 2560.0   0.000000
 2562.5   0.000000
 2565.0   0.000000
 2567.5   0.000000
 2570.0   0.000000
 2572.5   0.000000
 2575.0   0.000000
 2577.5   0.000000
 2580.0   0.000000
 2582.5   0.000000
 2585.0   0.000000
 2587.5   0.000000
 2590.0   0.000000
 2592.5   0.000000
 2595.0   0.000000
 2597.5   0.000000
 2600.0   0.000000
 2602.5   0.000000
 2605.0   0.000000
 2607.5   0.000000
 2610.0   0.000000
 2612.5   0.000000
 2615.0   0.000000
 2617.5   0.000000
 2620.0   0.000000
 2622.5   0.000000
 2625.0   0.000000
 2627.5   0.000000
 2630.0   0.000000
 2632.5   0.000000
 2635.0   0.000000
 2637.5   0.000000
 2640.0   0.000000
 2642.5   0.000000
 2645.0   0.000000
 2647.5   0.000000
 2650.0   0.000000
 2652.5   0.000000
 2655.0   0.000000
 2657.5   0.000000
 2660.0   0.000000
 2662.5   0.000000
 2665.0   0.000000
 2667.5   0.000000
 2670.0   0.000000
 2672.5   0.000000
 2675.0   0.000000
 2677.5   0.000000
 2680.0   0.000000
 2682.5   0.000000
 2685.0   0.000000
 2687.5   0.000000
 2690.0   0.000000
 2692.5   0.000000
 2695.0   0.000000
 2697.5   0.000000
 2700.0   0.000000
 2702.5   0.000000
 2705.0   0.000000
 2707.5   0.000000
 2710.0   0.000000
 2712.5   0.000000
 2715.0   0.000000
 2717.5   0.000000
 2720.0   0.000000
 2722.5   0.000000
 2725.0   0.000000
 2727.5   0.000000
 2730.0   0.000000
 2732.5   0.000000
 2735.0   0.000000
 2737.5   0.000000
 2740.0   0.000000
 2742.5   0.000000
 2745.0   0.000000
 2747.5   0.000000
 2750.0   0.000000
 2752.5   0.000000
 2755.0   0.000000
 2757.5   0.000000
 2760.0   0.000000
 2762.5   0.000000
 2765.0   0.000000
 2767.5   0.000000
 2770.0   0.000000
 2772.5   0.000000
 2775.0   0.000000
 2777.5   0.000000
 2780.0   0.000000
 2782.5   0.000000
 2785.0   0.000000
 2787.5   0.000000
 2790.0   0.000000
 2792.5   0.000000
 2795.0   0.000000
 2797.5   0.000000
 2800.0   0.000000
 2802.5   0.000000
 2805.0   0.000000
 2807.5   0.000000
 2810.0   0.000000
 2812.5   0.000000
 2815.0   0.000000
 2817.5   0.000000
 2820.0   0.000000
 2822.5   0.000000
 2825.0   0.000000
 2827.5   0.000000
 2830.0   0.000000
 2832.5   0.000000
 2835.0   0.000000
 2837.5   0.000000
 2840.0   0.000000
 2842.5   0.000000
 2845.0   0.000000
 2847.5   0.000000
 2850.0   0.000000
 2852.5   0.000000
 2855.0   0.000000
 2857.5   0.000000
 2860.0   0.000000
 2862.5   0.000000
 2865.0   0.000000
 2867.5   0.000000
 2870.0   0.000000
 2872.5   0.000000
 2875.0   0.000000
 2877.5   0.000000
 2880.0   0.000000
 2882.5   0.000000
 2885.0   0.000000
 2887.5   0.000000
 2890.0   0.000000
 2892.5   0.000000
 2895.0   0.000000
 2897.5   0.000000
 2900.0   0.000000
 2902.5   0.000000
 2905.0   0.000000
 2907.5   0.000000
 2910.0   0.000000
 2912.5   0.000000
 2915.0   0.000000
 2917.5   0.000000
 2920.0   0.000000
 2922.5   0.000000
 2925.0   0.000000
 2927.5   0.000000
 2930.0   0.000000
 2932.5   0.000000
 2935.0   0.000000
 2937.5   0.000000
 2940.0   0.000000
 2942.5   0.000000
 2945.0   0.000000
 2947.5   0.000000
 2950.0   0.000000
 2952.5   0.000000
 2955.0   0.000000
 2957.5   0.000000
 2960.0   0.000000
 2962.5   0.000000
 2965.0   0.000000
 2967.5   0.000000
 2970.0   0.000000
 2972.5   0.000000
 2975.0   0.000000
 2977.5   0.000000
 2980.0   0.000000
 2982.5   0.000000
 2985.0   0.000000
 2987.5   0.000000
 2990.0   0.000000
 2992.5   0.000000
 2995.0   0.000000
 2997.5   0.000001
 3000.0   0.000001
 3002.5   0.000001
 3005.0   0.000000
 3007.5   0.000000
 3010.0   0.000000
 3012.5   0.000000
 3015.0   0.000000
 3017.5   0.000000
 3020.0   0.000000
 3022.5   0.000000
 3025.0   0.000000
 3027.5   0.000000
 3030.0   0.000000
 3032.5   0.000000
 3035.0   0.000000
 3037.5   0.000000
 3040.0   0.000000
 3042.5   0.000000
 3045.0   0.000000
 3047.5   0.000000
 3050.0   0.000000
 3052.5   0.000000
 3055.0   0.000000
 3057.5   0.000000
 3060.0   0.000000
 3062.5   0.000000
 3065.0   0.000000
 3067.5   0.000000
 3070.0   0.000000
 3072.5   0.000000
 3075.0   0.000000
 3077.5   0.000000
 3080.0   0.000000
 3082.5   0.000000
 3085.0   0.000000
 3087.5   0.000000
 3090.0   0.000000
 3092.5   0.000000
 3095.0   0.000000
 3097.5   0.000000
 3100.0   0.000000
 3102.5   0.000000
 3105.0   0.000000
 3107.5   0.000000
 3110.0   0.000000
 3112.5   0.000000
 3115.0   0.000000
 3117.5   0.000000
 3120.0   0.000000
 3122.5   0.000000
 3125.0   0.000000
 3127.5   0.000000
 3130.0   0.000000
 3132.5   0.000000
 3135.0   0.000000
 3137.5   0.000000
 3140.0   0.000000
 3142.5   0.000000
 3145.0   0.000000
 3147.5   0.000000
 3150.0   0.000000
 3152.5   0.000000
 3155.0   0.000000
 3157.5   0.000000
 3160.0   0.000000
 3162.5   0.000000
 3165.0   0.000000
 3167.5   0.000000
 3170.0   0.000000
 3172.5   0.000000
 3175.0   0.000000
 3177.5   0.000000
 3180.0   0.000000
 3182.5   0.000000
 3185.0   0.000000
 3187.5   0.000000
 3190.0   0.000000
 3192.5   0.000000
 3195.0   0.000000
 3197.5   0.000000
 3200.0   0.000000
 3202.5   0.000000
 3205.0   0.000000
 3207.5   0.000000
 3210.0   0.000000
 3212.5   0.000000
 3215.0   0.000000
 3217.5   0.000000
 3220.0   0.000000
 3222.5   0.000000
 3225.0   0.000000
 3227.5   0.000000
 3230.0   0.000000
 3232.5   0.000000
 3235.0   0.000000
 3237.5   0.000000
 3240.0   0.000000
 3242.5   0.000000
 3245.0   0.000000
 3247.5   0.000000
 3250.0   0.000010
 3252.5   0.000033
 3255.0   0.000057
 3257.5   0.000082
 3260.0   0.000107
 3262.5   0.000132
 3265.0   0.000158
 3267.5   0.000185
 3270.0   0.000211
 3272.5   0.000237
 3275.0   0.000264
 3277.5   0.000290
 3280.0   0.000316
 3282.5   0.000341
 3285.0   0.000366
 3287.5   0.000390
 3290.0   0.000414
 3292.5   0.000436
 3295.0   0.000458
 3297.5   0.000479
 3300.0   0.000498
 3302.5   0.000517
 3305.0   0.000533
 3307.5   0.000549
 3310.0   0.000562
 3312.5   0.000575
 3315.0   0.000585
 3317.5   0.000593
 3320.0   0.000599
 3322.5   0.000603
 3325.0   0.000605
 3327.5   0.000605
 3330.0   0.000602
 3332.5   0.000596
 3335.0   0.000588
 3337.5   0.000576
 3340.0   0.000562
 3342.5   0.000545
 3345.0   0.000525
 3347.5   0.000502
 3350.0   0.000475
 3352.5   0.000445
 3355.0   0.000411
 3357.5   0.000373
 3360.0   0.000332
 3362.5   0.000287
 3365.0   0.000238
 3367.5   0.000185
 3370.0   0.000127
 3372.5   0.000065
 3375.0   0.000000
 3377.5   0.000000
 3380.0   0.000000
 3382.5   0.000000
 3385.0   0.000000
 3387.5   0.000000
 3390.0   0.000000
 3392.5   0.000000
 3395.0   0.000000
 3397.5   0.000000
 3400.0   0.000000
 3402.5   0.000000
 3405.0   0.000000
 3407.5   0.000000
 3410.0   0.000000
 3412.5   0.000000
 3415.0   0.000000
 3417.5   0.000000
 3420.0   0.000000
 3422.5   0.000000
 3425.0   0.000000
 3427.5   0.000000
 3430.0   0.000000
 3432.5   0.000000
 3435.0   0.000000
 3437.5   0.000000
 3440.0   0.000000
 3442.5   0.000000
 3445.0   0.000000
 3447.5   0.000000
 3450.0   0.000000
 3452.5   0.000000
 3455.0   0.000000
 3457.5   0.000000
 3460.0   0.000000
 3462.5   0.000000
 3465.0   0.000000
 3467.5   0.000000
 3470.0   0.000000
 3472.5   0.000000
 3475.0   0.000000
 3477.5   0.000000
 3480.0   0.000000
 3482.5   0.000000
 3485.0   0.000000
 3487.5   0.000000
 3490.0   0.000000
 3492.5   0.000000
 3495.0   0.000000
 3497.5   0.000000
 3500.0   0.000000
 3502.5   0.000249
 3505.0   0.000524
 3507.5   0.000816
 3510.0   0.001122
 3512.5   0.001444
 3515.0   0.001779
 3517.5   0.002127
 3520.0   0.002489
 3522.5   0.002862
 3525.0   0.003246
 3527.5   0.003641
 3530.0   0.004046
 3532.5   0.004460
 3535.0   0.004883
 3537.5   0.005314
 3540.0   0.005752
 3542.5   0.006197
 3545.0   0.006647
 3547.5   0.007103
 3550.0   0.007563
 3552.5   0.008028
 3555.0   0.008495
 3557.5   0.008965
 3560.0   0.009437
 3562.5   0.009911
 3565.0   0.010384
 3567.5   0.010858
 3570.0   0.011331
 3572.5   0.011803
 3575.0   0.012272
 3577.5   0.012739
 3580.0   0.013202
 3582.5   0.013661
 3585.0   0.014116
 3587.5   0.014565
 3590.0   0.015008
 3592.5   0.015444
 3595.0   0.015872
 3597.5   0.016293
 3600.0   0.016704
 3602.5   0.017107
 3605.0   0.017499
 3607.5   0.017880
 3610.0   0.018250
 3612.5   0.018607
 3615.0   0.018952
 3617.5   0.019284
 3620.0   0.019601
 3622.5   0.019903
 3625.0   0.020190
 3627.5   0.020461
 3630.0   0.020715
 3632.5   0.020951
 3635.0   0.021170
 3637.5   0.021369
 3640.0   0.021549
 3642.5   0.021709
 3645.0   0.021848
 3647.5   0.021966
 3650.0   0.022061
 3652.5   0.022133
 3655.0   0.022182
 3657.5   0.022207
 3660.0   0.022207
 3662.5   0.022181
 3665.0   0.022130
 3667.5   0.022051
 3670.0   0.021945
 3672.5   0.021810
 3675.0   0.021647
 3677.5   0.021454
 3680.0   0.021231
 3682.5   0.020978
 3685.0   0.020692
 3687.5   0.020375
 3690.0   0.020024
 3692.5   0.019640
 3695.0   0.019222
 3697.5   0.018769
 3700.0   0.018280
 3702.5   0.017755
 3705.0   0.017194
 3707.5   0.016594
 3710.0   0.015957
 3712.5   0.015280
 3715.0   0.014564
 3717.5   0.013808
 3720.0   0.013011
 3722.5   0.012172
 3725.0   0.011291
 3727.5   0.010367
 3730.0   0.009399
 3732.5   0.008388
 3735.0   0.007331
 3737.5   0.006229
 3740.0   0.005080
 3742.5   0.003885
 3745.0   0.002642
 3747.5   0.001350
 3750.0   0.000010
 3752.5   0.000000
 3755.0   0.000000
 3757.5   0.000000
 3760.0   0.000000
 3762.5   0.000000
 3765.0   0.000000
 3767.5   0.000000
 3770.0   0.000000
 3772.5   0.000000
 3775.0   0.000000
 3777.5   0.000000
 3780.0   0.000000
 3782.5   0.000000
 3785.0   0.000000
 3787.5   0.000000
 3790.0   0.000000
 3792.5   0.000000
 3795.0   0.000000
 3797.5   0.000000
 3800.0   0.000000
 3802.5   0.000000
 3805.0   0.000000
 3807.5   0.000000
 3810.0   0.000000
 3812.5   0.000000
 3815.0   0.000000
 3817.5   0.000000
 3820.0   0.000000
 3822.5   0.000000
 3825.0   0.000000
 3827.5   0.000000
 3830.0   0.000000
 3832.5   0.000000
 3835.0   0.000000
 3837.5   0.000000
 3840.0   0.000000
 3842.5   0.000000
 3845.0   0.000000
 3847.5   0.000000
 3850.0   0.000000
 3852.5   0.000000
 3855.0   0.000000
 3857.5   0.000000
 3860.0   0.000000
 3862.5   0.000000
 3865.0   0.000000
 3867.5   0.000000
 3870.0   0.000000
 3872.5   0.000000
 3875.0   0.000100
 3877.5   0.004203
 3880.0   0.008544
 3882.5   0.013097
 3885.0   0.017838
 3887.5   0.022741
 3890.0   0.027780
 3892.5   0.032931
 3895.0   0.038169
 3897.5   0.043467
 3900.0   0.048800
 3902.5   0.054144
 3905.0   0.059473
 3907.5   0.064762
 3910.0   0.069986
 3912.5   0.075118
 3915.0   0.080134
 3917.5   0.085009
 3920.0   0.089717
 3922.5   0.094233
 3925.0   0.098532
 3927.5   0.102588
 3930.0   0.106376
 3932.5   0.109871
 3935.0   0.113048
 3937.5   0.115881
 3940.0   0.118344
 3942.5   0.120414
 3945.0   0.122064
 3947.5   0.123268
 3950.0   0.124003
 3952.5   0.124242
 3955.0   0.123960
 3957.5   0.123132
 3960.0   0.121733
 3962.5   0.119737
 3965.0   0.117120
 3967.5   0.113854
 3970.0   0.109917
 3972.5   0.105281
 3975.0   0.099923
 3977.5   0.093816
 3980.0   0.086935
 3982.5   0.079255
 3985.0   0.070751
 3987.5   0.061397
 3990.0   0.051169
 3992.5   0.040040
 3995.0   0.027986
 3997.5   0.014981
 4000.0   0.001000
 4002.5   0.000000
 4005.0   0.000000
 4007.5   0.000000
 4010.0   0.000000
 4012.5   0.000000
 4015.0   0.000000
 4017.5   0.000000
 4020.0   0.000000
 4022.5   0.000000
 4025.0   0.000000
 4027.5   0.000000
 4030.0   0.000000
 4032.5   0.000000
 4035.0   0.000000
 4037.5   0.000000
 4040.0   0.000000
 4042.5   0.000000
 4045.0   0.000000
 4047.5   0.000000
 4050.0   0.000000
 4052.5   0.000000
 4055.0   0.000000
 4057.5   0.000000
 4060.0   0.000000
 4062.5   0.000000
 4065.0   0.000000
 4067.5   0.000000
 4070.0   0.000000
 4072.5   0.000000
 4075.0   0.000000
 4077.5   0.000000
 4080.0   0.000000
 4082.5   0.000000
 4085.0   0.000000
 4087.5   0.000000
 4090.0   0.000000
 4092.5   0.000000
 4095.0   0.000000
 4097.5   0.000000
 4100.0   0.000000
 4102.5   0.000000
 4105.0   0.000000
 4107.5   0.000000
 4110.0   0.000000
 4112.5   0.000000
 4115.0   0.000000
 4117.5   0.000000
 4120.0   0.000000
 4122.5   0.000000
 4125.0   0.000000
 4127.5   0.000000
 4130.0   0.000000
 4132.5   0.019197
 4135.0   0.071151
 4137.5   0.041541
 4140.0   0.033312
 4142.5   0.037662
 4145.0   0.038325
 4147.5   0.054212
 4150.0   0.066777
 4152.5   0.033759
 4155.0   0.048172
 4157.5   0.064997
 4160.0   0.067275
 4162.5   0.036289
 4165.0   0.031997
 4167.5   0.044167
 4170.0   0.049046
 4172.5   0.022582
 4175.0   0.019910
 4177.5   0.065012
 4180.0   0.046336
 4182.5   0.049583
 4185.0   0.072002
 4187.5   0.061786
 4190.0   0.072051
 4192.5   0.040316
 4195.0   0.037058
 4197.5   0.037557
 4200.0   0.049820
 4202.5   0.063871
 4205.0   0.074510
 4207.5   0.018461
 4210.0   0.048624
 4212.5   0.044088
 4215.0   0.040044
 4217.5   0.037625
 4220.0   0.028763
 4222.5   0.021711
 4225.0   0.018532
 4227.5   0.007381
 4230.0   0.027427
 4232.5   0.027673
 4235.0   0.032986
 4237.5   0.042058
 4240.0   0.027297
 4242.5   0.036158
 4245.0   0.046549
 4247.5   0.045547
 4250.0   0.041963
 4252.5   0.024464
 4255.0   0.035475
 4257.5   0.036024
 4260.0   0.038420
 4262.5   0.035248
 4265.0   0.040521
 4267.5   0.040956
 4270.0   0.036664
 4272.5   0.032385
 4275.0   0.042624
 4277.5   0.049341
 4280.0   0.046544
 4282.5   0.043917
 4285.0   0.050251
 4287.5   0.030198
 4290.0   0.046624
 4292.5   0.054161
 4295.0   0.039049
 4297.5   0.042734
 4300.0   0.029696
 4302.5   0.046370
 4305.0   0.041931
 4307.5   0.038103
 4310.0   0.056667
 4312.5   0.048654
 4315.0   0.036729
 4317.5   0.051228
 4320.0   0.058360
 4322.5   0.058395
 4325.0   0.047479
 4327.5   0.059263
 4330.0   0.058505
 4332.5   0.076753
 4335.0   0.077030
 4337.5   0.073623
 4340.0   0.070557
 4342.5   0.067446
 4345.0   0.069687
 4347.5   0.064902
 4350.0   0.059045
 4352.5   0.050861
 4355.0   0.052028
 4357.5   0.055123
 4360.0   0.048550
 4362.5   0.060319
 4365.0   0.059012
 4367.5   0.057841
 4370.0   0.052785
 4372.5   0.062237
 4375.0   0.063658
 4377.5   0.050184
 4380.0   0.065470
 4382.5   0.044137
 4385.0   0.066349
 4387.5   0.055750
 4390.0   0.069650
 4392.5   0.061861
 4395.0   0.061852
 4397.5   0.069076
 4400.0   0.068636
 4402.5   0.051183
 4405.0   0.063697
 4407.5   0.068204
 4410.0   0.068005
 4412.5   0.076865
 4415.0   0.078475
 4417.5   0.072361
 4420.0   0.076205
 4422.5   0.072976
 4425.0   0.070109
 4427.5   0.073661
 4430.0   0.079941
 4432.5   0.065478
 4435.0   0.070730
 4437.5   0.080927
 4440.0   0.081212
 4442.5   0.087387
 4445.0   0.088504
 4447.5   0.088030
 4450.0   0.092931
 4452.5   0.060086
 4455.0   0.069883
 4457.5   0.087537
 4460.0   0.080717
 4462.5   0.088677
 4465.0   0.087280
 4467.5   0.094347
 4470.0   0.113599
 4472.5   0.097067
 4475.0   0.102463
 4477.5   0.100160
 4480.0   0.092335
 4482.5   0.102067
 4485.0   0.102506
 4487.5   0.098813
 4490.0   0.111885
 4492.5   0.101517
 4495.0   0.092413
 4497.5   0.110386
 4500.0   0.113991
 4502.5   0.106162
 4505.0   0.101372
 4507.5   0.099253
 4510.0   0.096627
 4512.5   0.100051
 4515.0   0.102559
 4517.5   0.109444
 4520.0   0.112381
 4522.5   0.116436
 4525.0   0.101611
 4527.5   0.110458
 4530.0   0.114826
 4532.5   0.090027
 4535.0   0.104258
 4537.5   0.126585
 4540.0   0.123086
 4542.5   0.119991
 4545.0   0.103537
 4547.5   0.102936
 4550.0   0.111674
 4552.5   0.106875
 4555.0   0.122379
 4557.5   0.133067
 4560.0   0.130285
 4562.5   0.138184
 4565.0   0.126947
 4567.5   0.124694
 4570.0   0.134160
 4572.5   0.126838
 4575.0   0.124681
 4577.5   0.117275
 4580.0   0.117963
 4582.5   0.112520
 4585.0   0.091744
 4587.5   0.096800
 4590.0   0.104632
 4592.5   0.107225
 4595.0   0.123987
 4597.5   0.115372
 4600.0   0.098986
 4602.5   0.133067
 4605.0   0.096735
 4607.5   0.142917
 4610.0   0.148230
 4612.5   0.139237
 4615.0   0.156024
 4617.5   0.143892
 4620.0   0.147476
 4622.5   0.144898
 4625.0   0.102518
 4627.5   0.098445
 4630.0   0.124755
 4632.5   0.111101
 4635.0   0.120355
 4637.5   0.115028
 4640.0   0.131801
 4642.5   0.132356
 4645.0   0.113403
 4647.5   0.123177
 4650.0   0.118100
 4652.5   0.122151
 4655.0   0.132041
 4657.5   0.145860
 4660.0   0.153381
 4662.5   0.143055
 4665.0   0.138228
 4667.5   0.120566
 4670.0   0.097930
 4672.5   0.110048
 4675.0   0.106634
 4677.5   0.112912
 4680.0   0.096449
 4682.5   0.124517
 4685.0   0.126098
 4687.5   0.131683
 4690.0   0.127309
 4692.5   0.123522
 4695.0   0.136852
 4697.5   0.139418
 4700.0   0.152283
 4702.5   0.142597
 4705.0   0.137032
 4707.5   0.141129
 4710.0   0.147485
 4712.5   0.135386
 4715.0   0.123194
 4717.5   0.127415
 4720.0   0.130182
 4722.5   0.136009
 4725.0   0.144419
 4727.5   0.142065
 4730.0   0.153032
 4732.5   0.134997
 4735.0   0.136396
 4737.5   0.142616
 4740.0   0.138698
 4742.5   0.149084
 4745.0   0.158241
 4747.5   0.155564
 4750.0   0.156222
 4752.5   0.163979
 4755.0   0.156598
 4757.5   0.126214
 4760.0   0.094040
 4762.5   0.087935
 4765.0   0.085889
 4767.5   0.085546
 4770.0   0.096955
 4772.5   0.104051
 4775.0   0.100228
 4777.5   0.092107
 4780.0   0.097496
 4782.5   0.106176
 4785.0   0.105562
 4787.5   0.117782
 4790.0   0.123740
 4792.5   0.129046
 4795.0   0.132549
 4797.5   0.132295
 4800.0   0.131452
 4802.5   0.110484
 4805.0   0.096357
 4807.5   0.093946
 4810.0   0.098475
 4812.5   0.110494
 4815.0   0.117853
 4817.5   0.118767
 4820.0   0.127124
 4822.5   0.131690
 4825.0   0.123775
 4827.5   0.123739
 4830.0   0.124690
 4832.5   0.161394
 4835.0   0.148362
 4837.5   0.150317
 4840.0   0.117083
 4842.5   0.117408
 4845.0   0.132492
 4847.5   0.118122
 4850.0   0.110523
 4852.5   0.128470
 4855.0   0.137522
 4857.5   0.141860
 4860.0   0.139446
 4862.5   0.137103
 4865.0   0.133018
 4867.5   0.138327
 4870.0   0.137388
 4872.5   0.139322
 4875.0   0.139608
 4877.5   0.147957
 4880.0   0.138040
 4882.5   0.154117
 4885.0   0.155130
 4887.5   0.152645
 4890.0   0.150770
 4892.5   0.157409
 4895.0   0.156697
 4897.5   0.149907
 4900.0   0.164069
 4902.5   0.171377
 4905.0   0.183761
 4907.5   0.187541
 4910.0   0.190722
 4912.5   0.188289
 4915.0   0.183437
 4917.5   0.178242
 4920.0   0.211580
 4922.5   0.203452
 4925.0   0.213368
 4927.5   0.222466
 4930.0   0.204299
 4932.5   0.195912
 4935.0   0.210612
 4937.5   0.208494
 4940.0   0.215679
 4942.5   0.228537
 4945.0   0.232816
 4947.5   0.251738
 4950.0   0.249600
 4952.5   0.148488
 4955.0   0.089956
 4957.5   0.100453
 4960.0   0.106365
 4962.5   0.107188
 4965.0   0.124604
 4967.5   0.148080
 4970.0   0.146451
 4972.5   0.149939
 4975.0   0.157299
 4977.5   0.150401
 4980.0   0.124246
 4982.5   0.163296
 4985.0   0.159258
 4987.5   0.155848
 4990.0   0.161931
 4992.5   0.160287
 4995.0   0.166915
 4997.5   0.122176
 5000.0   0.126725
 5002.5   0.122698
 5005.0   0.118502
 5007.5   0.131897
 5010.0   0.128724
 5012.5   0.119603
 5015.0   0.136717
 5017.5   0.145863
 5020.0   0.125290
 5022.5   0.140744
 5025.0   0.137764
 5027.5   0.141619
 5030.0   0.158718
 5032.5   0.157639
 5035.0   0.149424
 5037.5   0.146997
 5040.0   0.153616
 5042.5   0.168413
 5045.0   0.176966
 5047.5   0.152731
 5050.0   0.160278
 5052.5   0.144801
 5055.0   0.153543
 5057.5   0.156710
 5060.0   0.166102
 5062.5   0.153725
 5065.0   0.160463
 5067.5   0.160377
 5070.0   0.150325
 5072.5   0.174955
 5075.0   0.158122
 5077.5   0.155695
 5080.0   0.145543
 5082.5   0.164496
 5085.0   0.170237
 5087.5   0.152092
 5090.0   0.171706
 5092.5   0.154968
 5095.0   0.177235
 5097.5   0.157347
 5100.0   0.141873
 5102.5   0.147548
 5105.0   0.148186
 5107.5   0.168057
 5110.0   0.166748
 5112.5   0.183008
 5115.0   0.184753
 5117.5   0.167496
 5120.0   0.174508
 5122.5   0.150500
 5125.0   0.146224
 5127.5   0.138179
 5130.0   0.182567
 5132.5   0.165341
 5135.0   0.194054
 5137.5   0.169211
 5140.0   0.177863
 5142.5   0.166478
 5145.0   0.159121
 5147.5   0.165511
 5150.0   0.148767
 5152.5   0.138488
 5155.0   0.187448
 5157.5   0.197239
 5160.0   0.218367
 5162.5   0.212834
 5165.0   0.114643
 5167.5   0.086261
 5170.0   0.087697
 5172.5   0.089100
 5175.0   0.093144
 5177.5   0.089613
 5180.0   0.094725
 5182.5   0.120323
 5185.0   0.147452
 5187.5   0.156799
 5190.0   0.143162
 5192.5   0.152674
 5195.0   0.172252
 5197.5   0.155828
 5200.0   0.147167
 5202.5   0.121835
 5205.0   0.111426
 5207.5   0.098215
 5210.0   0.179379
 5212.5   0.205326
 5215.0   0.208834
 5217.5   0.212296
 5220.0   0.225531
 5222.5   0.208949
 5225.0   0.206223
 5227.5   0.242445
 5230.0   0.227287
 5232.5   0.232220
 5235.0   0.235585
 5237.5   0.219053
 5240.0   0.200059
 5242.5   0.214956
 5245.0   0.181384
 5247.5   0.210215
 5250.0   0.207201
 5252.5   0.229812
 5255.0   0.234370
 5257.5   0.224057
 5260.0   0.186890
 5262.5   0.180594
 5265.0   0.206968
 5267.5   0.161194
 5270.0   0.213633
 5272.5   0.240971
 5275.0   0.238076
 5277.5   0.224248
 5280.0   0.223840
 5282.5   0.243794
 5285.0   0.262271
 5287.5   0.249679
 5290.0   0.245942
 5292.5   0.265878
 5295.0   0.220566
 5297.5   0.243589
 5300.0   0.262822
 5302.5   0.276099
 5305.0   0.240614
 5307.5   0.244036
 5310.0   0.240997
 5312.5   0.245088
 5315.0   0.252219
 5317.5   0.241853
 5320.0   0.251588
 5322.5   0.244197
 5325.0   0.222727
 5327.5   0.231394
 5330.0   0.246805
 5332.5   0.252131
 5335.0   0.240626
 5337.5   0.255709
 5340.0   0.248340
 5342.5   0.252407
 5345.0   0.241759
 5347.5   0.257782
 5350.0   0.296281
 5352.5   0.275009
 5355.0   0.277705
 5357.5   0.254133
 5360.0   0.260043
 5362.5   0.257595
 5365.0   0.270015
 5367.5   0.254966
 5370.0   0.241508
 5372.5   0.279198
 5375.0   0.278608
 5377.5   0.302591
 5380.0   0.284377
 5382.5   0.294259
 5385.0   0.303105
 5387.5   0.296637
 5390.0   0.289690
 5392.5   0.270169
 5395.0   0.258582
 5397.5   0.312587
 5400.0   0.314288
 5402.5   0.280244
 5405.0   0.283403
 5407.5   0.256526
 5410.0   0.281566
 5412.5   0.304874
 5415.0   0.309981
 5417.5   0.308432
 5420.0   0.307151
 5422.5   0.300651
 5425.0   0.323307
 5427.5   0.271401
 5430.0   0.282536
 5432.5   0.282019
 5435.0   0.317787
 5437.5   0.322866
 5440.0   0.333193
 5442.5   0.327330
 5445.0   0.243504
 5447.5   0.175202
 5450.0   0.172012
 5452.5   0.174622
 5455.0   0.177996
 5457.5   0.183671
 5460.0   0.203172
 5462.5   0.210901
 5465.0   0.234197
 5467.5   0.214064
 5470.0   0.228010
 5472.5   0.223221
 5475.0   0.219482
 5477.5   0.231326
 5480.0   0.235023
 5482.5   0.242913
 5485.0   0.235415
 5487.5   0.243415
 5490.0   0.251902
 5492.5   0.250748
 5495.0   0.200465
 5497.5   0.181394
 5500.0   0.180488
 5502.5   0.178962
 5505.0   0.185022
 5507.5   0.193383
 5510.0   0.171083
 5512.5   0.174639
 5515.0   0.186251
 5517.5   0.181908
 5520.0   0.190097
 5522.5   0.175292
 5525.0   0.180686
 5527.5   0.179510
 5530.0   0.172517
 5532.5   0.166490
 5535.0   0.160353
 5537.5   0.165148
 5540.0   0.167292
 5542.5   0.169298
 5545.0   0.165745
 5547.5   0.181484
 5550.0   0.182496
 5552.5   0.192847
 5555.0   0.196011
 5557.5   0.214077
 5560.0   0.206096
 5562.5   0.221222
 5565.0   0.219225
 5567.5   0.231466
 5570.0   0.239720
 5572.5   0.226745
 5575.0   0.267233
 5577.5   0.372345
 5580.0   0.253917
 5582.5   0.265692
 5585.0   0.258903
 5587.5   0.237186
 5590.0   0.262522
 5592.5   0.253248
 5595.0   0.212458
 5597.5   0.197257
 5600.0   0.220264
 5602.5   0.211048
 5605.0   0.219655
 5607.5   0.230970
 5610.0   0.236640
 5612.5   0.225431
 5615.0   0.217969
 5617.5   0.209934
 5620.0   0.219971
 5622.5   0.225740
 5625.0   0.226932
 5627.5   0.187632
 5630.0   0.211233
 5632.5   0.222187
 5635.0   0.212569
 5637.5   0.217085
 5640.0   0.217842
 5642.5   0.222305
 5645.0   0.233750
 5647.5   0.247900
 5650.0   0.253187
 5652.5   0.265136
 5655.0   0.263109
 5657.5   0.267915
 5660.0   0.230405
 5662.5   0.236034
 5665.0   0.235310
 5667.5   0.226356
 5670.0   0.223624
 5672.5   0.233128
 5675.0   0.245124
 5677.5   0.249851
 5680.0   0.243972
 5682.5   0.271119
 5685.0   0.253712
 5687.5   0.255897
 5690.0   0.267993
 5692.5   0.262776
 5695.0   0.268241
 5697.5   0.279480
 5700.0   0.280809
 5702.5   0.280421
 5705.0   0.297378
 5707.5   0.303319
 5710.0   0.288066
 5712.5   0.283146
 5715.0   0.272810
 5717.5   0.275981
 5720.0   0.279880
 5722.5   0.286113
 5725.0   0.277550
 5727.5   0.296180
 5730.0   0.300343
 5732.5   0.299064
 5735.0   0.294158
 5737.5   0.294447
 5740.0   0.301895
 5742.5   0.312997
 5745.0   0.322351
 5747.5   0.335700
 5750.0   0.340561
 5752.5   0.338803
 5755.0   0.337904
 5757.5   0.286911
 5760.0   0.249578
 5762.5   0.253407
 5765.0   0.261563
 5767.5   0.272615
 5770.0   0.282792
 5772.5   0.278216
 5775.0   0.279074
 5777.5   0.287344
 5780.0   0.296609
 5782.5   0.302359
 5785.0   0.309431
 5787.5   0.304333
 5790.0   0.317297
 5792.5   0.330413
 5795.0   0.333440
 5797.5   0.349525
 5800.0   0.346743
 5802.5   0.355128
 5805.0   0.351606
 5807.5   0.320554
 5810.0   0.279408
 5812.5   0.257011
 5815.0   0.252471
 5817.5   0.248075
 5820.0   0.255008
 5822.5   0.262603
 5825.0   0.265064
 5827.5   0.282865
 5830.0   0.292544
 5832.5   0.295124
 5835.0   0.286907
 5837.5   0.272556
 5840.0   0.286946
 5842.5   0.286107
 5845.0   0.255145
 5847.5   0.216358
 5850.0   0.213984
 5852.5   0.220370
 5855.0   0.213024
 5857.5   0.223832
 5860.0   0.204860
 5862.5   0.199232
 5865.0   0.207347
 5867.5   0.206025
 5870.0   0.183762
 5872.5   0.209681
 5875.0   0.190462
 5877.5   0.167811
 5880.0   0.154352
 5882.5   0.138399
 5885.0   0.097527
 5887.5   0.084095
 5890.0   0.094296
 5892.5   0.084841
 5895.0   0.096685
 5897.5   0.114319
 5900.0   0.136295
 5902.5   0.142461
 5905.0   0.140879
 5907.5   0.153110
 5910.0   0.149885
 5912.5   0.163352
 5915.0   0.170414
 5917.5   0.169337
 5920.0   0.155009
 5922.5   0.163023
 5925.0   0.163758
 5927.5   0.174565
 5930.0   0.180440
 5932.5   0.185325
 5935.0   0.194824
 5937.5   0.202918
 5940.0   0.199776
 5942.5   0.201721
 5945.0   0.195714
 5947.5   0.177372
 5950.0   0.183998
 5952.5   0.189196
 5955.0   0.173356
 5957.5   0.173179
 5960.0   0.184128
 5962.5   0.183971
 5965.0   0.191250
 5967.5   0.190552
 5970.0   0.184978
 5972.5   0.192472
 5975.0   0.198470
 5977.5   0.193517
 5980.0   0.206615
 5982.5   0.212494
 5985.0   0.219113
 5987.5   0.216756
 5990.0   0.232765
 5992.5   0.241889
 5995.0   0.233862
 5997.5   0.219976
 6000.0   0.217105
 6002.5   0.217878
 6005.0   0.211560
 6007.5   0.223848
 6010.0   0.225200
 6012.5   0.230591
 6015.0   0.238282
 6017.5   0.236319
 6020.0   0.243710
 6022.5   0.242580
 6025.0   0.243230
 6027.5   0.245617
 6030.0   0.253059
 6032.5   0.252576
 6035.0   0.222902
 6037.5   0.249411
 6040.0   0.261210
 6042.5   0.269676
 6045.0   0.272644
 6047.5   0.275682
 6050.0   0.264987
 6052.5   0.268912
 6055.0   0.266553
 6057.5   0.273956
 6060.0   0.267925
 6062.5   0.249289
 6065.0   0.275043
 6067.5   0.290157
 6070.0   0.270988
 6072.5   0.285323
 6075.0   0.296604
 6077.5   0.254886
 6080.0   0.263776
 6082.5   0.277163
 6085.0   0.282569
 6087.5   0.279070
 6090.0   0.296254
 6092.5   0.308894
 6095.0   0.314952
 6097.5   0.299290
 6100.0   0.248602
 6102.5   0.285756
 6105.0   0.309464
 6107.5   0.289741
 6110.0   0.300760
 6112.5   0.299967
 6115.0   0.284722
 6117.5   0.274404
 6120.0   0.242888
 6122.5   0.290268
 6125.0   0.307076
 6127.5   0.300412
 6130.0   0.295103
 6132.5   0.298735
 6135.0   0.297298
 6137.5   0.307505
 6140.0   0.305363
 6142.5   0.314641
 6145.0   0.295447
 6147.5   0.251537
 6150.0   0.273003
 6152.5   0.250927
 6155.0   0.236150
 6157.5   0.169699
 6160.0   0.146562
 6162.5   0.158852
 6165.0   0.168835
 6167.5   0.170652
 6170.0   0.180861
 6172.5   0.154731
 6175.0   0.171613
 6177.5   0.182794
 6180.0   0.178179
 6182.5   0.160815
 6185.0   0.143584
 6187.5   0.146449
 6190.0   0.140365
 6192.5   0.144816
 6195.0   0.147481
 6197.5   0.157403
 6200.0   0.157821
 6202.5   0.161463
 6205.0   0.167462
 6207.5   0.164490
 6210.0   0.161178
 6212.5   0.133888
 6215.0   0.134581
 6217.5   0.145114
 6220.0   0.136920
 6222.5   0.121596
 6225.0   0.121722
 6227.5   0.131885
 6230.0   0.134803
 6232.5   0.143939
 6235.0   0.137623
 6237.5   0.139094
 6240.0   0.142190
 6242.5   0.144057
 6245.0   0.150930
 6247.5   0.157774
 6250.0   0.162782
 6252.5   0.168687
 6255.0   0.171203
 6257.5   0.175624
 6260.0   0.190187
 6262.5   0.192048
 6265.0   0.184731
 6267.5   0.191520
 6270.0   0.204316
 6272.5   0.190581
 6275.0   0.189486
 6277.5   0.180642
 6280.0   0.200246
 6282.5   0.212628
 6285.0   0.227744
 6287.5   0.228995
 6290.0   0.229502
 6292.5   0.226246
 6295.0   0.237318
 6297.5   0.250308
 6300.0   0.282541
 6302.5   0.264514
 6305.0   0.277047
 6307.5   0.289402
 6310.0   0.295655
 6312.5   0.306666
 6315.0   0.304983
 6317.5   0.312012
 6320.0   0.299176
 6322.5   0.306742
 6325.0   0.314216
 6327.5   0.338089
 6330.0   0.354768
 6332.5   0.348678
 6335.0   0.352480
 6337.5   0.384954
 6340.0   0.384043
 6342.5   0.382906
 6345.0   0.396926
 6347.5   0.401071
 6350.0   0.367037
 6352.5   0.364647
 6355.0   0.331523
 6357.5   0.354649
 6360.0   0.342181
 6362.5   0.348548
 6365.0   0.355239
 6367.5   0.355995
 6370.0   0.359121
 6372.5   0.357823
 6375.0   0.342545
 6377.5   0.310562
 6380.0   0.317450
 6382.5   0.318551
 6385.0   0.308636
 6387.5   0.339413
 6390.0   0.350200
 6392.5   0.386721
 6395.0   0.397766
 6397.5   0.401460
 6400.0   0.422487
 6402.5   0.438136
 6405.0   0.446018
 6407.5   0.450309
 6410.0   0.461124
 6412.5   0.428934
 6415.0   0.433692
 6417.5   0.415616
 6420.0   0.417450
 6422.5   0.419415
 6425.0   0.429839
 6427.5   0.454706
 6430.0   0.454300
 6432.5   0.457667
 6435.0   0.432739
 6437.5   0.432373
 6440.0   0.492457
 6442.5   0.497955
 6445.0   0.455053
 6447.5   0.445961
 6450.0   0.487763
 6452.5   0.485671
 6455.0   0.502682
 6457.5   0.497922
 6460.0   0.437527
 6462.5   0.503467
 6465.0   0.549283
 6467.5   0.539930
 6470.0   0.534620
 6472.5   0.571737
 6475.0   0.520938
 6477.5   0.504155
 6480.0   0.485125
 6482.5   0.459641
 6485.0   0.487697
 6487.5   0.507392
 6490.0   0.480383
 6492.5   0.475396
 6495.0   0.509425
 6497.5   0.520181
 6500.0   0.565728
 6502.5   0.574107
 6505.0   0.580042
 6507.5   0.584811
 6510.0   0.562593
 6512.5   0.574054
 6515.0   0.558626
 6517.5   0.569326
 6520.0   0.615573
 6522.5   0.610320
 6525.0   0.635955
 6527.5   0.643530
 6530.0   0.633806
 6532.5   0.654061
 6535.0   0.672876
 6537.5   0.686846
 6540.0   0.662403
 6542.5   0.609733
 6545.0   0.586847
 6547.5   0.556734
 6550.0   0.556112
 6552.5   0.553160
 6555.0   0.574280
 6557.5   0.566508
 6560.0   0.558365
 6562.5   0.550240
 6565.0   0.542195
 6567.5   0.523968
 6570.0   0.478760
 6572.5   0.514741
 6575.0   0.497056
 6577.5   0.493641
 6580.0   0.519587
 6582.5   0.540390
 6585.0   0.549655
 6587.5   0.539253
 6590.0   0.507880
 6592.5   0.492423
 6595.0   0.508754
 6597.5   0.508023
 6600.0   0.510085
 6602.5   0.499655
 6605.0   0.503742
 6607.5   0.497102
 6610.0   0.516091
 6612.5   0.499409
 6615.0   0.483481
 6617.5   0.465737
 6620.0   0.457646
 6622.5   0.427906
 6625.0   0.420664
 6627.5   0.452045
 6630.0   0.462604
 6632.5   0.414293
 6635.0   0.400664
 6637.5   0.424832
 6640.0   0.443421
 6642.5   0.440200
 6645.0   0.437302
 6647.5   0.377669
 6650.0   0.331244
 6652.5   0.360833
 6655.0   0.355848
 6657.5   0.367164
 6660.0   0.378058
 6662.5   0.390023
 6665.0   0.406631
 6667.5   0.413577
 6670.0   0.409643
 6672.5   0.401795
 6675.0   0.423639
 6677.5   0.350478
 6680.0   0.298319
 6682.5   0.323324
 6685.0   0.334485
 6687.5   0.334422
 6690.0   0.332669
 6692.5   0.342382
 6695.0   0.351093
 6697.5   0.359063
 6700.0   0.369931
 6702.5   0.370384
 6705.0   0.377485
 6707.5   0.381968
 6710.0   0.356003
 6712.5   0.312299
 6715.0   0.279918
 6717.5   0.281113
 6720.0   0.290518
 6722.5   0.310225
 6725.0   0.315109
 6727.5   0.311188
 6730.0   0.320652
 6732.5   0.322116
 6735.0   0.335595
 6737.5   0.342401
 6740.0   0.346747
 6742.5   0.344956
 6745.0   0.300889
 6747.5   0.297965
 6750.0   0.310317
 6752.5   0.316792
 6755.0   0.327697
 6757.5   0.316854
 6760.0   0.339869
 6762.5   0.351996
 6765.0   0.352496
 6767.5   0.354422
 6770.0   0.350674
 6772.5   0.370336
 6775.0   0.365034
 6777.5   0.357772
 6780.0   0.299182
 6782.5   0.292525
 6785.0   0.302452
 6787.5   0.309860
 6790.0   0.309794
 6792.5   0.319790
 6795.0   0.323064
 6797.5   0.336973
 6800.0   0.338085
 6802.5   0.329471
 6805.0   0.332608
 6807.5   0.336086
 6810.0   0.355514
 6812.5   0.326031
 6815.0   0.320528
 6817.5   0.327997
 6820.0   0.328749
 6822.5   0.343166
 6825.0   0.347855
 6827.5   0.362140
 6830.0   0.354102
 6832.5   0.353058
 6835.0   0.357334
 6837.5   0.361486
 6840.0   0.369377
 6842.5   0.361106
 6845.0   0.353574
 6847.5   0.334432
 6850.0   0.321174
 6852.5   0.346033
 6855.0   0.333991
 6857.5   0.328330
 6860.0   0.341282
 6862.5   0.356173
 6865.0   0.351165
 6867.5   0.303575
 6870.0   0.351642
 6872.5   0.367260
 6875.0   0.365836
 6877.5   0.363882
 6880.0   0.367593
 6882.5   0.345002
 6885.0   0.371861
 6887.5   0.368673
 6890.0   0.385066
 6892.5   0.388806
 6895.0   0.387204
 6897.5   0.357885
 6900.0   0.353331
 6902.5   0.402891
 6905.0   0.426586
 6907.5   0.429473
 6910.0   0.445437
 6912.5   0.433162
 6915.0   0.370900
 6917.5   0.364907
 6920.0   0.441638
 6922.5   0.457889
 6925.0   0.457631
 6927.5   0.474984
 6930.0   0.486086
 6932.5   0.485323
 6935.0   0.505311
 6937.5   0.500622
 6940.0   0.547680
 6942.5   0.557992
 6945.0   0.584601
 6947.5   0.574828
 6950.0   0.536225
 6952.5   0.547387
 6955.0   0.536257
 6957.5   0.548292
 6960.0   0.546448
 6962.5   0.581665
 6965.0   0.587806
 6967.5   0.554750
 6970.0   0.563066
 6972.5   0.600336
 6975.0   0.586785
 6977.5   0.602142
 6980.0   0.617387
 6982.5   0.619708
 6985.0   0.610295
 6987.5   0.598261
 6990.0   0.591709
 6992.5   0.608064
 6995.0   0.621354
 6997.5   0.609445
 7000.0   0.644510
 7002.5   0.624183
 7005.0   0.647915
 7007.5   0.634464
 7010.0   0.685217
 7012.5   0.681684
 7015.0   0.675636
 7017.5   0.726485
 7020.0   0.677153
 7022.5   0.665978
 7025.0   0.771159
 7027.5   0.794944
 7030.0   0.756858
 7032.5   0.857070
 7035.0   0.861402
 7037.5   0.843707
 7040.0   0.854655
 7042.5   0.902855
 7045.0   0.915549
 7047.5   0.893456
 7050.0   0.804061
 7052.5   0.444856
 7055.0   0.517347
 7057.5   0.446780
 7060.0   0.463343
 7062.5   0.506524
 7065.0   0.517541
 7067.5   0.548253
 7070.0   0.585952
 7072.5   0.555439
 7075.0   0.563246
 7077.5   0.576070
 7080.0   0.585701
 7082.5   0.569649
 7085.0   0.389278
 7087.5   0.355314
 7090.0   0.385794
 7092.5   0.370294
 7095.0   0.403679
 7097.5   0.411481
 7100.0   0.410640
 7102.5   0.438860
 7105.0   0.467043
 7107.5   0.503236
 7110.0   0.496174
 7112.5   0.486307
 7115.0   0.520641
 7117.5   0.550921
 7120.0   0.535962
 7122.5   0.345761
 7125.0   0.283979
 7127.5   0.318608
 7130.0   0.292957
 7132.5   0.312467
 7135.0   0.315788
 7137.5   0.326956
 7140.0   0.358051
 7142.5   0.358430
 7145.0   0.363675
 7147.5   0.367528
 7150.0   0.391643
 7152.5   0.439162
 7155.0   0.410015
 7157.5   0.379160
 7160.0   0.392103
 7162.5   0.382923
 7165.0   0.408219
 7167.5   0.419464
 7170.0   0.430324
 7172.5   0.413582
 7175.0   0.441965
 7177.5   0.477074
 7180.0   0.474257
 7182.5   0.496076
 7185.0   0.485719
 7187.5   0.515821
 7190.0   0.508728
 7192.5   0.489106
 7195.0   0.431147
 7197.5   0.426531
 7200.0   0.409801
 7202.5   0.453124
 7205.0   0.446768
 7207.5   0.464664
 7210.0   0.471090
 7212.5   0.490516
 7215.0   0.500661
 7217.5   0.499103
 7220.0   0.517475
 7222.5   0.548259
 7225.0   0.579638
 7227.5   0.537932
 7230.0   0.541144
 7232.5   0.566606
 7235.0   0.552036
 7237.5   0.567565
 7240.0   0.560157
 7242.5   0.581001
 7245.0   0.616729
 7247.5   0.631654
 7250.0   0.624969
 7252.5   0.620702
 7255.0   0.671660
 7257.5   0.662404
 7260.0   0.679588
 7262.5   0.700353
 7265.0   0.668978
 7267.5   0.659890
 7270.0   0.654585
 7272.5   0.695171
 7275.0   0.694098
 7277.5   0.729329
 7280.0   0.880705
 7282.5   0.760122
 7285.0   0.765551
 7287.5   0.765306
 7290.0   0.771306
 7292.5   0.818036
 7295.0   0.796578
 7297.5   0.805076
 7300.0   0.808165
 7302.5   0.824155
 7305.0   0.891638
 7307.5   0.856762
 7310.0   0.852139
 7312.5   0.887288
 7315.0   0.890491
 7317.5   0.830212
 7320.0   0.913555
 7322.5   0.858903
 7325.0   0.907225
 7327.5   0.899369
 7330.0   0.921209
 7332.5   0.938393
 7335.0   0.963259
 7337.5   0.978906
 7340.0   0.924818
 7342.5   0.893423
 7345.0   0.903216
 7347.5   0.942461
 7350.0   0.914217
 7352.5   0.925046
 7355.0   0.946432
 7357.5   0.993654
 7360.0   0.960240
 7362.5   0.972591
 7365.0   1.016901
 7367.5   1.027194
 7370.0   1.018821
 7372.5   1.024080
 7375.0   1.068343
 7377.5   1.042200
 7380.0   1.035897
 7382.5   1.007593
 7385.0   1.054449
 7387.5   1.047927
 7390.0   1.020020
 7392.5   1.049964
 7395.0   1.049458
 7397.5   1.012700
 7400.0   1.079411
 7402.5   1.062802
 7405.0   1.049453
 7407.5   1.065722
 7410.0   1.064396
 7412.5   1.088350
 7415.0   1.047825
 7417.5   1.062718
 7420.0   1.080121
 7422.5   1.075808
 7425.0   1.092481
 7427.5   1.103484
 7430.0   1.112952
 7432.5   1.090541
 7435.0   1.125311
 7437.5   1.114603
 7440.0   1.079853
 7442.5   1.069783
 7445.0   1.051887
 7447.5   1.082756
 7450.0   1.100579
 7452.5   1.087304
 7455.0   1.126532
 7457.5   1.123296
 7460.0   1.094540
 7462.5   1.139693
 7465.0   1.130906
 7467.5   1.128423
 7470.0   1.132902
 7472.5   1.166125
 7475.0   1.149661
 7477.5   1.119694
 7480.0   1.145140
 7482.5   1.119273
 7485.0   1.130313
 7487.5   1.117440
 7490.0   1.110886
 7492.5   1.117201
 7495.0   1.166173
 7497.5   1.182906
 7500.0   1.186708
 7502.5   1.178386
 7505.0   1.180387
 7507.5   1.209900
 7510.0   1.192529
 7512.5   1.222382
 7515.0   1.190040
 7517.5   1.187759
 7520.0   1.198695
 7522.5   1.143836
 7525.0   1.134426
 7527.5   1.215803
 7530.0   1.177545
 7532.5   1.195315
 7535.0   1.232858
 7537.5   1.234893
 7540.0   1.237199
 7542.5   1.273627
 7545.0   1.238362
 7547.5   1.276362
 7550.0   1.248032
 7552.5   1.249184
 7555.0   1.258247
 7557.5   1.251841
 7560.0   1.237844
 7562.5   1.207409
 7565.0   1.185605
 7567.5   1.226492
 7570.0   1.282271
 7572.5   1.295492
 7575.0   1.265992
 7577.5   1.322895
 7580.0   1.342618
 7582.5   1.324313
 7585.0   1.232841
 7587.5   0.958351
 7590.0   1.054492
 7592.5   1.039224
 7595.0   0.927935
 7597.5   0.989086
 7600.0   0.913131
 7602.5   0.937060
 7605.0   0.940463
 7607.5   0.951905
 7610.0   1.050750
 7612.5   1.026729
 7615.0   1.108072
 7617.5   1.212586
 7620.0   1.070163
 7622.5   1.010568
 7625.0   0.888640
 7627.5   0.754282
 7630.0   0.899736
 7632.5   0.930410
 7635.0   0.819713
 7637.5   0.956110
 7640.0   0.880148
 7642.5   0.965403
 7645.0   0.946003
 7647.5   0.967970
 7650.0   0.906331
 7652.5   0.981030
 7655.0   0.969053
 7657.5   0.869492
 7660.0   0.546516
 7662.5   0.400651
 7665.0   0.630755
 7667.5   0.768687
 7670.0   0.653909
 7672.5   0.763952
 7675.0   0.781857
 7677.5   0.766839
 7680.0   0.812607
 7682.5   0.787184
 7685.0   0.859646
 7687.5   0.851237
 7690.0   0.817458
 7692.5   0.736363
 7695.0   0.510426
 7697.5   0.572282
 7700.0   0.736471
 7702.5   0.735040
 7705.0   0.756562
 7707.5   0.808613
 7710.0   0.794354
 7712.5   0.830163
 7715.0   0.854702
 7717.5   0.890928
 7720.0   0.874195
 7722.5   0.904478
 7725.0   0.928879
 7727.5   0.926580
 7730.0   0.934261
 7732.5   0.938558
 7735.0   0.946274
 7737.5   0.938623
 7740.0   0.868656
 7742.5   0.831510
 7745.0   0.803042
 7747.5   0.738181
 7750.0   0.825846
 7752.5   0.830278
 7755.0   0.815485
 7757.5   0.840268
 7760.0   0.834642
 7762.5   0.833062
 7765.0   0.867238
 7767.5   0.876130
 7770.0   0.885855
 7772.5   0.881739
 7775.0   0.892161
 7777.5   0.870216
 7780.0   0.808209
 7782.5   0.820100
 7785.0   0.837866
 7787.5   0.859552
 7790.0   0.884036
 7792.5   0.905602
 7795.0   0.902192
 7797.5   0.869121
 7800.0   0.957235
 7802.5   0.979895
 7805.0   0.988608
 7807.5   0.980472
 7810.0   1.002315
 7812.5   1.013236
 7815.0   1.008848
 7817.5   0.947339
 7820.0   0.938132
 7822.5   0.964281
 7825.0   0.862988
 7827.5   0.855466
 7830.0   0.894597
 7832.5   0.904877
 7835.0   0.932453
 7837.5   0.917603
 7840.0   0.932504
 7842.5   0.978586
 7845.0   0.962286
 7847.5   0.974539
 7850.0   0.979285
 7852.5   1.011791
 7855.0   0.999249
 7857.5   0.985589
 7860.0   0.965439
 7862.5   0.971164
 7865.0   0.973697
 7867.5   0.979988
 7870.0   0.970916
 7872.5   1.023110
 7875.0   1.012976
 7877.5   1.033149
 7880.0   1.057612
 7882.5   1.069897
 7885.0   1.091835
 7887.5   1.102913
 7890.0   1.124969
 7892.5   1.082423
 7895.0   1.042448
 7897.5   1.077428
 7900.0   1.088265
 7902.5   1.053892
 7905.0   1.017218
 7907.5   0.973160
 7910.0   0.972195
 7912.5   1.049222
 7915.0   1.020275
 7917.5   1.026319
 7920.0   1.049956
 7922.5   1.079475
 7925.0   1.100700
 7927.5   1.105198
 7930.0   1.126425
 7932.5   1.147227
 7935.0   1.141507
 7937.5   1.094653
 7940.0   1.109995
 7942.5   1.081952
 7945.0   1.053342
 7947.5   1.113152
 7950.0   1.165958
 7952.5   1.173448
 7955.0   1.183273
 7957.5   1.143913
 7960.0   1.124434
 7962.5   1.133859
 7965.0   1.226305
 7967.5   1.210228
 7970.0   1.232267
 7972.5   1.218238
 7975.0   1.218277
 7977.5   1.210754
 7980.0   1.208775
 7982.5   1.191534
 7985.0   1.145762
 7987.5   1.196282
 7990.0   1.201546
 7992.5   1.215644
 7995.0   1.208438
 7997.5   1.207198
 8000.0   1.200297
 8002.5   1.261258
 8005.0   1.277475
 8007.5   1.233555
 8010.0   1.311673
 8012.5   1.272444
 8015.0   1.316057
 8017.5   1.311296
 8020.0   1.297583
 8022.5   1.259265
 8025.0   1.300404
 8027.5   1.306969
 8030.0   1.308691
 8032.5   1.307120
 8035.0   1.277113
 8037.5   1.318241
 8040.0   1.319378
 8042.5   1.277410
 8045.0   1.264793
 8047.5   1.379424
 8050.0   1.403831
 8052.5   1.414996
 8055.0   1.417603
 8057.5   1.434354
 8060.0   1.419123
 8062.5   1.399250
 8065.0   1.376516
 8067.5   1.394722
 8070.0   1.389007
 8072.5   1.399985
 8075.0   1.408698
 8077.5   1.384773
 8080.0   1.375431
 8082.5   1.387726
 8085.0   1.357275
 8087.5   1.415815
 8090.0   1.392539
 8092.5   1.426272
 8095.0   1.408783
 8097.5   1.411467
 8100.0   1.433622
 8102.5   1.464077
 8105.0   1.481373
 8107.5   1.449944
 8110.0   1.484080
 8112.5   1.409344
 8115.0   1.469146
 8117.5   1.485834
 8120.0   1.470217
 8122.5   1.460249
 8125.0   1.484717
 8127.5   1.492513
 8130.0   1.476184
 8132.5   1.490169
 8135.0   1.545021
 8137.5   1.517507
 8140.0   1.487979
 8142.5   1.504225
 8145.0   1.524899
 8147.5   1.481225
 8150.0   1.516294
 8152.5   1.496962
 8155.0   1.496706
 8157.5   1.405560
 8160.0   1.429949
 8162.5   1.514770
 8165.0   1.470499
 8167.5   1.419177
 8170.0   1.497658
 8172.5   1.446722
 8175.0   1.393622
 8177.5   1.181600
 8180.0   0.942191
 8182.5   1.249575
 8185.0   1.374412
 8187.5   1.347612
 8190.0   1.040058
 8192.5   0.910732
 8195.0   1.222144
 8197.5   1.297220
 8200.0   1.393819
 8202.5   1.373417
 8205.0   1.363707
 8207.5   1.402877
 8210.0   1.370235
 8212.5   1.384009
 8215.0   1.390667
 8217.5   1.403937
 8220.0   1.441966
 8222.5   1.418523
 8225.0   1.439804
 8227.5   1.442766
 8230.0   1.471990
 8232.5   1.558094
 8235.0   1.541693
 8237.5   1.509418
 8240.0   1.520911
 8242.5   1.487966
 8245.0   1.518806
 8247.5   1.459262
 8250.0   1.412881
 8252.5   1.379361
 8255.0   1.413087
 8257.5   1.492155
 8260.0   1.439390
 8262.5   1.461403
 8265.0   1.500545
 8267.5   1.457158
 8270.0   1.432288
 8272.5   1.469530
 8275.0   1.481073
 8277.5   1.469352
 8280.0   1.440703
 8282.5   1.490278
 8285.0   1.368006
 8287.5   1.329881
 8290.0   1.378757
 8292.5   1.409843
 8295.0   1.401365
 8297.5   1.383664
 8300.0   1.328285
 8302.5   1.352018
 8305.0   1.365251
 8307.5   1.394482
 8310.0   1.380913
 8312.5   1.342269
 8315.0   1.373525
 8317.5   1.308875
 8320.0   1.313543
 8322.5   1.279259
 8325.0   1.412036
 8327.5   1.468428
 8330.0   1.344659
 8332.5   1.298392
 8335.0   1.370550
 8337.5   1.350133
 8340.0   1.319995
 8342.5   1.313664
 8345.0   1.371778
 8347.5   1.327314
 8350.0   1.283187
 8352.5   1.316386
 8355.0   1.331164
 8357.5   1.315064
 8360.0   1.318057
 8362.5   1.305501
 8365.0   1.438744
 8367.5   1.419497
 8370.0   1.408902
 8372.5   1.361423
 8375.0   1.289028
 8377.5   1.318556
 8380.0   1.307496
 8382.5   1.325794
 8385.0   1.193191
 8387.5   1.332643
 8390.0   1.373733
 8392.5   1.293096
 8395.0   1.286775
 8397.5   1.335158
 8400.0   1.342607
 8402.5   1.324751
 8405.0   1.326621
 8407.5   1.270497
 8410.0   1.271809
 8412.5   1.363878
 8415.0   1.349264
 8417.5   1.314700
 8420.0   1.357661
 8422.5   1.338361
 8425.0   1.361519
 8427.5   1.370063
 8430.0   1.220168
 8432.5   1.097585
 8435.0   1.282979
 8437.5   1.285390
 8440.0   1.219332
 8442.5   1.219622
 8445.0   1.236385
 8447.5   1.177148
 8450.0   1.104544
 8452.5   1.119743
 8455.0   1.134326
 8457.5   1.176857
 8460.0   1.150814
 8462.5   1.148361
 8465.0   1.162185
 8467.5   1.201167
 8470.0   1.182934
 8472.5   1.221057
 8475.0   1.237044
 8477.5   1.218457
 8480.0   1.214408
 8482.5   1.222095
 8485.0   1.218377
 8487.5   1.219215
 8490.0   1.197792
 8492.5   1.120530
 8495.0   1.118444
 8497.5   1.154249
 8500.0   1.177026
 8502.5   1.073518
 8505.0   1.113676
 8507.5   1.139860
 8510.0   1.101461
 8512.5   1.074022
 8515.0   1.107189
 8517.5   1.155329
 8520.0   1.194142
 8522.5   1.203513
 8525.0   1.209772
 8527.5   1.235940
 8530.0   1.253576
 8532.5   1.245926
 8535.0   1.179185
 8537.5   1.069012
 8540.0   1.048717
 8542.5   1.127177
 8545.0   1.162992
 8547.5   1.185821
 8550.0   1.204113
 8552.5   1.212660
 8555.0   1.169613
 8557.5   1.165322
 8560.0   1.245381
 8562.5   1.285998
 8565.0   1.239971
 8567.5   1.247778
 8570.0   1.253745
 8572.5   1.321751
 8575.0   1.321933
 8577.5   1.294427
 8580.0   1.282370
 8582.5   1.273175
 8585.0   1.288830
 8587.5   1.261203
 8590.0   1.230116
 8592.5   1.244829
 8595.0   1.252814
 8597.5   1.275457
 8600.0   1.295231
 8602.5   1.333542
 8605.0   1.371240
 8607.5   1.336147
 8610.0   1.363291
 8612.5   1.356551
 8615.0   1.369743
 8617.5   1.355090
 8620.0   1.312514
 8622.5   1.287347
 8625.0   1.251656
 8627.5   1.234200
 8630.0   1.162371
 8632.5   1.172435
 8635.0   1.180632
 8637.5   1.218987
 8640.0   1.253168
 8642.5   1.260565
 8645.0   1.316312
 8647.5   1.391865
 8650.0   1.355869
 8652.5   1.392246
 8655.0   1.344083
 8657.5   1.175134
 8660.0   1.180960
 8662.5   1.261162
 8665.0   1.270361
 8667.5   1.243669
 8670.0   1.190816
 8672.5   1.161036
 8675.0   1.248156
 8677.5   1.269078
 8680.0   1.276780
 8682.5   1.320379
 8685.0   1.182368
 8687.5   1.264806
 8690.0   1.284666
 8692.5   1.273486
 8695.0   1.275446
 8697.5   1.288116
 8700.0   1.318862
 8702.5   1.277509
 8705.0   1.211216
 8707.5   1.110772
 8710.0   1.154018
 8712.5   1.183210
 8715.0   1.260597
 8717.5   1.337375
 8720.0   1.493202
 8722.5   1.430639
 8725.0   1.424148
 8727.5   1.307369
 8730.0   1.196937
 8732.5   1.190801
 8735.0   1.245755
 8737.5   1.320228
 8740.0   1.405676
 8742.5   1.462972
 8745.0   1.416056
 8747.5   1.486330
 8750.0   1.592183
 8752.5   1.494386
 8755.0   1.466646
 8757.5   1.416333
 8760.0   1.200991
 8762.5   1.168500
 8765.0   1.260712
 8767.5   1.369525
 8770.0   1.391749
 8772.5   1.515781
 8775.0   1.511117
 8777.5   1.547343
 8780.0   1.482823
 8782.5   1.367009
 8785.0   1.285345
 8787.5   1.292806
 8790.0   1.324888
 8792.5   1.453810
 8795.0   1.537099
 8797.5   1.497994
 8800.0   1.400856
 8802.5   1.272524
 8805.0   1.156545
 8807.5   1.296959
 8810.0   1.442689
 8812.5   1.646956
 8815.0   1.600187
 8817.5   1.416253
 8820.0   1.187749
 8822.5   1.192711
 8825.0   1.361784
 8827.5   1.480907
 8830.0   1.497971
 8832.5   1.416202
 8835.0   1.267152
 8837.5   1.433882
 8840.0   1.603966
 8842.5   1.436876
 8845.0   1.349046
 8847.5   1.617136
 8850.0   1.488712
 8852.5   1.458429
 8855.0   1.356284
 8857.5   1.270978
 8860.0   1.202118
 8862.5   1.148517
 8865.0   1.108992
 8867.5   1.082356
 8870.0   1.067426
 8872.5   1.063016
 8875.0   1.067942
 8877.5   1.081019
 8880.0   1.101062
 8882.5   1.126886
 8885.0   1.157306
 8887.5   1.191138
 8890.0   1.227197
 8892.5   1.264297
 8895.0   1.301254
 8897.5   1.336883
 8900.0   1.370000
 8902.5   1.399642
 8905.0   1.425740
 8907.5   1.448448
 8910.0   1.467918
 8912.5   1.484304
 8915.0   1.497761
 8917.5   1.508440
 8920.0   1.516496
 8922.5   1.522082
 8925.0   1.525352
 8927.5   1.526459
 8930.0   1.525556
 8932.5   1.522797
 8935.0   1.518335
 8937.5   1.512325
 8940.0   1.504918
 8942.5   1.496269
 8945.0   1.486532
 8947.5   1.475858
 8950.0   1.464404
 8952.5   1.452320
 8955.0   1.439762
 8957.5   1.426882
 8960.0   1.413833
 8962.5   1.400771
 8965.0   1.387847
 8967.5   1.375215
 8970.0   1.363029
 8972.5   1.351442
 8975.0   1.340608
 8977.5   1.330679
 8980.0   1.321811
 8982.5   1.314155
 8985.0   1.307866
 8987.5   1.303096
 8990.0   1.300000
 8992.5   1.298667
 8995.0   1.298934
 8997.5   1.300574
 9000.0   1.303359
 9002.5   1.307063
 9005.0   1.311458
 9007.5   1.316318
 9010.0   1.321416
 9012.5   1.326524
 9015.0   1.331415
 9017.5   1.335862
 9020.0   1.339639
 9022.5   1.342518
 9025.0   1.344272
 9027.5   1.344675
 9030.0   1.343498
 9032.5   1.340516
 9035.0   1.335500
 9037.5   1.328225
 9040.0   1.318462
 9042.5   1.305985
 9045.0   1.290567
 9047.5   1.271981
 9050.0   1.250000
 9052.5   1.224506
 9055.0   1.195823
 9057.5   1.164384
 9060.0   1.130622
 9062.5   1.094970
 9065.0   1.057860
 9067.5   1.019727
 9070.0   0.981003
 9072.5   0.942121
 9075.0   0.903514
 9077.5   0.865616
 9080.0   0.828859
 9082.5   0.793676
 9085.0   0.760501
 9087.5   0.729766
 9090.0   0.701905
 9092.5   0.677351
 9095.0   0.656536
 9097.5   0.639894
 9100.0   0.627858
 9102.5   0.620861
 9105.0   0.619336
 9107.5   0.623716
 9110.0   0.634434
 9112.5   0.651923
 9115.0   0.676616
 9117.5   0.708947
 9120.0   0.749347
 9122.5   0.798252
 9125.0   0.856092
 9127.5   0.923302
 9130.0   1.000315
 9132.5   1.087564
 9135.0   1.185481
 9137.5   1.318228
 9140.0   1.230850
 9142.5   1.200856
 9145.0   1.286404
 9147.5   1.276981
 9150.0   1.229485
 9152.5   1.157686
 9155.0   1.188417
 9157.5   1.348181
 9160.0   1.136973
 9162.5   1.222135
 9165.0   1.199654
 9167.5   1.209005
 9170.0   1.307330
 9172.5   1.175183
 9175.0   1.266281
 9177.5   1.456005
 9180.0   1.323185
 9182.5   1.300000
 9185.0   1.370943
 9187.5   1.352959
 9190.0   1.265918
 9192.5   1.323734
 9195.0   1.182386
 9197.5   1.334814
 9200.0   1.265929
 9202.5   1.244078
 9205.0   1.241879
 9207.5   1.216612
 9210.0   1.232105
 9212.5   1.222932
 9215.0   1.220255
 9217.5   1.241141
 9220.0   1.227836
 9222.5   1.276007
 9225.0   1.204721
 9227.5   1.196030
 9230.0   1.213658
 9232.5   1.205184
 9235.0   1.172412
 9237.5   1.233003
 9240.0   1.236674
 9242.5   1.147011
 9245.0   1.192418
 9247.5   1.190774
 9250.0   1.161990
 9252.5   1.188307
 9255.0   1.181565
 9257.5   1.173926
 9260.0   1.207421
 9262.5   1.222172
 9265.0   1.143122
 9267.5   1.190426
 9270.0   1.152470
 9272.5   1.094321
 9275.0   1.120700
 9277.5   1.141167
 9280.0   1.178847
 9282.5   1.226308
 9285.0   1.133416
 9287.5   1.150115
 9290.0   1.145556
 9292.5   1.168262
 9295.0   1.151377
 9297.5   1.177066
 9300.0   1.139822
 9302.5   1.120121
 9305.0   1.261534
 9307.5   1.200760
 9310.0   1.234779
 9312.5   1.207224
 9315.0   0.985388
 9317.5   1.254052
 9320.0   1.240782
 9322.5   1.144270
 9325.0   1.253349
 9327.5   1.222350
 9330.0   1.108326
 9332.5   1.153181
 9335.0   1.013346
 9337.5   1.168340
 9340.0   1.285343
 9342.5   0.885584
 9345.0   1.183183
 9347.5   1.351168
 9350.0   1.098107
 9352.5   0.957767
 9355.0   1.189410
 9357.5   1.022131
 9360.0   1.182134
 9362.5   1.088667
 9365.0   0.965139
 9367.5   1.125760
 9370.0   0.969799
 9372.5   1.183209
 9375.0   1.114105
 9377.5   1.010126
 9380.0   1.108212
 9382.5   1.263695
 9385.0   1.199312
 9387.5   1.166895
 9390.0   1.276385
 9392.5   1.225033
 9395.0   1.197929
 9397.5   1.192997
 9400.0   1.142259
 9402.5   1.110066
 9405.0   1.161508
 9407.5   1.175035
 9410.0   1.043212
 9412.5   1.132767
 9415.0   1.114436
 9417.5   1.101166
 9420.0   1.132892
 9422.5   1.183389
 9425.0   1.123377
 9427.5   1.177278
 9430.0   1.172102
 9432.5   1.214237
 9435.0   1.188083
 9437.5   1.111053
 9440.0   1.039110
 9442.5   1.202022
 9445.0   1.334778
 9447.5   1.256001
 9450.0   1.271335
 9452.5   1.208537
 9455.0   1.106402
 9457.5   1.264569
 9460.0   1.093992
 9462.5   1.504622
 9465.0   1.243220
 9467.5   1.326489
 9470.0   1.268277
 9472.5   1.276981
 9475.0   1.112906
 9477.5   1.266026
 9480.0   1.096089
 9482.5   1.303012
 9485.0   1.210280
 9487.5   1.304111
 9490.0   1.329267
 9492.5   1.128952
 9495.0   1.432401
 9497.5   1.302276
 9500.0   1.204407
 9502.5   1.443819
 9505.0   1.364008
 9507.5   1.394666
 9510.0   1.384641
 9512.5   1.328816
 9515.0   1.350310
 9517.5   1.366431
 9520.0   1.338483
 9522.5   1.242422
 9525.0   1.296622
 9527.5   1.295980
 9530.0   1.439128
 9532.5   1.360582
 9535.0   1.329062
 9537.5   1.342409
 9540.0   1.294429
 9542.5   1.171456
 9545.0   1.231985
 9547.5   1.307690
 9550.0   1.312204
 9552.5   1.260693
 9555.0   1.400574
 9557.5   1.396618
 9560.0   1.421243
 9562.5   1.319658
 9565.0   1.387635
 9567.5   1.429211
 9570.0   1.307096
 9572.5   1.485905
 9575.0   1.462673
 9577.5   1.364981
 9580.0   1.233442
 9582.5   1.519469
 9585.0   1.326188
 9587.5   1.328540
 9590.0   1.254794
 9592.5   1.333106
 9595.0   1.308144
 9597.5   1.280014
 9600.0   1.360988
 9602.5   1.365610
 9605.0   1.348943
 9607.5   1.420962
 9610.0   1.449924
 9612.5   1.404924
 9615.0   1.397161
 9617.5   1.482398
 9620.0   1.454368
 9622.5   1.485323
 9625.0   1.406019
 9627.5   1.559226
 9630.0   1.551083
 9632.5   1.440252
 9635.0   1.176320
 9637.5   1.459346
 9640.0   1.446101
 9642.5   1.392165
 9645.0   1.305827
 9647.5   1.525371
 9650.0   1.473076
 9652.5   1.434485
 9655.0   1.456442
 9657.5   1.492097
 9660.0   1.109125
 9662.5   0.948151
 9665.0   1.148363
 9667.5   1.228441
 9670.0   1.085950
 9672.5   1.381065
 9675.0   1.540750
 9677.5   1.511968
 9680.0   1.159648
 9682.5   1.325828
 9685.0   1.340025
 9687.5   1.398093
 9690.0   1.384956
 9692.5   1.377729
 9695.0   1.418106
 9697.5   1.366211
 9700.0   1.124575
 9702.5   1.222360
 9705.0   1.395707
 9707.5   1.382018
 9710.0   1.376574
 9712.5   1.366951
 9715.0   1.125217
 9717.5   1.393704
 9720.0   1.449783
 9722.5   1.214805
 9725.0   1.176743
 9727.5   1.364338
 9730.0   1.390550
 9732.5   1.461574
 9735.0   1.155401
 9737.5   1.173228
 9740.0   1.417852
 9742.5   1.335007
 9745.0   1.471674
 9747.5   1.511897
 9750.0   1.496203
 9752.5   1.511063
 9755.0   1.439902
 9757.5   1.349486
 9760.0   1.540644
 9762.5   1.319239
 9765.0   1.422041
 9767.5   1.549062
 9770.0   1.682392
 9772.5   1.572572
 9775.0   1.479030
 9777.5   1.370775
 9780.0   1.249018
 9782.5   1.209037
 9785.0   1.412280
 9787.5   1.443470
 9790.0   1.367001
 9792.5   1.285467
 9795.0   1.446598
 9797.5   1.509802
 9800.0   1.400616
 9802.5   1.351629
 9805.0   1.549452
 9807.5   1.594932
 9810.0   1.575635
 9812.5   1.521426
 9815.0   1.495302
 9817.5   1.530051
 9820.0   1.585215
 9822.5   1.541464
 9825.0   1.388568
 9827.5   1.533445
 9830.0   1.512019
 9832.5   1.518071
 9835.0   1.566437
 9837.5   1.573656
 9840.0   1.550961
 9842.5   1.441848
 9845.0   1.491057
 9847.5   1.405051
 9850.0   1.442065
 9852.5   1.477489
 9855.0   1.442359
 9857.5   1.426355
 9860.0   1.404729
 9862.5   1.433248
 9865.0   1.405151
 9867.5   1.389887
 9870.0   1.417111
 9872.5   1.402558
 9875.0   1.411332
 9877.5   1.438380
 9880.0   1.465166
 9882.5   1.502889
 9885.0   1.511462
 9887.5   1.519432
 9890.0   1.493480
 9892.5   1.441760
 9895.0   1.426370
 9897.5   1.371992
 9900.0   1.347312
 9902.5   1.307084
 9905.0   1.333450
 9907.5   1.323408
 9910.0   1.268958
 9912.5   1.275463
 9915.0   1.332223
 9917.5   1.295295
 9920.0   1.276670
 9922.5   1.285437
 9925.0   1.301348
 9927.5   1.317334
 9930.0   1.287312
 9932.5   1.337194
 9935.0   1.341644
 9937.5   1.330683
 9940.0   1.331572
 9942.5   1.366124
 9945.0   1.400995
 9947.5   1.397519
 9950.0   1.381411
 9952.5   1.386446
 9955.0   1.399301
 9957.5   1.439908
 9960.0   1.471341
 9962.5   1.496526
 9965.0   1.468383
 9967.5   1.460004
 9970.0   1.476765
 9972.5   1.503310
 9975.0   1.508515
 9977.5   1.524367
 9980.0   1.500911
 9982.5   1.522779
 9985.0   1.507438
 9987.5   1.506864
 9990.0   1.532621
 9992.5   1.484163
 9995.0   1.511170
 9997.5   1.502795
10000.0   1.497920
10002.5   1.480485
10005.0   1.429796
10007.5   1.423557
10010.0   1.449313
10012.5   1.518139
10015.0   1.450862
10017.5   1.448080
10020.0   1.487801
10022.5   1.490980
10025.0   1.554959
10027.5   1.590810
10030.0   1.561644
10032.5   1.566233
10035.0   1.592803
10037.5   1.608735
10040.0   1.627617
10042.5   1.602508
10045.0   1.581032
10047.5   1.557625
10050.0   1.547480
10052.5   1.549811
10055.0   1.562082
10057.5   1.573084
10060.0   1.574187
10062.5   1.609764
10065.0   1.591379
10067.5   1.564916
10070.0   1.594148
10072.5   1.568389
10075.0   1.564050
10077.5   1.524260
10080.0   1.523881
10082.5   1.536681
10085.0   1.478735
10087.5   1.493573
10090.0   1.482436
10092.5   1.479326
10095.0   1.530638
10097.5   1.530466
10100.0   1.571338
10102.5   1.553899
10105.0   1.598720
10107.5   1.572683
10110.0   1.574416
10112.5   1.576253
10115.0   1.594513
10117.5   1.592735
10120.0   1.594428
10122.5   1.622231
10125.0   1.611668
10127.5   1.561720
10130.0   1.526301
10132.5   1.516560
10135.0   1.530434
10137.5   1.526821
10140.0   1.522888
10142.5   1.517626
10145.0   1.499729
10147.5   1.498219
10150.0   1.468899
10152.5   1.452116
10155.0   1.439220
10157.5   1.450393
10160.0   1.432520
10162.5   1.466890
10165.0   1.400875
10167.5   1.391627
10170.0   1.455076
10172.5   1.432988
10175.0   1.418889
10177.5   1.395129
10180.0   1.383467
10182.5   1.432180
10185.0   1.436541
10187.5   1.484020
10190.0   1.473967
10192.5   1.504947
10195.0   1.505585
10197.5   1.502772
10200.0   1.494026
10202.5   1.490818
10205.0   1.496106
10207.5   1.450495
10210.0   1.518020
10212.5   1.480048
10215.0   1.431440
10217.5   1.474876
10220.0   1.428159
10222.5   1.437370
10225.0   1.462442
10227.5   1.436322
10230.0   1.460106
10232.5   1.425953
10235.0   1.427138
10237.5   1.446530
10240.0   1.403107
10242.5   1.417174
10245.0   1.452615
10247.5   1.414149
10250.0   1.423831
10252.5   1.444046
10255.0   1.395591
10257.5   1.407793
10260.0   1.479598
10262.5   1.496179
10265.0   1.517240
10267.5   1.519228
10270.0   1.529407
10272.5   1.522133
10275.0   1.507250
10277.5   1.481752
10280.0   1.498914
10282.5   1.545221
10285.0   1.532573
10287.5   1.628590
10290.0   1.528978
10292.5   1.523040
10295.0   1.524490
10297.5   1.534553
10300.0   1.502392
10302.5   1.535944
10305.0   1.556143
10307.5   1.542265
10310.0   1.518960
10312.5   1.513553
10315.0   1.485010
10317.5   1.493999
10320.0   1.436500
10322.5   1.479923
10325.0   1.460790
10327.5   1.429818
10330.0   1.424665
10332.5   1.402815
10335.0   1.356155
10337.5   1.341806
10340.0   1.284460
10342.5   1.331780
10345.0   1.383403
10347.5   1.414160
10350.0   1.414689
10352.5   1.431140
10355.0   1.445385
10357.5   1.464251
10360.0   1.499216
10362.5   1.431236
10365.0   1.489507
10367.5   1.452862
10370.0   1.453310
10372.5   1.529162
10375.0   1.382200
10377.5   1.401603
10380.0   1.428144
10382.5   1.408265
10385.0   1.386699
10387.5   1.394907
10390.0   1.369154
10392.5   1.340427
10395.0   1.399518
10397.5   1.429790
10400.0   1.392091
10402.5   1.387560
10405.0   1.386404
10407.5   1.384230
10410.0   1.375873
10412.5   1.391305
10415.0   1.403625
10417.5   1.412958
10420.0   1.419430
10422.5   1.423165
10425.0   1.424289
10427.5   1.422926
10430.0   1.419203
10432.5   1.413246
10435.0   1.405458
10437.5   1.396729
10440.0   1.387998
10442.5   1.380204
10445.0   1.373989
10447.5   1.369404
10450.0   1.366429
10452.5   1.365044
10455.0   1.365157
10457.5   1.366495
10460.0   1.368760
10462.5   1.371650
10465.0   1.374916
10467.5   1.378448
10470.0   1.382159
10472.5   1.385963
10475.0   1.389778
10477.5   1.393539
10480.0   1.397183
10482.5   1.400650
10485.0   1.403856
10487.5   1.406634
10490.0   1.408795
10492.5   1.410152
10495.0   1.410556
10497.5   1.410065
10500.0   1.408804
10502.5   1.406897
10505.0   1.404483
10507.5   1.401801
10510.0   1.399126
10512.5   1.396731
10515.0   1.394872
10517.5   1.393666
10520.0   1.393171
10522.5   1.393444
10525.0   1.394520
10527.5   1.396258
10530.0   1.398424
10532.5   1.400785
10535.0   1.403125
10537.5   1.405369
10540.0   1.407525
10542.5   1.409601
10545.0   1.411601
10547.5   1.413472
10550.0   1.415121
10552.5   1.416455
10555.0   1.417386
10557.5   1.417898
10560.0   1.418030
10562.5   1.417826
10565.0   1.417327
10567.5   1.416607
10570.0   1.415767
10572.5   1.414909
10575.0   1.414132
10577.5   1.413445
10580.0   1.412762
10582.5   1.411992
10585.0   1.411044
10587.5   1.409861
10590.0   1.408419
10592.5   1.406702
10595.0   1.404691
10597.5   1.402389
10600.0   1.399827
10602.5   1.397039
10605.0   1.394059
10607.5   1.390981
10610.0   1.388008
10612.5   1.385353
10615.0   1.383230
10617.5   1.381838
10620.0   1.381346
10622.5   1.381921
10625.0   1.383729
10627.5   1.386883
10630.0   1.391358
10632.5   1.397109
10635.0   1.404091
10637.5   1.412097
10640.0   1.420466
10642.5   1.428458
10645.0   1.435334
10647.5   1.440443
10650.0   1.443449
10652.5   1.444083
10655.0   1.442080
10657.5   1.437351
10660.0   1.430523
10662.5   1.422401
10665.0   1.413793
10667.5   1.405433
10670.0   1.397737
10672.5   1.391031
10675.0   1.385643
10677.5   1.381840
10680.0   1.379565
10682.5   1.378644
10685.0   1.378901
10687.5   1.380160
10690.0   1.382231
10692.5   1.384920
10695.0   1.388032
10697.5   1.391373
10700.0   1.394751
10702.5   1.397975
10705.0   1.400852
10707.5   1.403192
10710.0   1.404802
10712.5   1.405485
10715.0   1.405049
10717.5   1.403325
10720.0   1.400490
10722.5   1.396959
10725.0   1.393155
10727.5   1.389483
10730.0   1.386160
10732.5   1.383255
10735.0   1.380833
10737.5   1.378953
10740.0   1.377588
10742.5   1.376624
10745.0   1.375947
10747.5   1.375442
10750.0   1.375033
10752.5   1.374682
10755.0   1.374357
10757.5   1.374024
10760.0   1.373665
10762.5   1.373290
10765.0   1.372906
10767.5   1.372522
10770.0   1.372144
10772.5   1.371770
10775.0   1.371400
10777.5   1.371033
10780.0   1.370667
10782.5   1.370301
10785.0   1.369933
10787.5   1.369560
10790.0   1.369183
10792.5   1.368807
10795.0   1.368438
10797.5   1.368080
10800.0   1.367747
10802.5   1.367470
10805.0   1.367283
10807.5   1.367220
10810.0   1.367307
10812.5   1.367550
10815.0   1.367954
10817.5   1.368522
10820.0   1.369232
10822.5   1.369984
10825.0   1.370662
10827.5   1.371150
10830.0   1.371349
10832.5   1.371229
10835.0   1.370776
10837.5   1.369979
10840.0   1.368849
10842.5   1.367508
10845.0   1.366111
10847.5   1.364812
10850.0   1.363751
10852.5   1.362992
10855.0   1.362567
10857.5   1.362512
10860.0   1.362865
10862.5   1.363688
10865.0   1.365054
10867.5   1.367035
10870.0   1.369696
10872.5   1.373032
10875.0   1.377003
10877.5   1.381570
10880.0   1.386684
10882.5   1.392212
10885.0   1.397976
10887.5   1.403796
10890.0   1.409492
10892.5   1.414908
10895.0   1.419898
10897.5   1.424316
10900.0   1.428017
10902.5   1.430877
10905.0   1.432781
10907.5   1.433619
10910.0   1.433285
10912.5   1.431823
10915.0   1.429405
10917.5   1.426205
10920.0   1.422398
10922.5   1.418167
10925.0   1.413707
10927.5   1.409211
10930.0   1.404870
10932.5   1.400759
10935.0   1.396819
10937.5   1.392982
10940.0   1.389183
10942.5   1.385387
10945.0   1.381611
10947.5   1.377872
10950.0   1.374189
10952.5   1.370636
10955.0   1.367367
10957.5   1.364545
10960.0   1.362333
10962.5   1.360813
10965.0   1.359901
10967.5   1.359497
10970.0   1.359498
10972.5   1.359768
10975.0   1.360094
10977.5   1.360254
10980.0   1.360025
10982.5   1.359224
10985.0   1.357792
10987.5   1.355687
10990.0   1.352867
10992.5   1.349337
10995.0   1.345240
10997.5   1.340747
11000.0   1.336030
11002.5   1.331266
11005.0   1.326665
11007.5   1.322441
11010.0   1.318810
11012.5   1.315947
11015.0   1.313842
11017.5   1.312432
11020.0   1.311657
11022.5   1.311432
11025.0   1.311573
11027.5   1.311861
11030.0   1.312077
11032.5   1.312023
11035.0   1.311637
11037.5   1.310911
11040.0   1.309837
11042.5   1.308415
11045.0   1.306698
11047.5   1.304767
11050.0   1.302702
11052.5   1.300586
11055.0   1.298557
11057.5   1.296778
11060.0   1.295413
11062.5   1.294612
11065.0   1.294374
11067.5   1.294603
11070.0   1.295200
11072.5   1.296070
11075.0   1.297167
11077.5   1.298480
11080.0   1.299999
11082.5   1.301713
11085.0   1.303588
11087.5   1.305566
11090.0   1.307589
11092.5   1.309600
11095.0   1.311525
11097.5   1.313277
11100.0   1.314765
11102.5   1.315904
11105.0   1.316710
11107.5   1.317321
11110.0   1.317882
11112.5   1.318533
11115.0   1.319309
11117.5   1.320088
11120.0   1.320734
11122.5   1.321116
11125.0   1.321191
11127.5   1.321064
11130.0   1.320855
11132.5   1.320682
11135.0   1.320674
11137.5   1.320976
11140.0   1.321739
11142.5   1.323109
11145.0   1.325122
11147.5   1.327561
11150.0   1.330174
11152.5   1.332710
11155.0   1.334957
11157.5   1.336794
11160.0   1.338117
11162.5   1.338821
11165.0   1.338846
11167.5   1.338274
11170.0   1.337214
11172.5   1.335777
11175.0   1.334064
11177.5   1.332151
11180.0   1.330108
11182.5   1.328004
11185.0   1.325910
11187.5   1.323889
11190.0   1.322009
11192.5   1.320333
11195.0   1.318924
11197.5   1.317826
11200.0   1.317078
11202.5   1.316719
11205.0   1.316776
11207.5   1.317201
11210.0   1.317916
11212.5   1.318845
11215.0   1.319916
11217.5   1.321106
11220.0   1.322411
11222.5   1.323832
11225.0   1.325364
11227.5   1.326993
11230.0   1.328696
11232.5   1.330451
11235.0   1.332239
11237.5   1.334072
11240.0   1.335980
11242.5   1.337993
11245.0   1.340134
11247.5   1.342297
11250.0   1.344289
11252.5   1.345918
11255.0   1.346992
11257.5   1.347348
11260.0   1.346854
11262.5   1.345377
11265.0   1.342791
11267.5   1.339123
11270.0   1.334546
11272.5   1.329237
11275.0   1.323379
11277.5   1.317332
11280.0   1.311660
11282.5   1.306938
11285.0   1.303735
11287.5   1.302368
11290.0   1.302824
11292.5   1.305069
11295.0   1.309066
11297.5   1.314611
11300.0   1.321231
11302.5   1.328429
11305.0   1.335707
11307.5   1.342522
11310.0   1.348254
11312.5   1.352272
11315.0   1.353948
11317.5   1.352866
11320.0   1.349081
11322.5   1.342715
11325.0   1.333887
11327.5   1.322829
11330.0   1.310040
11332.5   1.296062
11335.0   1.281439
11337.5   1.266645
11340.0   1.251945
11342.5   1.237563
11345.0   1.223719
11347.5   1.210721
11350.0   1.199163
11352.5   1.189706
11355.0   1.183010
11357.5   1.179714
11360.0   1.180371
11362.5   1.185517
11365.0   1.195684
11367.5   1.211108
11370.0   1.230518
11372.5   1.252161
11375.0   1.274286
11377.5   1.295249
11380.0   1.314037
11382.5   1.329857
11385.0   1.341918
11387.5   1.349533
11390.0   1.352769
11392.5   1.352034
11395.0   1.347736
11397.5   1.340364
11400.0   1.331075
11402.5   1.321361
11405.0   1.312716
11407.5   1.306525
11410.0   1.302953
11412.5   1.301407
11415.0   1.301283
11417.5   1.301988
11420.0   1.303089
11422.5   1.304262
11425.0   1.305185
11427.5   1.305557
11430.0   1.305414
11432.5   1.305078
11435.0   1.304884
11437.5   1.305153
11440.0   1.305929
11442.5   1.306994
11445.0   1.308119
11447.5   1.309079
11450.0   1.309727
11452.5   1.310012
11455.0   1.309884
11457.5   1.309297
11460.0   1.308223
11462.5   1.306657
11465.0   1.304598
11467.5   1.302044
11470.0   1.299034
11472.5   1.295671
11475.0   1.292057
11477.5   1.288300
11480.0   1.284543
11482.5   1.281005
11485.0   1.277909
11487.5   1.275479
11490.0   1.273852
11492.5   1.272992
11495.0   1.272841
11497.5   1.273341
11500.0   1.274375
11502.5   1.275669
11505.0   1.276927
11507.5   1.277854
11510.0   1.278255
11512.5   1.278218
11515.0   1.277880
11517.5   1.277379
11520.0   1.276871
11522.5   1.276583
11525.0   1.276755
11527.5   1.277630
11530.0   1.279364
11532.5   1.281774
11535.0   1.284593
11537.5   1.287555
11540.0   1.290403
11542.5   1.292940
11545.0   1.294985
11547.5   1.296359
11550.0   1.296912
11552.5   1.296668
11555.0   1.295713
11557.5   1.294133
11560.0   1.292019
11562.5   1.289498
11565.0   1.286713
11567.5   1.283809
11570.0   1.280926
11572.5   1.278186
11575.0   1.275699
11577.5   1.273575
11580.0   1.271911
11582.5   1.270664
11585.0   1.269702
11587.5   1.268891
11590.0   1.268105
11592.5   1.267321
11595.0   1.266581
11597.5   1.265933
11600.0   1.265422
11602.5   1.265084
11605.0   1.264950
11607.5   1.265050
11610.0   1.265413
11612.5   1.266024
11615.0   1.266832
11617.5   1.267780
11620.0   1.268816
11622.5   1.269940
11625.0   1.271207
11627.5   1.272677
11630.0   1.274405
11632.5   1.276391
11635.0   1.278555
11637.5   1.280813
11640.0   1.283083
11642.5   1.285290
11645.0   1.287370
11647.5   1.289260
11650.0   1.290900
11652.5   1.292179
11655.0   1.292907
11657.5   1.292883
11660.0   1.291909
11662.5   1.289831
11665.0   1.286590
11667.5   1.282135
11670.0   1.276419
11672.5   1.269573
11675.0   1.262182
11677.5   1.254900
11680.0   1.248379
11682.5   1.243152
11685.0   1.239402
11687.5   1.237256
11690.0   1.236838
11692.5   1.238157
11695.0   1.240808
11697.5   1.244295
11700.0   1.248120
11702.5   1.251846
11705.0   1.255271
11707.5   1.258253
11710.0   1.260648
11712.5   1.262361
11715.0   1.263502
11717.5   1.264241
11720.0   1.264747
11722.5   1.265206
11725.0   1.265896
11727.5   1.267126
11730.0   1.269207
11732.5   1.272391
11735.0   1.276546
11737.5   1.281391
11740.0   1.286641
11742.5   1.291979
11745.0   1.296799
11747.5   1.300351
11750.0   1.301885
11752.5   1.300707
11755.0   1.296684
11757.5   1.289998
11760.0   1.280832
11762.5   1.269418
11765.0   1.256619
11767.5   1.243732
11770.0   1.232064
11772.5   1.222872
11775.0   1.216701
11777.5   1.213542
11780.0   1.213374
11782.5   1.216155
11785.0   1.221404
11787.5   1.228227
11790.0   1.235710
11792.5   1.242957
11795.0   1.249434
11797.5   1.254990
11800.0   1.259491
11802.5   1.262807
11805.0   1.264923
11807.5   1.265969
11810.0   1.266087
11812.5   1.265418
11815.0   1.264124
11817.5   1.262397
11820.0   1.260428
11822.5   1.258413
11825.0   1.256634
11827.5   1.255518
11830.0   1.255504
11832.5   1.257028
11835.0   1.260223
11837.5   1.264612
11840.0   1.269646
11842.5   1.274778
11845.0   1.279520
11847.5   1.283526
11850.0   1.286466
11852.5   1.288011
11855.0   1.288009
11857.5   1.286794
11860.0   1.284790
11862.5   1.282416
11865.0   1.280000
11867.5   1.277567
11870.0   1.275081
11872.5   1.272510
11875.0   1.269816
11877.5   1.266950
11880.0   1.263859
11882.5   1.260491
11885.0   1.256885
11887.5   1.253494
11890.0   1.250889
11892.5   1.249641
11895.0   1.250212
11897.5   1.252433
11900.0   1.255916
11902.5   1.260269
11905.0   1.265089
11907.5   1.269893
11910.0   1.274165
11912.5   1.277389
11915.0   1.279110
11917.5   1.279375
11920.0   1.278487
11922.5   1.276748
11925.0   1.274460
11927.5   1.271907
11930.0   1.269362
11932.5   1.267100
11935.0   1.265372
11937.5   1.264193
11940.0   1.263429
11942.5   1.262945
11945.0   1.262609
11947.5   1.262335
11950.0   1.262073
11952.5   1.261775
11955.0   1.261390
11957.5   1.260811
11960.0   1.259886
11962.5   1.258461
11965.0   1.256384
11967.5   1.253623
11970.0   1.250265
11972.5   1.246406
11975.0   1.242143
11977.5   1.237718
11980.0   1.233540
11982.5   1.230027
11985.0   1.227592
11987.5   1.226473
11990.0   1.226643
11992.5   1.228058
11995.0   1.230672
11997.5   1.234220
12000.0   1.238089
12002.5   1.241636
12005.0   1.244219
12007.5   1.245494
12010.0   1.245706
12012.5   1.245172
12015.0   1.244208
12017.5   1.243067
12020.0   1.241866
12022.5   1.240699
12025.0   1.239665
12027.5   1.238858
12030.0   1.238376
12032.5   1.238315
12035.0   1.238746
12037.5   1.239598
12040.0   1.240752
12042.5   1.242085
12045.0   1.243475
12047.5   1.244806
12050.0   1.245982
12052.5   1.246912
12055.0   1.247504
12057.5   1.247670
12060.0   1.247346
12062.5   1.246580
12065.0   1.245452
12067.5   1.244037
12070.0   1.242414
12072.5   1.240662
12075.0   1.238869
12077.5   1.237122
12080.0   1.235513
12082.5   1.234129
12085.0   1.233026
12087.5   1.232166
12090.0   1.231496
12092.5   1.230963
12095.0   1.230511
12097.5   1.230086
12100.0   1.229630
12102.5   1.229083
12105.0   1.228386
12107.5   1.227481
12110.0   1.226368
12112.5   1.225167
12115.0   1.224012
12117.5   1.223036
12120.0   1.222373
12122.5   1.222111
12125.0   1.222253
12127.5   1.222796
12130.0   1.223736
12132.5   1.225068
12135.0   1.226731
12137.5   1.228571
12140.0   1.230426
12142.5   1.232134
12145.0   1.233533
12147.5   1.234530
12150.0   1.235112
12152.5   1.235273
12155.0   1.235007
12157.5   1.234311
12160.0   1.233243
12162.5   1.231939
12165.0   1.230535
12167.5   1.229171
12170.0   1.227980
12172.5   1.227033
12175.0   1.226337
12177.5   1.225897
12180.0   1.225716
12182.5   1.225798
12185.0   1.226120
12187.5   1.226633
12190.0   1.227290
12192.5   1.228043
12195.0   1.228844
12197.5   1.229654
12200.0   1.230441
12202.5   1.231173
12205.0   1.231817
12207.5   1.232344
12210.0   1.232728
12212.5   1.232951
12215.0   1.232995
12217.5   1.232841
12220.0   1.232471
12222.5   1.231872
12225.0   1.231034
12227.5   1.229948
12230.0   1.228602
12232.5   1.226995
12235.0   1.225173
12237.5   1.223212
12240.0   1.221185
12242.5   1.219167
12245.0   1.217223
12247.5   1.215354
12250.0   1.213537
12252.5   1.211748
12255.0   1.209965
12257.5   1.208162
12260.0   1.206312
12262.5   1.204386
12265.0   1.202355
12267.5   1.200190
12270.0   1.197876
12272.5   1.195478
12275.0   1.193082
12277.5   1.190777
12280.0   1.188650
12282.5   1.186780
12285.0   1.185204
12287.5   1.183953
12290.0   1.183054
12292.5   1.182537
12295.0   1.182416
12297.5   1.182651
12300.0   1.183192
12302.5   1.183989
12305.0   1.184989
12307.5   1.186140
12310.0   1.187380
12312.5   1.188646
12315.0   1.189874
12317.5   1.191001
12320.0   1.191982
12322.5   1.192816
12325.0   1.193509
12327.5   1.194067
12330.0   1.194496
12332.5   1.194797
12335.0   1.194962
12337.5   1.194981
12340.0   1.194843
12342.5   1.194537
12345.0   1.194066
12347.5   1.193451
12350.0   1.192717
12352.5   1.191887
12355.0   1.190985
12357.5   1.190009
12360.0   1.188920
12362.5   1.187671
12365.0   1.186218
12367.5   1.184516
12370.0   1.182545
12372.5   1.180313
12375.0   1.177836
12377.5   1.175125
12380.0   1.172196
12382.5   1.169110
12385.0   1.165983
12387.5   1.162934
12390.0   1.160084
12392.5   1.157550
12395.0   1.155415
12397.5   1.153725
12400.0   1.152524
12402.5   1.151857
12405.0   1.151765
12407.5   1.152206
12410.0   1.153063
12412.5   1.154214
12415.0   1.155539
12417.5   1.156918
12420.0   1.158265
12422.5   1.159520
12425.0   1.160623
12427.5   1.161513
12430.0   1.162137
12432.5   1.162519
12435.0   1.162738
12437.5   1.162873
12440.0   1.163003
12442.5   1.163204
12445.0   1.163500
12447.5   1.163885
12450.0   1.164355
12452.5   1.164906
12455.0   1.165528
12457.5   1.166160
12460.0   1.166721
12462.5   1.167126
12465.0   1.167293
12467.5   1.167145
12470.0   1.166675
12472.5   1.165902
12475.0   1.164845
12477.5   1.163525
12480.0   1.161980
12482.5   1.160347
12485.0   1.158804
12487.5   1.157524
12490.0   1.156683
12492.5   1.156433
12495.0   1.156804
12497.5   1.157789
12500.0   1.159380
12502.5   1.161570
12505.0   1.164322
12507.5   1.167471
12510.0   1.170815
12512.5   1.174151
12515.0   1.177279
12517.5   1.180031
12520.0   1.182368
12522.5   1.184279
12525.0   1.185752
12527.5   1.186775
12530.0   1.187353
12532.5   1.187536
12535.0   1.187386
12537.5   1.186962
12540.0   1.186326
12542.5   1.185531
12545.0   1.184609
12547.5   1.183590
12550.0   1.182505
12552.5   1.181384
12555.0   1.180250
12557.5   1.179113
12560.0   1.177978
12562.5   1.176854
12565.0   1.175746
12567.5   1.174673
12570.0   1.173672
12572.5   1.172783
12575.0   1.172045
12577.5   1.171498
12580.0   1.171140
12582.5   1.170908
12585.0   1.170730
12587.5   1.170536
12590.0   1.170255
12592.5   1.169843
12595.0   1.169296
12597.5   1.168610
12600.0   1.167784
12602.5   1.166816
12605.0   1.165734
12607.5   1.164607
12610.0   1.163506
12612.5   1.162501
12615.0   1.161662
12617.5   1.161018
12620.0   1.160557
12622.5   1.160267
12625.0   1.160133
12627.5   1.160141
12630.0   1.160278
12632.5   1.160525
12635.0   1.160869
12637.5   1.161293
12640.0   1.161780
12642.5   1.162323
12645.0   1.162918
12647.5   1.163561
12650.0   1.164251
12652.5   1.164983
12655.0   1.165738
12657.5   1.166492
12660.0   1.167216
12662.5   1.167883
12665.0   1.168471
12667.5   1.169008
12670.0   1.169553
12672.5   1.170166
12675.0   1.170907
12677.5   1.171827
12680.0   1.172915
12682.5   1.174126
12685.0   1.175418
12687.5   1.176744
12690.0   1.178062
12692.5   1.179323
12695.0   1.180478
12697.5   1.181478
12700.0   1.182275
12702.5   1.182826
12705.0   1.183133
12707.5   1.183217
12710.0   1.183096
12712.5   1.182792
12715.0   1.182326
12717.5   1.181739
12720.0   1.181075
12722.5   1.180379
12725.0   1.179696
12727.5   1.179066
12730.0   1.178502
12732.5   1.178013
12735.0   1.177606
12737.5   1.177290
12740.0   1.177065
12742.5   1.176909
12745.0   1.176790
12747.5   1.176680
12750.0   1.176548
12752.5   1.176372
12755.0   1.176152
12757.5   1.175894
12760.0   1.175601
12762.5   1.175280
12765.0   1.174929
12767.5   1.174531
12770.0   1.174064
12772.5   1.173510
12775.0   1.172848
12777.5   1.172072
12780.0   1.171211
12782.5   1.170297
12785.0   1.169363
12787.5   1.168442
12790.0   1.167572
12792.5   1.166803
12795.0   1.166185
12797.5   1.165767
12800.0   1.165601
12802.5   1.165697
12805.0   1.165993
12807.5   1.166421
12810.0   1.166913
12812.5   1.167401
12815.0   1.167839
12817.5   1.168210
12820.0   1.168502
12822.5   1.168701
12825.0   1.168794
12827.5   1.168783
12830.0   1.168689
12832.5   1.168534
12835.0   1.168339
12837.5   1.168125
12840.0   1.167885
12842.5   1.167582
12845.0   1.167173
12847.5   1.166619
12850.0   1.165880
12852.5   1.164923
12855.0   1.163725
12857.5   1.162261
12860.0   1.160509
12862.5   1.158447
12865.0   1.156113
12867.5   1.153594
12870.0   1.150978
12872.5   1.148353
12875.0   1.145807
12877.5   1.143432
12880.0   1.141322
12882.5   1.139571
12885.0   1.138274
12887.5   1.137506
12890.0   1.137137
12892.5   1.136907
12895.0   1.136555
12897.5   1.135820
12900.0   1.134433
12902.5   1.132051
12905.0   1.128290
12907.5   1.122763
12910.0   1.115087
12912.5   1.104959
12915.0   1.092693
12917.5   1.078879
12920.0   1.064106
12922.5   1.048967
12925.0   1.034076
12927.5   1.020209
12930.0   1.008208
12932.5   0.998914
12935.0   0.993166
12937.5   0.991615
12940.0   0.993802
12942.5   0.998876
12945.0   1.005985
12947.5   1.014276
12950.0   1.022979
12952.5   1.031693
12955.0   1.040124
12957.5   1.047975
12960.0   1.054950
12962.5   1.060835
12965.0   1.065742
12967.5   1.069863
12970.0   1.073391
12972.5   1.076520
12975.0   1.079413
12977.5   1.082131
12980.0   1.084711
12982.5   1.087191
12985.0   1.089608
12987.5   1.091977
12990.0   1.094248
12992.5   1.096357
12995.0   1.098243
12997.5   1.099844
13000.0   1.101123
13002.5   1.102106
13005.0   1.102827
13007.5   1.103323
13010.0   1.103627
13012.5   1.103787
13015.0   1.103867
13017.5   1.103936
13020.0   1.104063
13022.5   1.104318
13025.0   1.104737
13027.5   1.105303
13030.0   1.105994
13032.5   1.106786
13035.0   1.107655
13037.5   1.108564
13040.0   1.109452
13042.5   1.110253
13045.0   1.110906
13047.5   1.111348
13050.0   1.111563
13052.5   1.111601
13055.0   1.111513
13057.5   1.111353
13060.0   1.111170
13062.5   1.111003
13065.0   1.110872
13067.5   1.110794
13070.0   1.110788
13072.5   1.110870
13075.0   1.110966
13077.5   1.110910
13080.0   1.110530
13082.5   1.109656
13085.0   1.108121
13087.5   1.105863
13090.0   1.102907
13092.5   1.099278
13095.0   1.095004
13097.5   1.090113
13100.0   1.084647
13102.5   1.078659
13105.0   1.072204
13107.5   1.065334
13110.0   1.058095
13112.5   1.050417
13115.0   1.042150
13117.5   1.033145
13120.0   1.023250
13122.5   1.012360
13125.0   1.000795
13127.5   0.989116
13130.0   0.977887
13132.5   0.967670
13135.0   0.959031
13137.5   0.952557
13140.0   0.948847
13142.5   0.948499
13145.0   0.952111
13147.5   0.960109
13150.0   0.971786
13152.5   0.985982
13155.0   1.001537
13157.5   1.017291
13160.0   1.032191
13162.5   1.045804
13165.0   1.057916
13167.5   1.068316
13170.0   1.076791
13172.5   1.083196
13175.0   1.087718
13177.5   1.090653
13180.0   1.092295
13182.5   1.092940
13185.0   1.092862
13187.5   1.092258
13190.0   1.091303
13192.5   1.090174
13195.0   1.089047
13197.5   1.088060
13200.0   1.087216
13202.5   1.086489
13205.0   1.085851
13207.5   1.085276
13210.0   1.084720
13212.5   1.084092
13215.0   1.083289
13217.5   1.082208
13220.0   1.080747
13222.5   1.078859
13225.0   1.076637
13227.5   1.074197
13230.0   1.071653
13232.5   1.069120
13235.0   1.066706
13237.5   1.064511
13240.0   1.062629
13242.5   1.061156
13245.0   1.060189
13247.5   1.059757
13250.0   1.059765
13252.5   1.060098
13255.0   1.060644
13257.5   1.061291
13260.0   1.061941
13262.5   1.062521
13265.0   1.062958
13267.5   1.063182
13270.0   1.063121
13272.5   1.062737
13275.0   1.062040
13277.5   1.061041
13280.0   1.059753
13282.5   1.058189
13285.0   1.056363
13287.5   1.054293
13290.0   1.051996
13292.5   1.049490
13295.0   1.046790
13297.5   1.043869
13300.0   1.040654
13302.5   1.037070
13305.0   1.033043
13307.5   1.028500
13310.0   1.023433
13312.5   1.017894
13315.0   1.011937
13317.5   1.005618
13320.0   0.998989
13322.5   0.992105
13325.0   0.985023
13327.5   0.977797
13330.0   0.970482
13332.5   0.963141
13335.0   0.955919
13337.5   0.949020
13340.0   0.942651
13342.5   0.937016
13345.0   0.932308
13347.5   0.928561
13350.0   0.925711
13352.5   0.923695
13355.0   0.922447
13357.5   0.921901
13360.0   0.921970
13362.5   0.922557
13365.0   0.923565
13367.5   0.924896
13370.0   0.926456
13372.5   0.928151
13375.0   0.929893
13377.5   0.931593
13380.0   0.933160
13382.5   0.934504
13385.0   0.935520
13387.5   0.936099
13390.0   0.936131
13392.5   0.935508
13395.0   0.934147
13397.5   0.932094
13400.0   0.929439
13402.5   0.926271
13405.0   0.922679
13407.5   0.918775
13410.0   0.914772
13412.5   0.910913
13415.0   0.907442
13417.5   0.904602
13420.0   0.902570
13422.5   0.901304
13425.0   0.900707
13427.5   0.900684
13430.0   0.901141
13432.5   0.901970
13435.0   0.903027
13437.5   0.904160
13440.0   0.905216
13442.5   0.906044
13445.0   0.906561
13447.5   0.906874
13450.0   0.907126
13452.5   0.907459
13455.0   0.908014
13457.5   0.908871
13460.0   0.909968
13462.5   0.911223
13465.0   0.912557
13467.5   0.913888
13470.0   0.915157
13472.5   0.916346
13475.0   0.917441
13477.5   0.918429
13480.0   0.919297
13482.5   0.920039
13485.0   0.920661
13487.5   0.921172
13490.0   0.921580
13492.5   0.921892
13495.0   0.922102
13497.5   0.922182
13500.0   0.922105
13502.5   0.921842
13505.0   0.921364
13507.5   0.920704
13510.0   0.919966
13512.5   0.919261
13515.0   0.918701
13517.5   0.918396
13520.0   0.918486
13522.5   0.919132
13525.0   0.920501
13527.5   0.922758
13530.0   0.926057
13532.5   0.930320
13535.0   0.935248
13537.5   0.940535
13540.0   0.945873
13542.5   0.950966
13545.0   0.955705
13547.5   0.960142
13550.0   0.964335
13552.5   0.968340
13555.0   0.972165
13557.5   0.975179
13560.0   0.976305
13562.5   0.974460
13565.0   0.968560
13567.5   0.957639
13570.0   0.942024
13572.5   0.922850
13575.0   0.901265
13577.5   0.878416
13580.0   0.855412
13582.5   0.832992
13585.0   0.811691
13587.5   0.792039
13590.0   0.774569
13592.5   0.759812
13595.0   0.748300
13597.5   0.740564
13600.0   0.737136
13602.5   0.738547
13605.0   0.745329
13607.5   0.758013
13610.0   0.777131
13612.5   0.803215
13615.0   0.836795
13617.5   0.877841
13620.0   0.923082
13622.5   0.968092
13625.0   1.008444
13627.5   1.039711
13630.0   1.058537
13632.5   1.066403
13635.0   1.066152
13637.5   1.060627
13640.0   1.052670
13642.5   1.044649
13645.0   1.037029
13647.5   1.029797
13650.0   1.022943
13652.5   1.016454
13655.0   1.010389
13657.5   1.005018
13660.0   1.000657
13662.5   0.997619
13665.0   0.996220
13667.5   0.996613
13670.0   0.998506
13672.5   1.001530
13675.0   1.005314
13677.5   1.009489
13680.0   1.013613
13682.5   1.017076
13685.0   1.019236
13687.5   1.019455
13690.0   1.017098
13692.5   1.012086
13695.0   1.005454
13697.5   0.998368
13700.0   0.991996
13702.5   0.987498
13705.0   0.985436
13707.5   0.985304
13710.0   0.986486
13712.5   0.988365
13715.0   0.990323
13717.5   0.991801
13720.0   0.992323
13722.5   0.991422
13725.0   0.988632
13727.5   0.983498
13730.0   0.976028
13732.5   0.966832
13735.0   0.956558
13737.5   0.945855
13740.0   0.935369
13742.5   0.925577
13745.0   0.916766
13747.5   0.909214
13750.0   0.903195
13752.5   0.898972
13755.0   0.896504
13757.5   0.895467
13760.0   0.895523
13762.5   0.896337
13765.0   0.897583
13767.5   0.899153
13770.0   0.901121
13772.5   0.903569
13775.0   0.906576
13777.5   0.910216
13780.0   0.914441
13782.5   0.919109
13785.0   0.924075
13787.5   0.929197
13790.0   0.934341
13792.5   0.939506
13795.0   0.944768
13797.5   0.950207
13800.0   0.955903
13802.5   0.961927
13805.0   0.968293
13807.5   0.974978
13810.0   0.981962
13812.5   0.989222
13815.0   0.996710
13817.5   1.004151
13820.0   1.011159
13822.5   1.017345
13825.0   1.022322
13827.5   1.025775
13830.0   1.027872
13832.5   1.028970
13835.0   1.029430
13837.5   1.029610
13840.0   1.029780
13842.5   1.029682
13845.0   1.028873
13847.5   1.026909
13850.0   1.023347
13852.5   1.017851
13855.0   1.010633
13857.5   1.002080
13860.0   0.992580
13862.5   0.982521
13865.0   0.972296
13867.5   0.962330
13870.0   0.953053
13872.5   0.944897
13875.0   0.938293
13877.5   0.933529
13880.0   0.930387
13882.5   0.928535
13885.0   0.927641
13887.5   0.927374
13890.0   0.927341
13892.5   0.926975
13895.0   0.925677
13897.5   0.922852
13900.0   0.917900
13902.5   0.910241
13905.0   0.899329
13907.5   0.884625
13910.0   0.865590
13912.5   0.841689
13915.0   0.813101
13917.5   0.781596
13920.0   0.749163
13922.5   0.717789
13925.0   0.689454
13927.5   0.665446
13930.0   0.645816
13932.5   0.630489
13935.0   0.619388
13937.5   0.612434
13940.0   0.609553
13942.5   0.610666
13945.0   0.615698
13947.5   0.624571
13950.0   0.637208
13952.5   0.653534
13955.0   0.673470
13957.5   0.696940
13960.0   0.723868
13962.5   0.754144
13965.0   0.786661
13967.5   0.819141
13970.0   0.849243
13972.5   0.874624
13975.0   0.893006
13977.5   0.903783
13980.0   0.908107
13982.5   0.907215
13985.0   0.902342
13987.5   0.894723
13990.0   0.885583
13992.5   0.876133
13995.0   0.867585
13997.5   0.861150
14000.0   0.857992
14002.5   0.858514
14005.0   0.862544
14007.5   0.869890
14010.0   0.880364
14012.5   0.893729
14015.0   0.909175
14017.5   0.925489
14020.0   0.941453
14022.5   0.955847
14025.0   0.967493
14027.5   0.975614
14030.0   0.979656
14032.5   0.979066
14035.0   0.973293
14037.5   0.961959
14040.0   0.946142
14042.5   0.927651
14045.0   0.908300
14047.5   0.889903
14050.0   0.874107
14052.5   0.861310
14055.0   0.851355
14057.5   0.844083
14060.0   0.839330
14062.5   0.836884
14065.0   0.836219
14067.5   0.836697
14070.0   0.837683
14072.5   0.838538
14075.0   0.838735
14077.5   0.838291
14080.0   0.837400
14082.5   0.836253
14085.0   0.835044
14087.5   0.833941
14090.0   0.833007
14092.5   0.832273
14095.0   0.831774
14097.5   0.831540
14100.0   0.831598
14102.5   0.831943
14105.0   0.832569
14107.5   0.833466
14110.0   0.834625
14112.5   0.835969
14115.0   0.837198
14117.5   0.837971
14120.0   0.837945
14122.5   0.836778
14125.0   0.834270
14127.5   0.830577
14130.0   0.825906
14132.5   0.820466
14135.0   0.814467
14137.5   0.808191
14140.0   0.802091
14142.5   0.796636
14145.0   0.792302
14147.5   0.789558
14150.0   0.788683
14152.5   0.789571
14155.0   0.792070
14157.5   0.796028
14160.0   0.801290
14162.5   0.807548
14165.0   0.814240
14167.5   0.820783
14170.0   0.826596
14172.5   0.831099
14175.0   0.833886
14177.5   0.834798
14180.0   0.833700
14182.5   0.830453
14185.0   0.824931
14187.5   0.817443
14190.0   0.808867
14192.5   0.800117
14195.0   0.792107
14197.5   0.785730
14200.0   0.781357
14202.5   0.778808
14205.0   0.777876
14207.5   0.778354
14210.0   0.780031
14212.5   0.782618
14215.0   0.785751
14217.5   0.789065
14220.0   0.792191
14222.5   0.794771
14225.0   0.796569
14227.5   0.797458
14230.0   0.797312
14232.5   0.796007
14235.0   0.793445
14237.5   0.789895
14240.0   0.785876
14242.5   0.781913
14245.0   0.778530
14247.5   0.776220
14250.0   0.775141
14252.5   0.775238
14255.0   0.776453
14257.5   0.778728
14260.0   0.781980
14262.5   0.785899
14265.0   0.790062
14267.5   0.794048
14270.0   0.797434
14272.5   0.799841
14275.0   0.801214
14277.5   0.801643
14280.0   0.801222
14282.5   0.800041
14285.0   0.798207
14287.5   0.795919
14290.0   0.793417
14292.5   0.790940
14295.0   0.788726
14297.5   0.786976
14300.0   0.785701
14302.5   0.784853
14305.0   0.784381
14307.5   0.784237
14310.0   0.784352
14312.5   0.784577
14315.0   0.784741
14317.5   0.784671
14320.0   0.784194
14322.5   0.783204
14325.0   0.781853
14327.5   0.780359
14330.0   0.778940
14332.5   0.777814
14335.0   0.777166
14337.5   0.777081
14340.0   0.777623
14342.5   0.778855
14345.0   0.780842
14347.5   0.783567
14350.0   0.786787
14352.5   0.790218
14355.0   0.793579
14357.5   0.796587
14360.0   0.799006
14362.5   0.800704
14365.0   0.801563
14367.5   0.801465
14370.0   0.800295
14372.5   0.798073
14375.0   0.795099
14377.5   0.791707
14380.0   0.788229
14382.5   0.784996
14385.0   0.782232
14387.5   0.779963
14390.0   0.778200
14392.5   0.776948
14395.0   0.776217
14397.5   0.775977
14400.0   0.776152
14402.5   0.776659
14405.0   0.777418
14407.5   0.778345
14410.0   0.779361
14412.5   0.780390
14415.0   0.781353
14417.5   0.782172
14420.0   0.782772
14422.5   0.783094
14425.0   0.783101
14427.5   0.782757
14430.0   0.782026
14432.5   0.780877
14435.0   0.779381
14437.5   0.777706
14440.0   0.776023
14442.5   0.774504
14445.0   0.773314
14447.5   0.772546
14450.0   0.772222
14452.5   0.772366
14455.0   0.772998
14457.5   0.774134
14460.0   0.775675
14462.5   0.777431
14465.0   0.779213
14467.5   0.780831
14470.0   0.782105
14472.5   0.782978
14475.0   0.783466
14477.5   0.783590
14480.0   0.783366
14482.5   0.782818
14485.0   0.781997
14487.5   0.780972
14490.0   0.779812
14492.5   0.778587
14495.0   0.777352
14497.5   0.776071
14500.0   0.774662
14502.5   0.773047
14505.0   0.771144
14507.5   0.768890
14510.0   0.766319
14512.5   0.763504
14515.0   0.760521
14517.5   0.757442
14520.0   0.754364
14522.5   0.751499
14525.0   0.749101
14527.5   0.747426
14530.0   0.746729
14532.5   0.747202
14535.0   0.748754
14537.5   0.751217
14540.0   0.754422
14542.5   0.758198
14545.0   0.762369
14547.5   0.766725
14550.0   0.771051
14552.5   0.775129
14555.0   0.778744
14557.5   0.781726
14560.0   0.784079
14562.5   0.785844
14565.0   0.787061
14567.5   0.787770
14570.0   0.788014
14572.5   0.787832
14575.0   0.787265
14577.5   0.786354
14580.0   0.785140
14582.5   0.783664
14585.0   0.781966
14587.5   0.780087
14590.0   0.778068
14592.5   0.775950
14595.0   0.773773
14597.5   0.771578
14600.0   0.769407
14602.5   0.767299
14605.0   0.765295
14607.5   0.763437
14610.0   0.761765
14612.5   0.760320
14615.0   0.759142
14617.5   0.758273
14620.0   0.757753
14622.5   0.757623
14625.0   0.757923
14627.5   0.758693
14630.0   0.759895
14632.5   0.761393
14635.0   0.763045
14637.5   0.764708
14640.0   0.766239
14642.5   0.767497
14645.0   0.768399
14647.5   0.768929
14650.0   0.769076
14652.5   0.768826
14655.0   0.768170
14657.5   0.767096
14660.0   0.765672
14662.5   0.764045
14665.0   0.762364
14667.5   0.760780
14670.0   0.759443
14672.5   0.758498
14675.0   0.757996
14677.5   0.757892
14680.0   0.758142
14682.5   0.758700
14685.0   0.759519
14687.5   0.760553
14690.0   0.761724
14692.5   0.762934
14695.0   0.764079
14697.5   0.765059
14700.0   0.765774
14702.5   0.766125
14705.0   0.766090
14707.5   0.765700
14710.0   0.764989
14712.5   0.763991
14715.0   0.762737
14717.5   0.761265
14720.0   0.759647
14722.5   0.757981
14725.0   0.756363
14727.5   0.754892
14730.0   0.753666
14732.5   0.752774
14735.0   0.752226
14737.5   0.751978
14740.0   0.751987
14742.5   0.752208
14745.0   0.752600
14747.5   0.753116
14750.0   0.753701
14752.5   0.754291
14755.0   0.754824
14757.5   0.755236
14760.0   0.755464
14762.5   0.755453
14765.0   0.755198
14767.5   0.754723
14770.0   0.754053
14772.5   0.753210
14775.0   0.752219
14777.5   0.751105
14780.0   0.749906
14782.5   0.748665
14785.0   0.747425
14787.5   0.746229
14790.0   0.745120
14792.5   0.744141
14795.0   0.743321
14797.5   0.742687
14800.0   0.742267
14802.5   0.742086
14805.0   0.742173
14807.5   0.742547
14810.0   0.743196
14812.5   0.744091
14815.0   0.745207
14817.5   0.746514
14820.0   0.747986
14822.5   0.749593
14825.0   0.751301
14827.5   0.753070
14830.0   0.754862
14832.5   0.756639
14835.0   0.758363
14837.5   0.759996
14840.0   0.761506
14842.5   0.762866
14845.0   0.764044
14847.5   0.765011
14850.0   0.765737
14852.5   0.766203
14855.0   0.766426
14857.5   0.766438
14860.0   0.766268
14862.5   0.765947
14865.0   0.765505
14867.5   0.764973
14870.0   0.764380
14872.5   0.763758
14875.0   0.763138
14877.5   0.762549
14880.0   0.762024
14882.5   0.761578
14885.0   0.761187
14887.5   0.760813
14890.0   0.760420
14892.5   0.759971
14895.0   0.759429
14897.5   0.758773
14900.0   0.758021
14902.5   0.757205
14905.0   0.756352
14907.5   0.755493
14910.0   0.754657
14912.5   0.753876
14915.0   0.753191
14917.5   0.752646
14920.0   0.752283
14922.5   0.752146
14925.0   0.752277
14927.5   0.752696
14930.0   0.753370
14932.5   0.754255
14935.0   0.755307
14937.5   0.756483
14940.0   0.757741
14942.5   0.759036
14945.0   0.760321
14947.5   0.761553
14950.0   0.762685
14952.5   0.763670
14955.0   0.764464
14957.5   0.765032
14960.0   0.765366
14962.5   0.765460
14965.0   0.765308
14967.5   0.764903
14970.0   0.764240
14972.5   0.763326
14975.0   0.762194
14977.5   0.760879
14980.0   0.759416
14982.5   0.757840
14985.0   0.756185
14987.5   0.754500
14990.0   0.752850
14992.5   0.751300
14995.0   0.749920
14997.5   0.748775
15000.0   0.747932
15002.5   0.747430
15005.0   0.747266
15007.5   0.747433
15010.0   0.747925
15012.5   0.748737
15015.0   0.749861
15017.5   0.751260
15020.0   0.752854
15022.5   0.754560
15025.0   0.756297
15027.5   0.757982
15030.0   0.759535
15032.5   0.760903
15035.0   0.762067
15037.5   0.763012
15040.0   0.763721
15042.5   0.764178
15045.0   0.764367
15047.5   0.764304
15050.0   0.764035
15052.5   0.763609
15055.0   0.763074
15057.5   0.762478
15060.0   0.761870
15062.5   0.761282
15065.0   0.760734
15067.5   0.760244
15070.0   0.759832
15072.5   0.759517
15075.0   0.759314
15077.5   0.759219
15080.0   0.759200
15082.5   0.759230
15085.0   0.759278
15087.5   0.759316
15090.0   0.759314
15092.5   0.759257
15095.0   0.759139
15097.5   0.758954
15100.0   0.758697
15102.5   0.758362
15105.0   0.757945
15107.5   0.757457
15110.0   0.756923
15112.5   0.756366
15115.0   0.755809
15117.5   0.755277
15120.0   0.754790
15122.5   0.754349
15125.0   0.753940
15127.5   0.753551
15130.0   0.753166
15132.5   0.752773
15135.0   0.752360
15137.5   0.751923
15140.0   0.751469
15142.5   0.751002
15145.0   0.750528
15147.5   0.750050
15150.0   0.749577
15152.5   0.749143
15155.0   0.748798
15157.5   0.748590
15160.0   0.748568
15162.5   0.748779
15165.0   0.749268
15167.5   0.750034
15170.0   0.751055
15172.5   0.752309
15175.0   0.753773
15177.5   0.755426
15180.0   0.757241
15182.5   0.759166
15185.0   0.761136
15187.5   0.763086
15190.0   0.764953
15192.5   0.766670
15195.0   0.768178
15197.5   0.769433
15200.0   0.770404
15202.5   0.771056
15205.0   0.771358
15207.5   0.771275
15210.0   0.770784
15212.5   0.769911
15215.0   0.768701
15217.5   0.767200
15220.0   0.765452
15222.5   0.763503
15225.0   0.761400
15227.5   0.759195
15230.0   0.756947
15232.5   0.754712
15235.0   0.752547
15237.5   0.750508
15240.0   0.748647
15242.5   0.746995
15245.0   0.745575
15247.5   0.744412
15250.0   0.743529
15252.5   0.742951
15255.0   0.742695
15257.5   0.742752
15260.0   0.743105
15262.5   0.743740
15265.0   0.744640
15267.5   0.745790
15270.0   0.747161
15272.5   0.748685
15275.0   0.750286
15277.5   0.751884
15280.0   0.753402
15282.5   0.754762
15285.0   0.755902
15287.5   0.756802
15290.0   0.757453
15292.5   0.757845
15295.0   0.757969
15297.5   0.757815
15300.0   0.757396
15302.5   0.756791
15305.0   0.756089
15307.5   0.755380
15310.0   0.754753
15312.5   0.754298
15315.0   0.754075
15317.5   0.754069
15320.0   0.754257
15322.5   0.754613
15325.0   0.755113
15327.5   0.755732
15330.0   0.756434
15332.5   0.757157
15335.0   0.757837
15337.5   0.758410
15340.0   0.758810
15342.5   0.758973
15345.0   0.758863
15347.5   0.758497
15350.0   0.757902
15352.5   0.757102
15355.0   0.756122
15357.5   0.754988
15360.0   0.753726
15362.5   0.752363
15365.0   0.750927
15367.5   0.749447
15370.0   0.747949
15372.5   0.746463
15375.0   0.745009
15377.5   0.743596
15380.0   0.742233
15382.5   0.740928
15385.0   0.739691
15387.5   0.738530
15390.0   0.737458
15392.5   0.736492
15395.0   0.735650
15397.5   0.734951
15400.0   0.734413
15402.5   0.734054
15405.0   0.733885
15407.5   0.733909
15410.0   0.734129
15412.5   0.734546
15415.0   0.735162
15417.5   0.735979
15420.0   0.736980
15422.5   0.738122
15425.0   0.739363
15427.5   0.740661
15430.0   0.741973
15432.5   0.743256
15435.0   0.744484
15437.5   0.745644
15440.0   0.746723
15442.5   0.747710
15445.0   0.748593
15447.5   0.749360
15450.0   0.750013
15452.5   0.750569
15455.0   0.751042
15457.5   0.751449
15460.0   0.751806
15462.5   0.752127
15465.0   0.752412
15467.5   0.752648
15470.0   0.752821
15472.5   0.752917
15475.0   0.752921
15477.5   0.752822
15480.0   0.752628
15482.5   0.752367
15485.0   0.752064
15487.5   0.751747
15490.0   0.751442
15492.5   0.751175
15495.0   0.750944
15497.5   0.750732
15500.0   0.750521
15502.5   0.750293
15505.0   0.750030
15507.5   0.749714
15510.0   0.749333
15512.5   0.748879
15515.0   0.748345
15517.5   0.747722
15520.0   0.747003
15522.5   0.746181
15525.0   0.745272
15527.5   0.744304
15530.0   0.743305
15532.5   0.742304
15535.0   0.741328
15537.5   0.740407
15540.0   0.739552
15542.5   0.738772
15545.0   0.738074
15547.5   0.737464
15550.0   0.736950
15552.5   0.736537
15555.0   0.736227
15557.5   0.736019
15560.0   0.735910
15562.5   0.735898
15565.0   0.735983
15567.5   0.736160
15570.0   0.736421
15572.5   0.736750
15575.0   0.737134
15577.5   0.737559
15580.0   0.738012
15582.5   0.738479
15585.0   0.738957
15587.5   0.739446
15590.0   0.739945
15592.5   0.740454
15595.0   0.740972
15597.5   0.741499
15600.0   0.742025
15602.5   0.742542
15605.0   0.743037
15607.5   0.743501
15610.0   0.743923
15612.5   0.744294
15615.0   0.744610
15617.5   0.744870
15620.0   0.745071
15622.5   0.745213
15625.0   0.745292
15627.5   0.745315
15630.0   0.745320
15632.5   0.745356
15635.0   0.745469
15637.5   0.745707
15640.0   0.746119
15642.5   0.746741
15645.0   0.747564
15647.5   0.748570
15650.0   0.749738
15652.5   0.751051
15655.0   0.752488
15657.5   0.754022
15660.0   0.755597
15662.5   0.757151
15665.0   0.758622
15667.5   0.759948
15670.0   0.761066
15672.5   0.761928
15675.0   0.762525
15677.5   0.762855
15680.0   0.762919
15682.5   0.762715
15685.0   0.762243
15687.5   0.761508
15690.0   0.760529
15692.5   0.759328
15695.0   0.757929
15697.5   0.756354
15700.0   0.754625
15702.5   0.752776
15705.0   0.750871
15707.5   0.748975
15710.0   0.747158
15712.5   0.745485
15715.0   0.744025
15717.5   0.742827
15720.0   0.741899
15722.5   0.741248
15725.0   0.740878
15727.5   0.740793
15730.0   0.740996
15732.5   0.741477
15735.0   0.742184
15737.5   0.743066
15740.0   0.744069
15742.5   0.745140
15745.0   0.746227
15747.5   0.747285
15750.0   0.748286
15752.5   0.749205
15755.0   0.750015
15757.5   0.750690
15760.0   0.751203
15762.5   0.751550
15765.0   0.751760
15767.5   0.751862
15770.0   0.751889
15772.5   0.751872
15775.0   0.751843
15777.5   0.751820
15780.0   0.751806
15782.5   0.751803
15785.0   0.751812
15787.5   0.751835
15790.0   0.751873
15792.5   0.751920
15795.0   0.751962
15797.5   0.751982
15800.0   0.751967
15802.5   0.751900
15805.0   0.751767
15807.5   0.751572
15810.0   0.751343
15812.5   0.751109
15815.0   0.750899
15817.5   0.750741
15820.0   0.750664
15822.5   0.750682
15825.0   0.750800
15827.5   0.751019
15830.0   0.751342
15832.5   0.751769
15835.0   0.752302
15837.5   0.752917
15840.0   0.753562
15842.5   0.754189
15845.0   0.754745
15847.5   0.755182
15850.0   0.755449
15852.5   0.755519
15855.0   0.755383
15857.5   0.755033
15860.0   0.754460
15862.5   0.753656
15865.0   0.752615
15867.5   0.751362
15870.0   0.749950
15872.5   0.748435
15875.0   0.746870
15877.5   0.745310
15880.0   0.743807
15882.5   0.742396
15885.0   0.741095
15887.5   0.739926
15890.0   0.738905
15892.5   0.738053
15895.0   0.737387
15897.5   0.736909
15900.0   0.736610
15902.5   0.736480
15905.0   0.736509
15907.5   0.736689
15910.0   0.737008
15912.5   0.737461
15915.0   0.738042
15917.5   0.738746
15920.0   0.739567
15922.5   0.740500
15925.0   0.741537
15927.5   0.742660
15930.0   0.743840
15932.5   0.745050
15935.0   0.746264
15937.5   0.747452
15940.0   0.748589
15942.5   0.749645
15945.0   0.750591
15947.5   0.751398
15950.0   0.752037
15952.5   0.752479
15955.0   0.752700
15957.5   0.752722
15960.0   0.752584
15962.5   0.752329
15965.0   0.751996
15967.5   0.751627
15970.0   0.751260
15972.5   0.750923
15975.0   0.750638
15977.5   0.750428
15980.0   0.750316
15982.5   0.750325
15985.0   0.750468
15987.5   0.750713
15990.0   0.751006
15992.5   0.751298
15995.0   0.751537
15997.5   0.751671
16000.0   0.751657
16002.5   0.751488
16005.0   0.751169
16007.5   0.750707
16010.0   0.750106
16012.5   0.749373
16015.0   0.748517
16017.5   0.747570
16020.0   0.746569
16022.5   0.745550
16025.0   0.744552
16027.5   0.743612
16030.0   0.742760
16032.5   0.742007
16035.0   0.741353
16037.5   0.740804
16040.0   0.740360
16042.5   0.740027
16045.0   0.739800
16047.5   0.739660
16050.0   0.739582
16052.5   0.739539
16055.0   0.739509
16057.5   0.739464
16060.0   0.739388
16062.5   0.739281
16065.0   0.739147
16067.5   0.738992
16070.0   0.738821
16072.5   0.738638
16075.0   0.738451
16077.5   0.738276
16080.0   0.738131
16082.5   0.738033
16085.0   0.737999
16087.5   0.738046
16090.0   0.738185
16092.5   0.738411
16095.0   0.738716
16097.5   0.739093
16100.0   0.739533
16102.5   0.740028
16105.0   0.740566
16107.5   0.741122
16110.0   0.741669
16112.5   0.742180
16115.0   0.742629
16117.5   0.742989
16120.0   0.743243
16122.5   0.743389
16125.0   0.743428
16127.5   0.743362
16130.0   0.743192
16132.5   0.742919
16135.0   0.742550
16137.5   0.742106
16140.0   0.741605
16142.5   0.741069
16145.0   0.740519
16147.5   0.739973
16150.0   0.739438
16152.5   0.738889
16155.0   0.738305
16157.5   0.737660
16160.0   0.736930
16162.5   0.736091
16165.0   0.735143
16167.5   0.734115
16170.0   0.733039
16172.5   0.731950
16175.0   0.730879
16177.5   0.729859
16180.0   0.728920
16182.5   0.728085
16185.0   0.727376
16187.5   0.726819
16190.0   0.726435
16192.5   0.726248
16195.0   0.726257
16197.5   0.726431
16200.0   0.726741
16202.5   0.727157
16205.0   0.727646
16207.5   0.728177
16210.0   0.728707
16212.5   0.729176
16215.0   0.729523
16217.5   0.729688
16220.0   0.729613
16222.5   0.729236
16225.0   0.728507
16227.5   0.727383
16230.0   0.725820
16232.5   0.723776
16235.0   0.721209
16237.5   0.718084
16240.0   0.714553
16242.5   0.710941
16245.0   0.707583
16247.5   0.704812
16250.0   0.702960
16252.5   0.702350
16255.0   0.703089
16257.5   0.705100
16260.0   0.708302
16262.5   0.712615
16265.0   0.717956
16267.5   0.724236
16270.0   0.731242
16272.5   0.738668
16275.0   0.746206
16277.5   0.753546
16280.0   0.760381
16282.5   0.766409
16285.0   0.771444
16287.5   0.775375
16290.0   0.778094
16292.5   0.779492
16295.0   0.779462
16297.5   0.777918
16300.0   0.775025
16302.5   0.771105
16305.0   0.766481
16307.5   0.761479
16310.0   0.756423
16312.5   0.751617
16315.0   0.747189
16317.5   0.743167
16320.0   0.739578
16322.5   0.736449
16325.0   0.733807
16327.5   0.731674
16330.0   0.730042
16332.5   0.728886
16335.0   0.728182
16337.5   0.727905
16340.0   0.728032
16342.5   0.728536
16345.0   0.729389
16347.5   0.730561
16350.0   0.732022
16352.5   0.733742
16355.0   0.735689
16357.5   0.737833
16360.0   0.740125
16362.5   0.742515
16365.0   0.744949
16367.5   0.747376
16370.0   0.749743
16372.5   0.751999
16375.0   0.754107
16377.5   0.756032
16380.0   0.757740
16382.5   0.759198
16385.0   0.760370
16387.5   0.761233
16390.0   0.761801
16392.5   0.762107
16395.0   0.762181
16397.5   0.762054
16400.0   0.761757
16402.5   0.761318
16405.0   0.760754
16407.5   0.760080
16410.0   0.759310
16412.5   0.758458
16415.0   0.757540
16417.5   0.756569
16420.0   0.755563
16422.5   0.754539
16425.0   0.753514
16427.5   0.752506
16430.0   0.751532
16432.5   0.750605
16435.0   0.749722
16437.5   0.748879
16440.0   0.748068
16442.5   0.747284
16445.0   0.746521
16447.5   0.745773
16450.0   0.745039
16452.5   0.744313
16455.0   0.743595
16457.5   0.742880
16460.0   0.742165
16462.5   0.741449
16465.0   0.740729
16467.5   0.740004
16470.0   0.739272
16472.5   0.738531
16475.0   0.737780
16477.5   0.737017
16480.0   0.736240
16482.5   0.735449
16485.0   0.734642
16487.5   0.733817
16490.0   0.732974
16492.5   0.732120
16495.0   0.731283
16497.5   0.730494
16500.0   0.729783
16502.5   0.729182
16505.0   0.728722
16507.5   0.728420
16510.0   0.728272
16512.5   0.728269
16515.0   0.728404
16517.5   0.728668
16520.0   0.729054
16522.5   0.729551
16525.0   0.730147
16527.5   0.730832
16530.0   0.731592
16532.5   0.732416
16535.0   0.733292
16537.5   0.734197
16540.0   0.735097
16542.5   0.735952
16545.0   0.736725
16547.5   0.737379
16550.0   0.737877
16552.5   0.738199
16555.0   0.738354
16557.5   0.738351
16560.0   0.738200
16562.5   0.737912
16565.0   0.737497
16567.5   0.736970
16570.0   0.736353
16572.5   0.735667
16575.0   0.734936
16577.5   0.734181
16580.0   0.733425
16582.5   0.732690
16585.0   0.731997
16587.5   0.731369
16590.0   0.730827
16592.5   0.730394
16595.0   0.730089
16597.5   0.729927
16600.0   0.729906
16602.5   0.730028
16605.0   0.730292
16607.5   0.730698
16610.0   0.731246
16612.5   0.731916
16615.0   0.732663
16617.5   0.733446
16620.0   0.734220
16622.5   0.734943
16625.0   0.735572
16627.5   0.736078
16630.0   0.736445
16632.5   0.736660
16635.0   0.736707
16637.5   0.736571
16640.0   0.736240
16642.5   0.735725
16645.0   0.735064
16647.5   0.734291
16650.0   0.733442
16652.5   0.732556
16655.0   0.731665
16657.5   0.730788
16660.0   0.729931
16662.5   0.729097
16665.0   0.728291
16667.5   0.727518
16670.0   0.726780
16672.5   0.726060
16675.0   0.725327
16677.5   0.724548
16680.0   0.723692
16682.5   0.722728
16685.0   0.721627
16687.5   0.720406
16690.0   0.719112
16692.5   0.717789
16695.0   0.716484
16697.5   0.715242
16700.0   0.714108
16702.5   0.713110
16705.0   0.712268
16707.5   0.711603
16710.0   0.711132
16712.5   0.710878
16715.0   0.710855
16717.5   0.711049
16720.0   0.711429
16722.5   0.711965
16725.0   0.712627
16727.5   0.713383
16730.0   0.714208
16732.5   0.715108
16735.0   0.716103
16737.5   0.717214
16740.0   0.718463
16742.5   0.719868
16745.0   0.721450
16747.5   0.723215
16750.0   0.725165
16752.5   0.727303
16755.0   0.729631
16757.5   0.732150
16760.0   0.734857
16762.5   0.737715
16765.0   0.740677
16767.5   0.743693
16770.0   0.746715
16772.5   0.749696
16775.0   0.752587
16777.5   0.755354
16780.0   0.757960
16782.5   0.760372
16785.0   0.762557
16787.5   0.764480
16790.0   0.766114
16792.5   0.767464
16795.0   0.768543
16797.5   0.769363
16800.0   0.769940
16802.5   0.770285
16805.0   0.770407
16807.5   0.770293
16810.0   0.769925
16812.5   0.769285
16815.0   0.768355
16817.5   0.767116
16820.0   0.765564
16822.5   0.763738
16825.0   0.761689
16827.5   0.759467
16830.0   0.757122
16832.5   0.754704
16835.0   0.752255
16837.5   0.749786
16840.0   0.747302
16842.5   0.744808
16845.0   0.742311
16847.5   0.739815
16850.0   0.737329
16852.5   0.734869
16855.0   0.732454
16857.5   0.730101
16860.0   0.727828
16862.5   0.725652
16865.0   0.723592
16867.5   0.721666
16870.0   0.719893
16872.5   0.718290
16875.0   0.716876
16877.5   0.715670
16880.0   0.714677
16882.5   0.713872
16885.0   0.713229
16887.5   0.712719
16890.0   0.712314
16892.5   0.711988
16895.0   0.711716
16897.5   0.711479
16900.0   0.711260
16902.5   0.711043
16905.0   0.710810
16907.5   0.710543
16910.0   0.710230
16912.5   0.709865
16915.0   0.709442
16917.5   0.708957
16920.0   0.708403
16922.5   0.707776
16925.0   0.707079
16927.5   0.706334
16930.0   0.705561
16932.5   0.704782
16935.0   0.704019
16937.5   0.703295
16940.0   0.702625
16942.5   0.702022
16945.0   0.701494
16947.5   0.701053
16950.0   0.700708
16952.5   0.700469
16955.0   0.700334
16957.5   0.700288
16960.0   0.700313
16962.5   0.700391
16965.0   0.700504
16967.5   0.700635
16970.0   0.700770
16972.5   0.700898
16975.0   0.701010
16977.5   0.701096
16980.0   0.701145
16982.5   0.701150
16985.0   0.701110
16987.5   0.701035
16990.0   0.700939
16992.5   0.700834
16995.0   0.700731
16997.5   0.700641
17000.0   0.700566
17002.5   0.700490
17005.0   0.700400
17007.5   0.700282
17010.0   0.700123
17012.5   0.699909
17015.0   0.699627
17017.5   0.699270
17020.0   0.698828
17022.5   0.698291
17025.0   0.697652
17027.5   0.696900
17030.0   0.696034
17032.5   0.695058
17035.0   0.693973
17037.5   0.692784
17040.0   0.691494
17042.5   0.690107
17045.0   0.688641
17047.5   0.687126
17050.0   0.685592
17052.5   0.684068
17055.0   0.682584
17057.5   0.681168
17060.0   0.679829
17062.5   0.678563
17065.0   0.677367
17067.5   0.676235
17070.0   0.675164
17072.5   0.674148
17075.0   0.673182
17077.5   0.672256
17080.0   0.671363
17082.5   0.670493
17085.0   0.669638
17087.5   0.668792
17090.0   0.667974
17092.5   0.667216
17095.0   0.666549
17097.5   0.666006
17100.0   0.665619
17102.5   0.665416
17105.0   0.665382
17107.5   0.665486
17110.0   0.665692
17112.5   0.665968
17115.0   0.666279
17117.5   0.666592
17120.0   0.666871
17122.5   0.667077
17125.0   0.667175
17127.5   0.667125
17130.0   0.666892
17132.5   0.666443
17135.0   0.665783
17137.5   0.664931
17140.0   0.663907
17142.5   0.662730
17145.0   0.661418
17147.5   0.659994
17150.0   0.658484
17152.5   0.656921
17155.0   0.655334
17157.5   0.653757
17160.0   0.652219
17162.5   0.650752
17165.0   0.649382
17167.5   0.648135
17170.0   0.647037
17172.5   0.646115
17175.0   0.645393
17177.5   0.644890
17180.0   0.644587
17182.5   0.644451
17185.0   0.644454
17187.5   0.644566
17190.0   0.644755
17192.5   0.644992
17195.0   0.645252
17197.5   0.645507
17200.0   0.645732
17202.5   0.645902
17205.0   0.645990
17207.5   0.645979
17210.0   0.645884
17212.5   0.645727
17215.0   0.645530
17217.5   0.645313
17220.0   0.645098
17222.5   0.644905
17225.0   0.644743
17227.5   0.644619
17230.0   0.644541
17232.5   0.644518
17235.0   0.644557
17237.5   0.644664
17240.0   0.644839
17242.5   0.645079
17245.0   0.645385
17247.5   0.645754
17250.0   0.646185
17252.5   0.646677
17255.0   0.647231
17257.5   0.647844
17260.0   0.648518
17262.5   0.649252
17265.0   0.650045
17267.5   0.650885
17270.0   0.651727
17272.5   0.652523
17275.0   0.653228
17277.5   0.653792
17280.0   0.654169
17282.5   0.654338
17285.0   0.654333
17287.5   0.654199
17290.0   0.653981
17292.5   0.653722
17295.0   0.653465
17297.5   0.653247
17300.0   0.653089
17302.5   0.653010
17305.0   0.653028
17307.5   0.653164
17310.0   0.653435
17312.5   0.653846
17315.0   0.654380
17317.5   0.655012
17320.0   0.655723
17322.5   0.656489
17325.0   0.657288
17327.5   0.658101
17330.0   0.658909
17332.5   0.659695
17335.0   0.660440
17337.5   0.661128
17340.0   0.661741
17342.5   0.662278
17345.0   0.662762
17347.5   0.663217
17350.0   0.663670
17352.5   0.664143
17355.0   0.664662
17357.5   0.665218
17360.0   0.665762
17362.5   0.666241
17365.0   0.666602
17367.5   0.666792
17370.0   0.666761
17372.5   0.666474
17375.0   0.665921
17377.5   0.665094
17380.0   0.663982
17382.5   0.662577
17385.0   0.660870
17387.5   0.658887
17390.0   0.656688
17392.5   0.654334
17395.0   0.651887
17397.5   0.649409
17400.0   0.646962
17402.5   0.644595
17405.0   0.642349
17407.5   0.640265
17410.0   0.638383
17412.5   0.636742
17415.0   0.635381
17417.5   0.634307
17420.0   0.633498
17422.5   0.632933
17425.0   0.632589
17427.5   0.632444
17430.0   0.632475
17432.5   0.632631
17435.0   0.632838
17437.5   0.633025
17440.0   0.633119
17442.5   0.633045
17445.0   0.632735
17447.5   0.632158
17450.0   0.631309
17452.5   0.630185
17455.0   0.628781
17457.5   0.627094
17460.0   0.625125
17462.5   0.622920
17465.0   0.620554
17467.5   0.618104
17470.0   0.615645
17472.5   0.613253
17475.0   0.611000
17477.5   0.608912
17480.0   0.606994
17482.5   0.605248
17485.0   0.603677
17487.5   0.602283
17490.0   0.601070
17492.5   0.600028
17495.0   0.599144
17497.5   0.598403
17500.0   0.597793
17502.5   0.597300
17505.0   0.596908
17507.5   0.596588
17510.0   0.596306
17512.5   0.596027
17515.0   0.595715
17517.5   0.595335
17520.0   0.594857
17522.5   0.594270
17525.0   0.593573
17527.5   0.592766
17530.0   0.591848
17532.5   0.590819
17535.0   0.589679
17537.5   0.588443
17540.0   0.587126
17542.5   0.585747
17545.0   0.584322
17547.5   0.582870
17550.0   0.581409
17552.5   0.579973
17555.0   0.578596
17557.5   0.577315
17560.0   0.576166
17562.5   0.575184
17565.0   0.574398
17567.5   0.573798
17570.0   0.573367
17572.5   0.573084
17575.0   0.572930
17577.5   0.572888
17580.0   0.572937
17582.5   0.573057
17585.0   0.573228
17587.5   0.573428
17590.0   0.573637
17592.5   0.573834
17595.0   0.574005
17597.5   0.574155
17600.0   0.574296
17602.5   0.574439
17605.0   0.574596
17607.5   0.574778
17610.0   0.574993
17612.5   0.575245
17615.0   0.575534
17617.5   0.575861
17620.0   0.576228
17622.5   0.576635
17625.0   0.577070
17627.5   0.577483
17630.0   0.577816
17632.5   0.578012
17635.0   0.578016
17637.5   0.577769
17640.0   0.577235
17642.5   0.576429
17645.0   0.575379
17647.5   0.574110
17650.0   0.572648
17652.5   0.571019
17655.0   0.569265
17657.5   0.567464
17660.0   0.565700
17662.5   0.564057
17665.0   0.562618
17667.5   0.561468
17670.0   0.560648
17672.5   0.560105
17675.0   0.559771
17677.5   0.559582
17680.0   0.559470
17682.5   0.559368
17685.0   0.559221
17687.5   0.558989
17690.0   0.558636
17692.5   0.558125
17695.0   0.557420
17697.5   0.556485
17700.0   0.555354
17702.5   0.554180
17705.0   0.553132
17707.5   0.552377
17710.0   0.552083
17712.5   0.552416
17715.0   0.553463
17717.5   0.555182
17720.0   0.557519
17722.5   0.560421
17725.0   0.563833
17727.5   0.567703
17730.0   0.571919
17732.5   0.576294
17735.0   0.580633
17737.5   0.584742
17740.0   0.588426
17742.5   0.591491
17745.0   0.593803
17747.5   0.595297
17750.0   0.595915
17752.5   0.595601
17755.0   0.594295
17757.5   0.591944
17760.0   0.588631
17762.5   0.584596
17765.0   0.580089
17767.5   0.575361
17770.0   0.570660
17772.5   0.566231
17775.0   0.562197
17777.5   0.558545
17780.0   0.555260
17782.5   0.552325
17785.0   0.549724
17787.5   0.547440
17790.0   0.545456
17792.5   0.543757
17795.0   0.542326
17797.5   0.541147
17800.0   0.540203
17802.5   0.539479
17805.0   0.538965
17807.5   0.538656
17810.0   0.538549
17812.5   0.538639
17815.0   0.538922
17817.5   0.539392
17820.0   0.539988
17822.5   0.540613
17825.0   0.541168
17827.5   0.541555
17830.0   0.541674
17832.5   0.541432
17835.0   0.540811
17837.5   0.539843
17840.0   0.538564
17842.5   0.537007
17845.0   0.535205
17847.5   0.533199
17850.0   0.531072
17852.5   0.528941
17855.0   0.526922
17857.5   0.525129
17860.0   0.523679
17862.5   0.522676
17865.0   0.522121
17867.5   0.521956
17870.0   0.522120
17872.5   0.522557
17875.0   0.523205
17877.5   0.524007
17880.0   0.524898
17882.5   0.525814
17885.0   0.526689
17887.5   0.527457
17890.0   0.528054
17892.5   0.528421
17895.0   0.528553
17897.5   0.528469
17900.0   0.528188
17902.5   0.527728
17905.0   0.527110
17907.5   0.526352
17910.0   0.525481
17912.5   0.524529
17915.0   0.523524
17917.5   0.522496
17920.0   0.521476
17922.5   0.520492
17925.0   0.519572
17927.5   0.518742
17930.0   0.518029
17932.5   0.517458
17935.0   0.517057
17937.5   0.516844
17940.0   0.516804
17942.5   0.516908
17945.0   0.517130
17947.5   0.517441
17950.0   0.517815
17952.5   0.518225
17955.0   0.518652
17957.5   0.519079
17960.0   0.519488
17962.5   0.519862
17965.0   0.520183
17967.5   0.520440
17970.0   0.520644
17972.5   0.520811
17975.0   0.520957
17977.5   0.521099
17980.0   0.521253
17982.5   0.521420
17985.0   0.521549
17987.5   0.521578
17990.0   0.521443
17992.5   0.521082
17995.0   0.520432
17997.5   0.519452
18000.0   0.518181
18002.5   0.516675
18005.0   0.514991
18007.5   0.513185
18010.0   0.511313
18012.5   0.509438
18015.0   0.507640
18017.5   0.506005
18020.0   0.504618
18022.5   0.503563
18025.0   0.502924
18027.5   0.502751
18030.0   0.502985
18032.5   0.503554
18035.0   0.504382
18037.5   0.505396
18040.0   0.506520
18042.5   0.507674
18045.0   0.508758
18047.5   0.509673
18050.0   0.510315
18052.5   0.510586
18055.0   0.510383
18057.5   0.509674
18060.0   0.508577
18062.5   0.507232
18065.0   0.505778
18067.5   0.504354
18070.0   0.503098
18072.5   0.502108
18075.0   0.501390
18077.5   0.500944
18080.0   0.500767
18082.5   0.500858
18085.0   0.501214
18087.5   0.501804
18090.0   0.502536
18092.5   0.503316
18095.0   0.504049
18097.5   0.504639
18100.0   0.504993
18102.5   0.505069
18105.0   0.504912
18107.5   0.504574
18110.0   0.504107
18112.5   0.503564
18115.0   0.502997
18117.5   0.502437
18120.0   0.501887
18122.5   0.501346
18125.0   0.500813
18127.5   0.500291
18130.0   0.499777
18132.5   0.499272
18135.0   0.498776
18137.5   0.498288
18140.0   0.497809
18142.5   0.497339
18145.0   0.496877
18147.5   0.496422
18150.0   0.495977
18152.5   0.495539
18155.0   0.495109
18157.5   0.494687
18160.0   0.494273
18162.5   0.493866
18165.0   0.493467
18167.5   0.493075
18170.0   0.492690
18172.5   0.492312
18175.0   0.491942
18177.5   0.491578
18180.0   0.491222
18182.5   0.490872
18185.0   0.490528
18187.5   0.490191
18190.0   0.489861
18192.5   0.489537
18195.0   0.489219
18197.5   0.488907
18200.0   0.488601
18202.5   0.488301
18205.0   0.488006
18207.5   0.487718
18210.0   0.487434
18212.5   0.487156
18215.0   0.486884
18217.5   0.486616
18220.0   0.486354
18222.5   0.486097
18225.0   0.485845
18227.5   0.485597
18230.0   0.485354
18232.5   0.485115
18235.0   0.484881
18237.5   0.484652
18240.0   0.484426
18242.5   0.484205
18245.0   0.483988
18247.5   0.483774
18250.0   0.483565
18252.5   0.483359
18255.0   0.483156
18257.5   0.482957
18260.0   0.482762
18262.5   0.482569
18265.0   0.482380
18267.5   0.482194
18270.0   0.482011
18272.5   0.481830
18275.0   0.481653
18277.5   0.481477
18280.0   0.481305
18282.5   0.481135
18285.0   0.480967
18287.5   0.480801
18290.0   0.480637
18292.5   0.480475
18295.0   0.480315
18297.5   0.480157
18300.0   0.480000
18302.5   0.479845
18305.0   0.479691
18307.5   0.479539
18310.0   0.479388
18312.5   0.479238
18315.0   0.479090
18317.5   0.478943
18320.0   0.478797
18322.5   0.478653
18325.0   0.478509
18327.5   0.478367
18330.0   0.478225
18332.5   0.478085
18335.0   0.477946
18337.5   0.477807
18340.0   0.477669
18342.5   0.477533
18345.0   0.477397
18347.5   0.477261
18350.0   0.477127
18352.5   0.476993
18355.0   0.476860
18357.5   0.476727
18360.0   0.476595
18362.5   0.476463
18365.0   0.476332
18367.5   0.476201
18370.0   0.476071
18372.5   0.475941
18375.0   0.475811
18377.5   0.475682
18380.0   0.475552
18382.5   0.475423
18385.0   0.475294
18387.5   0.475165
18390.0   0.475036
18392.5   0.474907
18395.0   0.474778
18397.5   0.474649
18400.0   0.474519
18402.5   0.474390
18405.0   0.474260
18407.5   0.474130
18410.0   0.474000
18412.5   0.473870
18415.0   0.473739
18417.5   0.473607
18420.0   0.473475
18422.5   0.473343
18425.0   0.473210
18427.5   0.473076
18430.0   0.472942
18432.5   0.472807
18435.0   0.472672
18437.5   0.472535
18440.0   0.472398
18442.5   0.472260
18445.0   0.472121
18447.5   0.471981
18450.0   0.471840
18452.5   0.471698
18455.0   0.471556
18457.5   0.471411
18460.0   0.471266
18462.5   0.471120
18465.0   0.470972
18467.5   0.470823
18470.0   0.470673
18472.5   0.470522
18475.0   0.470369
18477.5   0.470214
18480.0   0.470058
18482.5   0.469901
18485.0   0.469742
18487.5   0.469581
18490.0   0.469419
18492.5   0.469255
18495.0   0.469089
18497.5   0.468922
18500.0   0.468752
18502.5   0.468581
18505.0   0.468408
18507.5   0.468233
18510.0   0.468056
18512.5   0.467877
18515.0   0.467696
18517.5   0.467512
18520.0   0.467327
18522.5   0.467139
18525.0   0.466950
18527.5   0.466757
18530.0   0.466563
18532.5   0.466366
18535.0   0.466167
18537.5   0.465965
18540.0   0.465761
18542.5   0.465554
18545.0   0.465345
18547.5   0.465133
18550.0   0.464918
18552.5   0.464701
18555.0   0.464480
18557.5   0.464258
18560.0   0.464032
18562.5   0.463803
18565.0   0.463572
18567.5   0.463337
18570.0   0.463100
18572.5   0.462859
18575.0   0.462615
18577.5   0.462369
18580.0   0.462119
18582.5   0.461866
18585.0   0.461609
18587.5   0.461349
18590.0   0.461087
18592.5   0.460820
18595.0   0.460550
18597.5   0.460277
18600.0   0.460000
18602.5   0.459720
18605.0   0.459436
18607.5   0.459149
18610.0   0.458859
18612.5   0.458567
18615.0   0.458272
18617.5   0.457974
18620.0   0.457675
18622.5   0.457374
18625.0   0.457071
18627.5   0.456766
18630.0   0.456460
18632.5   0.456154
18635.0   0.455846
18637.5   0.455537
18640.0   0.455229
18642.5   0.454920
18645.0   0.454611
18647.5   0.454302
18650.0   0.453993
18652.5   0.453685
18655.0   0.453378
18657.5   0.453072
18660.0   0.452767
18662.5   0.452463
18665.0   0.452161
18667.5   0.451861
18670.0   0.451563
18672.5   0.451268
18675.0   0.450974
18677.5   0.450683
18680.0   0.450395
18682.5   0.450111
18685.0   0.449829
18687.5   0.449551
18690.0   0.449277
18692.5   0.449006
18695.0   0.448740
18697.5   0.448478
18700.0   0.448221
18702.5   0.447968
18705.0   0.447720
18707.5   0.447477
18710.0   0.447240
18712.5   0.447008
18715.0   0.446782
18717.5   0.446562
18720.0   0.446348
18722.5   0.446140
18725.0   0.445940
18727.5   0.445745
18730.0   0.445558
18732.5   0.445378
18735.0   0.445206
18737.5   0.445041
18740.0   0.444884
18742.5   0.444735
18745.0   0.444594
18747.5   0.444461
18750.0   0.444338
18752.5   0.444223
18755.0   0.444117
18757.5   0.444021
18760.0   0.443934
18762.5   0.443856
18765.0   0.443789
18767.5   0.443732
18770.0   0.443684
18772.5   0.443648
18775.0   0.443622
18777.5   0.443607
18780.0   0.443604
18782.5   0.443611
18785.0   0.443631
18787.5   0.443662
18790.0   0.443704
18792.5   0.443760
18795.0   0.443827
18797.5   0.443907
18800.0   0.444000
18802.5   0.444106
18805.0   0.444224
18807.5   0.444355
18810.0   0.444498
18812.5   0.444652
18815.0   0.444818
18817.5   0.444996
18820.0   0.445183
18822.5   0.445382
18825.0   0.445590
18827.5   0.445809
18830.0   0.446036
18832.5   0.446273
18835.0   0.446519
18837.5   0.446773
18840.0   0.447036
18842.5   0.447306
18845.0   0.447584
18847.5   0.447870
18850.0   0.448162
18852.5   0.448460
18855.0   0.448766
18857.5   0.449077
18860.0   0.449394
18862.5   0.449716
18865.0   0.450043
18867.5   0.450375
18870.0   0.450711
18872.5   0.451052
18875.0   0.451396
18877.5   0.451743
18880.0   0.452094
18882.5   0.452447
18885.0   0.452803
18887.5   0.453161
18890.0   0.453521
18892.5   0.453883
18895.0   0.454246
18897.5   0.454609
18900.0   0.454973
18902.5   0.455338
18905.0   0.455702
18907.5   0.456066
18910.0   0.456429
18912.5   0.456791
18915.0   0.457152
18917.5   0.457511
18920.0   0.457868
18922.5   0.458223
18925.0   0.458576
18927.5   0.458925
18930.0   0.459271
18932.5   0.459614
18935.0   0.459952
18937.5   0.460286
18940.0   0.460616
18942.5   0.460941
18945.0   0.461261
18947.5   0.461576
18950.0   0.461884
18952.5   0.462186
18955.0   0.462482
18957.5   0.462772
18960.0   0.463054
18962.5   0.463328
18965.0   0.463595
18967.5   0.463854
18970.0   0.464105
18972.5   0.464347
18975.0   0.464580
18977.5   0.464803
18980.0   0.465017
18982.5   0.465221
18985.0   0.465415
18987.5   0.465598
18990.0   0.465770
18992.5   0.465931
18995.0   0.466081
18997.5   0.466218
19000.0   0.466344
19002.5   0.466457
19005.0   0.466557
19007.5   0.466644
19010.0   0.466717
19012.5   0.466777
19015.0   0.466822
19017.5   0.466853
19020.0   0.466870
19022.5   0.466871
19025.0   0.466857
19027.5   0.466827
19030.0   0.466782
19032.5   0.466720
19035.0   0.466641
19037.5   0.466545
19040.0   0.466432
19042.5   0.466302
19045.0   0.466153
19047.5   0.465987
19050.0   0.465801
19052.5   0.465597
19055.0   0.465374
19057.5   0.465131
19060.0   0.464868
19062.5   0.464585
19065.0   0.464282
19067.5   0.463958
19070.0   0.463612
19072.5   0.463246
19075.0   0.462857
19077.5   0.462447
19080.0   0.462014
19082.5   0.461558
19085.0   0.461080
19087.5   0.460578
19090.0   0.460052
19092.5   0.459502
19095.0   0.458929
19097.5   0.458330
19100.0   0.457707
19102.5   0.457058
19105.0   0.456383
19107.5   0.455683
19110.0   0.454957
19112.5   0.454204
19115.0   0.453424
19117.5   0.452617
19120.0   0.451783
19122.5   0.450920
19125.0   0.450030
19127.5   0.449111
19130.0   0.448164
19132.5   0.447187
19135.0   0.446181
19137.5   0.445145
19140.0   0.444079
19142.5   0.442983
19145.0   0.441856
19147.5   0.440698
19150.0   0.439509
19152.5   0.438288
19155.0   0.437035
19157.5   0.435750
19160.0   0.434433
19162.5   0.433082
19165.0   0.431698
19167.5   0.430281
19170.0   0.428829
19172.5   0.427344
19175.0   0.425824
19177.5   0.424269
19180.0   0.422680
19182.5   0.421054
19185.0   0.419392
19187.5   0.417682
19190.0   0.415912
19192.5   0.414068
19195.0   0.412135
19197.5   0.410101
19200.0   0.407953
19202.5   0.405676
19205.0   0.403268
19207.5   0.400785
19210.0   0.398297
19212.5   0.395877
19215.0   0.393599
19217.5   0.391534
19220.0   0.389755
19222.5   0.388334
19225.0   0.387327
19227.5   0.386723
19230.0   0.386495
19232.5   0.386614
19235.0   0.387054
19237.5   0.387787
19240.0   0.388784
19242.5   0.390020
19245.0   0.391456
19247.5   0.393029
19250.0   0.394664
19252.5   0.396289
19255.0   0.397833
19257.5   0.399221
19260.0   0.400381
19262.5   0.401242
19265.0   0.401755
19267.5   0.401943
19270.0   0.401842
19272.5   0.401486
19275.0   0.400910
19277.5   0.400150
19280.0   0.399240
19282.5   0.398216
19285.0   0.397110
19287.5   0.395950
19290.0   0.394761
19292.5   0.393569
19295.0   0.392402
19297.5   0.391284
19300.0   0.390241
19302.5   0.389301
19305.0   0.388481
19307.5   0.387783
19310.0   0.387209
19312.5   0.386759
19315.0   0.386435
19317.5   0.386236
19320.0   0.386164
19322.5   0.386219
19325.0   0.386401
19327.5   0.386705
19330.0   0.387125
19332.5   0.387657
19335.0   0.388295
19337.5   0.389034
19340.0   0.389870
19342.5   0.390798
19345.0   0.391802
19347.5   0.392855
19350.0   0.393929
19352.5   0.394994
19355.0   0.396021
19357.5   0.396982
19360.0   0.397848
19362.5   0.398590
19365.0   0.399195
19367.5   0.399667
19370.0   0.400010
19372.5   0.400229
19375.0   0.400330
19377.5   0.400315
19380.0   0.400191
19382.5   0.399963
19385.0   0.399648
19387.5   0.399278
19390.0   0.398885
19392.5   0.398501
19395.0   0.398159
19397.5   0.397890
19400.0   0.397726
19402.5   0.397699
19405.0   0.397818
19407.5   0.398074
19410.0   0.398458
19412.5   0.398960
19415.0   0.399570
19417.5   0.400280
19420.0   0.401080
19422.5   0.401960
19425.0   0.402898
19427.5   0.403865
19430.0   0.404832
19432.5   0.405769
19435.0   0.406645
19437.5   0.407432
19440.0   0.408100
19442.5   0.408619
19445.0   0.408969
19447.5   0.409134
19450.0   0.409100
19452.5   0.408850
19455.0   0.408370
19457.5   0.407644
19460.0   0.406657
19462.5   0.405396
19465.0   0.403883
19467.5   0.402158
19470.0   0.400261
19472.5   0.398233
19475.0   0.396115
19477.5   0.393945
19480.0   0.391765
19482.5   0.389614
19485.0   0.387536
19487.5   0.385571
19490.0   0.383763
19492.5   0.382154
19495.0   0.380785
19497.5   0.379700
19500.0   0.378940
19502.5   0.378541
19505.0   0.378488
19507.5   0.378751
19510.0   0.379302
19512.5   0.380109
19515.0   0.381143
19517.5   0.382374
19520.0   0.383771
19522.5   0.385303
19525.0   0.386932
19527.5   0.388613
19530.0   0.390306
19532.5   0.391968
19535.0   0.393556
19537.5   0.395030
19540.0   0.396346
19542.5   0.397469
19545.0   0.398388
19547.5   0.399099
19550.0   0.399599
19552.5   0.399882
19555.0   0.399945
19557.5   0.399783
19560.0   0.399392
19562.5   0.398776
19565.0   0.397963
19567.5   0.396988
19570.0   0.395885
19572.5   0.394691
19575.0   0.393438
19577.5   0.392162
19580.0   0.390897
19582.5   0.389674
19585.0   0.388511
19587.5   0.387424
19590.0   0.386430
19592.5   0.385544
19595.0   0.384783
19597.5   0.384163
19600.0   0.383699
19602.5   0.383398
19605.0   0.383236
19607.5   0.383189
19610.0   0.383230
19612.5   0.383332
19615.0   0.383471
19617.5   0.383618
19620.0   0.383750
19622.5   0.383845
19625.0   0.383900
19627.5   0.383912
19630.0   0.383877
19632.5   0.383791
19635.0   0.383652
19637.5   0.383457
19640.0   0.383202
19642.5   0.382892
19645.0   0.382545
19647.5   0.382180
19650.0   0.381817
19652.5   0.381473
19655.0   0.381169
19657.5   0.380922
19660.0   0.380753
19662.5   0.380670
19665.0   0.380666
19667.5   0.380738
19670.0   0.380876
19672.5   0.381075
19675.0   0.381329
19677.5   0.381631
19680.0   0.381975
19682.5   0.382346
19685.0   0.382723
19687.5   0.383084
19690.0   0.383406
19692.5   0.383669
19695.0   0.383850
19697.5   0.383926
19700.0   0.383876
19702.5   0.383683
19705.0   0.383338
19707.5   0.382829
19710.0   0.382146
19712.5   0.381280
19715.0   0.380219
19717.5   0.378955
19720.0   0.377477
19722.5   0.375792
19725.0   0.373924
19727.5   0.371894
19730.0   0.369725
19732.5   0.367438
19735.0   0.365057
19737.5   0.362604
19740.0   0.360102
19742.5   0.357584
19745.0   0.355090
19747.5   0.352661
19750.0   0.350338
19752.5   0.348161
19755.0   0.346172
19757.5   0.344410
19760.0   0.342914
19762.5   0.341692
19765.0   0.340735
19767.5   0.340032
19770.0   0.339572
19772.5   0.339347
19775.0   0.339345
19777.5   0.339557
19780.0   0.339969
19782.5   0.340555
19785.0   0.341278
19787.5   0.342100
19790.0   0.342986
19792.5   0.343898
19795.0   0.344801
19797.5   0.345658
19800.0   0.346436
19802.5   0.347123
19805.0   0.347718
19807.5   0.348220
19810.0   0.348629
19812.5   0.348944
19815.0   0.349163
19817.5   0.349286
19820.0   0.349313
19822.5   0.349253
19825.0   0.349117
19827.5   0.348919
19830.0   0.348670
19832.5   0.348381
19835.0   0.348065
19837.5   0.347733
19840.0   0.347398
19842.5   0.347073
19845.0   0.346771
19847.5   0.346507
19850.0   0.346293
19852.5   0.346144
19855.0   0.346072
19857.5   0.346093
19860.0   0.346214
19862.5   0.346427
19865.0   0.346718
19867.5   0.347072
19870.0   0.347476
19872.5   0.347916
19875.0   0.348379
19877.5   0.348850
19880.0   0.349317
19882.5   0.349776
19885.0   0.350221
19887.5   0.350649
19890.0   0.351056
19892.5   0.351438
19895.0   0.351791
19897.5   0.352111
19900.0   0.352396
19902.5   0.352659
19905.0   0.352909
19907.5   0.353158
19910.0   0.353418
19912.5   0.353700
19915.0   0.354015
19917.5   0.354376
19920.0   0.354789
19922.5   0.355248
19925.0   0.355746
19927.5   0.356277
19930.0   0.356835
19932.5   0.357412
19935.0   0.358002
19937.5   0.358598
19940.0   0.359196
19942.5   0.359794
19945.0   0.360394
19947.5   0.360994
19950.0   0.361595
19952.5   0.362197
19955.0   0.362800
19957.5   0.363404
19960.0   0.364009
19962.5   0.364616
19965.0   0.365226
19967.5   0.365839
19970.0   0.366457
19972.5   0.367080
19975.0   0.367709
19977.5   0.368345
19980.0   0.368985
19982.5   0.369624
19985.0   0.370254
19987.5   0.370870
19990.0   0.371464
19992.5   0.372030
19995.0   0.372560
19997.5   0.373050
20000.0   0.373486
20002.5   0.373855
20005.0   0.374138
20007.5   0.374321
20010.0   0.374387
20012.5   0.374320
20015.0   0.374104
20017.5   0.373723
20020.0   0.373176
20022.5   0.372478
20025.0   0.371643
20027.5   0.370688
20030.0   0.369627
20032.5   0.368475
20035.0   0.367249
20037.5   0.365962
20040.0   0.364635
20042.5   0.363290
20045.0   0.361951
20047.5   0.360640
20050.0   0.359381
20052.5   0.358197
20055.0   0.357110
20057.5   0.356143
20060.0   0.355305
20062.5   0.354597
20065.0   0.354020
20067.5   0.353575
20070.0   0.353263
20072.5   0.353084
20075.0   0.353040
20077.5   0.353129
20080.0   0.353340
20082.5   0.353652
20085.0   0.354044
20087.5   0.354496
20090.0   0.354987
20092.5   0.355497
20095.0   0.356005
20097.5   0.356491
20100.0   0.356946
20102.5   0.357362
20105.0   0.357734
20107.5   0.358054
20110.0   0.358318
20112.5   0.358519
20115.0   0.358650
20117.5   0.358706
20120.0   0.358690
20122.5   0.358607
20125.0   0.358463
20127.5   0.358263
20130.0   0.358015
20132.5   0.357722
20135.0   0.357392
20137.5   0.357029
20140.0   0.356635
20142.5   0.356212
20145.0   0.355760
20147.5   0.355281
20150.0   0.354775
20152.5   0.354245
20155.0   0.353690
20157.5   0.353114
20160.0   0.352523
20162.5   0.351926
20165.0   0.351333
20167.5   0.350751
20170.0   0.350191
20172.5   0.349660
20175.0   0.349168
20177.5   0.348722
20180.0   0.348325
20182.5   0.347978
20185.0   0.347680
20187.5   0.347433
20190.0   0.347238
20192.5   0.347096
20195.0   0.347007
20197.5   0.346969
20200.0   0.346968
20202.5   0.346989
20205.0   0.347018
20207.5   0.347037
20210.0   0.347033
20212.5   0.346989
20215.0   0.346891
20217.5   0.346727
20220.0   0.346498
20222.5   0.346209
20225.0   0.345863
20227.5   0.345462
20230.0   0.345012
20232.5   0.344514
20235.0   0.343974
20237.5   0.343397
20240.0   0.342798
20242.5   0.342194
20245.0   0.341601
20247.5   0.341033
20250.0   0.340508
20252.5   0.340040
20255.0   0.339646
20257.5   0.339337
20260.0   0.339116
20262.5   0.338984
20265.0   0.338943
20267.5   0.338994
20270.0   0.339140
20272.5   0.339381
20275.0   0.339720
20277.5   0.340151
20280.0   0.340662
20282.5   0.341236
20285.0   0.341860
20287.5   0.342518
20290.0   0.343195
20292.5   0.343878
20295.0   0.344550
20297.5   0.345200
20300.0   0.345819
20302.5   0.346399
20305.0   0.346931
20307.5   0.347406
20310.0   0.347818
20312.5   0.348156
20315.0   0.348413
20317.5   0.348589
20320.0   0.348694
20322.5   0.348739
20325.0   0.348735
20327.5   0.348691
20330.0   0.348620
20332.5   0.348530
20335.0   0.348433
20337.5   0.348332
20340.0   0.348223
20342.5   0.348100
20345.0   0.347961
20347.5   0.347799
20350.0   0.347611
20352.5   0.347391
20355.0   0.347136
20357.5   0.346833
20360.0   0.346464
20362.5   0.346011
20365.0   0.345455
20367.5   0.344779
20370.0   0.343964
20372.5   0.342993
20375.0   0.341848
20377.5   0.340536
20380.0   0.339079
20382.5   0.337499
20385.0   0.335818
20387.5   0.334059
20390.0   0.332244
20392.5   0.330394
20395.0   0.328535
20397.5   0.326704
20400.0   0.324953
20402.5   0.323330
20405.0   0.321886
20407.5   0.320670
20410.0   0.319733
20412.5   0.319123
20415.0   0.318885
20417.5   0.319007
20420.0   0.319454
20422.5   0.320187
20425.0   0.321169
20427.5   0.322363
20430.0   0.323732
20432.5   0.325238
20435.0   0.326844
20437.5   0.328518
20440.0   0.330231
20442.5   0.331951
20445.0   0.333649
20447.5   0.335295
20450.0   0.336858
20452.5   0.338308
20455.0   0.339620
20457.5   0.340794
20460.0   0.341840
20462.5   0.342769
20465.0   0.343589
20467.5   0.344311
20470.0   0.344945
20472.5   0.345501
20475.0   0.345987
20477.5   0.346406
20480.0   0.346760
20482.5   0.347050
20485.0   0.347276
20487.5   0.347440
20490.0   0.347544
20492.5   0.347587
20495.0   0.347572
20497.5   0.347501
20500.0   0.347377
20502.5   0.347202
20505.0   0.346978
20507.5   0.346710
20510.0   0.346399
20512.5   0.346047
20515.0   0.345660
20517.5   0.345246
20520.0   0.344813
20522.5   0.344371
20525.0   0.343931
20527.5   0.343500
20530.0   0.343088
20532.5   0.342706
20535.0   0.342358
20537.5   0.342043
20540.0   0.341756
20542.5   0.341494
20545.0   0.341251
20547.5   0.341023
20550.0   0.340807
20552.5   0.340598
20555.0   0.340393
20557.5   0.340191
20560.0   0.339991
20562.5   0.339794
20565.0   0.339598
20567.5   0.339404
20570.0   0.339210
20572.5   0.339015
20575.0   0.338822
20577.5   0.338632
20580.0   0.338450
20582.5   0.338278
20585.0   0.338120
20587.5   0.337981
20590.0   0.337862
20592.5   0.337768
20595.0   0.337699
20597.5   0.337651
20600.0   0.337622
20602.5   0.337606
20605.0   0.337600
20607.5   0.337600
20610.0   0.337602
20612.5   0.337602
20615.0   0.337598
20617.5   0.337592
20620.0   0.337587
20622.5   0.337584
20625.0   0.337585
20627.5   0.337593
20630.0   0.337609
20632.5   0.337636
20635.0   0.337674
20637.5   0.337723
20640.0   0.337780
20642.5   0.337845
20645.0   0.337917
20647.5   0.337994
20650.0   0.338076
20652.5   0.338162
20655.0   0.338249
20657.5   0.338338
20660.0   0.338425
20662.5   0.338511
20665.0   0.338593
20667.5   0.338670
20670.0   0.338741
20672.5   0.338804
20675.0   0.338855
20677.5   0.338884
20680.0   0.338884
20682.5   0.338846
20685.0   0.338763
20687.5   0.338625
20690.0   0.338426
20692.5   0.338156
20695.0   0.337820
20697.5   0.337427
20700.0   0.336988
20702.5   0.336512
20705.0   0.336010
20707.5   0.335492
20710.0   0.334969
20712.5   0.334450
20715.0   0.333943
20717.5   0.333457
20720.0   0.332997
20722.5   0.332570
20725.0   0.332185
20727.5   0.331847
20730.0   0.331564
20732.5   0.331342
20735.0   0.331179
20737.5   0.331071
20740.0   0.331010
20742.5   0.330992
20745.0   0.331012
20747.5   0.331062
20750.0   0.331139
20752.5   0.331236
20755.0   0.331349
20757.5   0.331472
20760.0   0.331602
20762.5   0.331732
20765.0   0.331860
20767.5   0.331979
20770.0   0.332086
20772.5   0.332177
20775.0   0.332251
20777.5   0.332312
20780.0   0.332363
20782.5   0.332405
20785.0   0.332442
20787.5   0.332475
20790.0   0.332508
20792.5   0.332541
20795.0   0.332574
20797.5   0.332604
20800.0   0.332627
20802.5   0.332642
20805.0   0.332645
20807.5   0.332634
20810.0   0.332607
20812.5   0.332561
20815.0   0.332493
20817.5   0.332404
20820.0   0.332290
20822.5   0.332152
20825.0   0.331987
20827.5   0.331794
20830.0   0.331571
20832.5   0.331319
20835.0   0.331044
20837.5   0.330752
20840.0   0.330450
20842.5   0.330145
20845.0   0.329844
20847.5   0.329554
20850.0   0.329280
20852.5   0.329031
20855.0   0.328811
20857.5   0.328627
20860.0   0.328484
20862.5   0.328388
20865.0   0.328344
20867.5   0.328359
20870.0   0.328437
20872.5   0.328581
20875.0   0.328784
20877.5   0.329037
20880.0   0.329333
20882.5   0.329664
20885.0   0.330021
20887.5   0.330397
20890.0   0.330783
20892.5   0.331172
20895.0   0.331553
20897.5   0.331917
20900.0   0.332255
20902.5   0.332557
20905.0   0.332815
20907.5   0.333019
20910.0   0.333158
20912.5   0.333231
20915.0   0.333241
20917.5   0.333195
20920.0   0.333099
20922.5   0.332959
20925.0   0.332781
20927.5   0.332571
20930.0   0.332335
20932.5   0.332079
20935.0   0.331808
20937.5   0.331527
20940.0   0.331241
20942.5   0.330955
20945.0   0.330675
20947.5   0.330406
20950.0   0.330151
20952.5   0.329915
20955.0   0.329695
20957.5   0.329491
20960.0   0.329301
20962.5   0.329124
20965.0   0.328958
20967.5   0.328803
20970.0   0.328657
20972.5   0.328519
20975.0   0.328388
20977.5   0.328264
20980.0   0.328146
20982.5   0.328032
20985.0   0.327923
20987.5   0.327817
20990.0   0.327713
20992.5   0.327614
20995.0   0.327519
20997.5   0.327432
21000.0   0.327355
21002.5   0.327288
21005.0   0.327236
21007.5   0.327198
21010.0   0.327178
21012.5   0.327177
21015.0   0.327197
21017.5   0.327238
21020.0   0.327302
21022.5   0.327391
21025.0   0.327506
21027.5   0.327648
21030.0   0.327818
21032.5   0.328013
21035.0   0.328227
21037.5   0.328454
21040.0   0.328689
21042.5   0.328926
21045.0   0.329158
21047.5   0.329379
21050.0   0.329585
21052.5   0.329772
21055.0   0.329939
21057.5   0.330085
21060.0   0.330208
21062.5   0.330307
21065.0   0.330381
21067.5   0.330429
21070.0   0.330449
21072.5   0.330443
21075.0   0.330414
21077.5   0.330364
21080.0   0.330296
21082.5   0.330213
21085.0   0.330117
21087.5   0.330011
21090.0   0.329898
21092.5   0.329779
21095.0   0.329657
21097.5   0.329536
21100.0   0.329417
21102.5   0.329302
21105.0   0.329195
21107.5   0.329097
21110.0   0.329010
21112.5   0.328934
21115.0   0.328867
21117.5   0.328808
21120.0   0.328754
21122.5   0.328705
21125.0   0.328658
21127.5   0.328613
21130.0   0.328567
21132.5   0.328522
21135.0   0.328476
21137.5   0.328430
21140.0   0.328385
21142.5   0.328341
21145.0   0.328298
21147.5   0.328256
21150.0   0.328216
21152.5   0.328180
21155.0   0.328153
21157.5   0.328137
21160.0   0.328135
21162.5   0.328150
21165.0   0.328186
21167.5   0.328245
21170.0   0.328331
21172.5   0.328440
21175.0   0.328572
21177.5   0.328723
21180.0   0.328892
21182.5   0.329077
21185.0   0.329276
21187.5   0.329486
21190.0   0.329704
21192.5   0.329926
21195.0   0.330146
21197.5   0.330359
21200.0   0.330559
21202.5   0.330740
21205.0   0.330897
21207.5   0.331026
21210.0   0.331122
21212.5   0.331187
21215.0   0.331222
21217.5   0.331228
21220.0   0.331207
21222.5   0.331160
21225.0   0.331088
21227.5   0.330993
21230.0   0.330877
21232.5   0.330741
21235.0   0.330590
21237.5   0.330424
21240.0   0.330246
21242.5   0.330060
21245.0   0.329867
21247.5   0.329670
21250.0   0.329470
21252.5   0.329269
21255.0   0.329065
21257.5   0.328860
21260.0   0.328653
21262.5   0.328446
21265.0   0.328237
21267.5   0.328028
21270.0   0.327819
21272.5   0.327609
21275.0   0.327401
21277.5   0.327193
21280.0   0.326986
21282.5   0.326781
21285.0   0.326578
21287.5   0.326378
21290.0   0.326182
21292.5   0.325991
21295.0   0.325807
21297.5   0.325633
21300.0   0.325469
21302.5   0.325318
21305.0   0.325183
21307.5   0.325063
21310.0   0.324962
21312.5   0.324878
21315.0   0.324814
21317.5   0.324769
21320.0   0.324743
21322.5   0.324738
21325.0   0.324754
21327.5   0.324791
21330.0   0.324847
21332.5   0.324919
21335.0   0.325002
21337.5   0.325092
21340.0   0.325186
21342.5   0.325280
21345.0   0.325370
21347.5   0.325452
21350.0   0.325527
21352.5   0.325595
21355.0   0.325660
21357.5   0.325722
21360.0   0.325783
21362.5   0.325846
21365.0   0.325912
21367.5   0.325984
21370.0   0.326062
21372.5   0.326148
21375.0   0.326244
21377.5   0.326352
21380.0   0.326473
21382.5   0.326608
21385.0   0.326760
21387.5   0.326930
21390.0   0.327118
21392.5   0.327323
21395.0   0.327547
21397.5   0.327788
21400.0   0.328047
21402.5   0.328323
21405.0   0.328617
21407.5   0.328926
21410.0   0.329246
21412.5   0.329566
21415.0   0.329879
21417.5   0.330177
21420.0   0.330450
21422.5   0.330690
21425.0   0.330889
21427.5   0.331039
21430.0   0.331135
21432.5   0.331174
21435.0   0.331152
21437.5   0.331065
21440.0   0.330910
21442.5   0.330683
21445.0   0.330380
21447.5   0.330000
21450.0   0.329554
21452.5   0.329054
21455.0   0.328513
21457.5   0.327943
21460.0   0.327358
21462.5   0.326770
21465.0   0.326192
21467.5   0.325636
21470.0   0.325108
21472.5   0.324616
21475.0   0.324167
21477.5   0.323766
21480.0   0.323422
21482.5   0.323140
21485.0   0.322927
21487.5   0.322787
21490.0   0.322716
21492.5   0.322708
21495.0   0.322758
21497.5   0.322860
21500.0   0.323010
21502.5   0.323202
21505.0   0.323430
21507.5   0.323690
21510.0   0.323978
21512.5   0.324289
21515.0   0.324620
21517.5   0.324967
21520.0   0.325325
21522.5   0.325692
21525.0   0.326063
21527.5   0.326436
21530.0   0.326809
21532.5   0.327184
21535.0   0.327559
21537.5   0.327934
21540.0   0.328310
21542.5   0.328686
21545.0   0.329062
21547.5   0.329437
21550.0   0.329810
21552.5   0.330179
21555.0   0.330542
21557.5   0.330899
21560.0   0.331246
21562.5   0.331583
21565.0   0.331909
21567.5   0.332221
21570.0   0.332519
21572.5   0.332802
21575.0   0.333070
21577.5   0.333321
21580.0   0.333554
21582.5   0.333770
21585.0   0.333966
21587.5   0.334144
21590.0   0.334305
21592.5   0.334452
21595.0   0.334587
21597.5   0.334711
21600.0   0.334826
21602.5   0.334936
21605.0   0.335041
21607.5   0.335145
21610.0   0.335252
21612.5   0.335364
21615.0   0.335485
21617.5   0.335619
21620.0   0.335770
21622.5   0.335941
21625.0   0.336135
21627.5   0.336349
21630.0   0.336574
21632.5   0.336800
21635.0   0.337019
21637.5   0.337222
21640.0   0.337400
21642.5   0.337543
21645.0   0.337644
21647.5   0.337700
21650.0   0.337709
21652.5   0.337674
21655.0   0.337595
21657.5   0.337472
21660.0   0.337305
21662.5   0.337096
21665.0   0.336845
21667.5   0.336559
21670.0   0.336245
21672.5   0.335912
21675.0   0.335569
21677.5   0.335224
21680.0   0.334886
21682.5   0.334564
21685.0   0.334265
21687.5   0.333990
21690.0   0.333738
21692.5   0.333506
21695.0   0.333293
21697.5   0.333095
21700.0   0.332912
21702.5   0.332740
21705.0   0.332579
21707.5   0.332426
21710.0   0.332278
21712.5   0.332134
21715.0   0.331991
21717.5   0.331849
21720.0   0.331704
21722.5   0.331554
21725.0   0.331398
21727.5   0.331236
21730.0   0.331066
21732.5   0.330888
21735.0   0.330702
21737.5   0.330508
21740.0   0.330306
21742.5   0.330095
21745.0   0.329875
21747.5   0.329647
21750.0   0.329412
21752.5   0.329171
21755.0   0.328926
21757.5   0.328677
21760.0   0.328426
21762.5   0.328174
21765.0   0.327921
21767.5   0.327669
21770.0   0.327418
21772.5   0.327169
21775.0   0.326921
21777.5   0.326677
21780.0   0.326436
21782.5   0.326198
21785.0   0.325966
21787.5   0.325741
21790.0   0.325527
21792.5   0.325327
21795.0   0.325143
21797.5   0.324979
21800.0   0.324837
21802.5   0.324720
21805.0   0.324631
21807.5   0.324567
21810.0   0.324525
21812.5   0.324504
21815.0   0.324502
21817.5   0.324515
21820.0   0.324542
21822.5   0.324579
21825.0   0.324627
21827.5   0.324682
21830.0   0.324744
21832.5   0.324814
21835.0   0.324888
21837.5   0.324968
21840.0   0.325051
21842.5   0.325137
21845.0   0.325226
21847.5   0.325314
21850.0   0.325402
21852.5   0.325489
21855.0   0.325571
21857.5   0.325650
21860.0   0.325722
21862.5   0.325787
21865.0   0.325844
21867.5   0.325891
21870.0   0.325928
21872.5   0.325954
21875.0   0.325968
21877.5   0.325969
21880.0   0.325956
21882.5   0.325929
21885.0   0.325890
21887.5   0.325844
21890.0   0.325797
21892.5   0.325756
21895.0   0.325727
21897.5   0.325717
21900.0   0.325730
21902.5   0.325774
21905.0   0.325851
21907.5   0.325958
21910.0   0.326093
21912.5   0.326254
21915.0   0.326440
21917.5   0.326647
21920.0   0.326874
21922.5   0.327118
21925.0   0.327377
21927.5   0.327648
21930.0   0.327928
21932.5   0.328213
21935.0   0.328500
21937.5   0.328787
21940.0   0.329071
21942.5   0.329347
21945.0   0.329612
21947.5   0.329861
21950.0   0.330088
21952.5   0.330287
21955.0   0.330455
21957.5   0.330586
21960.0   0.330674
21962.5   0.330714
21965.0   0.330701
21967.5   0.330632
21970.0   0.330502
21972.5   0.330307
21975.0   0.330042
21977.5   0.329704
21980.0   0.329287
21982.5   0.328789
21985.0   0.328212
21987.5   0.327563
21990.0   0.326847
21992.5   0.326072
21995.0   0.325242
21997.5   0.324365
22000.0   0.323447
22002.5   0.322494
22005.0   0.321514
22007.5   0.320518
22010.0   0.319515
22012.5   0.318514
22015.0   0.317524
22017.5   0.316556
22020.0   0.315618
22022.5   0.314721
22025.0   0.313873
22027.5   0.313081
22030.0   0.312354
22032.5   0.311701
22035.0   0.311129
22037.5   0.310647
22040.0   0.310262
22042.5   0.309983
22045.0   0.309806
22047.5   0.309728
22050.0   0.309745
22052.5   0.309852
22055.0   0.310046
22057.5   0.310322
22060.0   0.310677
22062.5   0.311106
22065.0   0.311600
22067.5   0.312152
22070.0   0.312753
22072.5   0.313394
22075.0   0.314067
22077.5   0.314764
22080.0   0.315476
22082.5   0.316194
22085.0   0.316911
22087.5   0.317619
22090.0   0.318310
22092.5   0.318976
22095.0   0.319609
22097.5   0.320200
22100.0   0.320744
22102.5   0.321232
22105.0   0.321663
22107.5   0.322039
22110.0   0.322359
22112.5   0.322622
22115.0   0.322829
22117.5   0.322980
22120.0   0.323074
22122.5   0.323113
22125.0   0.323101
22127.5   0.323043
22130.0   0.322944
22132.5   0.322808
22135.0   0.322639
22137.5   0.322444
22140.0   0.322226
22142.5   0.321990
22145.0   0.321739
22147.5   0.321476
22150.0   0.321206
22152.5   0.320931
22155.0   0.320654
22157.5   0.320379
22160.0   0.320109
22162.5   0.319849
22165.0   0.319602
22167.5   0.319374
22170.0   0.319169
22172.5   0.318993
22175.0   0.318850
22177.5   0.318746
22180.0   0.318684
22182.5   0.318668
22185.0   0.318697
22187.5   0.318770
22190.0   0.318886
22192.5   0.319045
22195.0   0.319244
22197.5   0.319484
22200.0   0.319763
22202.5   0.320079
22205.0   0.320424
22207.5   0.320792
22210.0   0.321176
22212.5   0.321570
22215.0   0.321967
22217.5   0.322361
22220.0   0.322744
22222.5   0.323112
22225.0   0.323457
22227.5   0.323773
22230.0   0.324056
22232.5   0.324298
22235.0   0.324494
22237.5   0.324638
22240.0   0.324724
22242.5   0.324753
22245.0   0.324731
22247.5   0.324664
22250.0   0.324558
22252.5   0.324421
22255.0   0.324256
22257.5   0.324073
22260.0   0.323875
22262.5   0.323673
22265.0   0.323472
22267.5   0.323283
22270.0   0.323112
22272.5   0.322970
22275.0   0.322863
22277.5   0.322801
22280.0   0.322791
22282.5   0.322829
22285.0   0.322906
22287.5   0.323011
22290.0   0.323134
22292.5   0.323263
22295.0   0.323388
22297.5   0.323499
22300.0   0.323586
22302.5   0.323642
22305.0   0.323666
22307.5   0.323655
22310.0   0.323606
22312.5   0.323516
22315.0   0.323383
22317.5   0.323204
22320.0   0.322977
22322.5   0.322710
22325.0   0.322416
22327.5   0.322106
22330.0   0.321792
22332.5   0.321488
22335.0   0.321204
22337.5   0.320952
22340.0   0.320745
22342.5   0.320584
22345.0   0.320471
22347.5   0.320404
22350.0   0.320386
22352.5   0.320414
22355.0   0.320490
22357.5   0.320614
22360.0   0.320785
22362.5   0.320995
22365.0   0.321237
22367.5   0.321502
22370.0   0.321781
22372.5   0.322066
22375.0   0.322348
22377.5   0.322619
22380.0   0.322870
22382.5   0.323099
22385.0   0.323303
22387.5   0.323480
22390.0   0.323627
22392.5   0.323742
22395.0   0.323823
22397.5   0.323866
22400.0   0.323871
22402.5   0.323843
22405.0   0.323786
22407.5   0.323705
22410.0   0.323606
22412.5   0.323494
22415.0   0.323373
22417.5   0.323250
22420.0   0.323128
22422.5   0.323009
22425.0   0.322893
22427.5   0.322782
22430.0   0.322676
22432.5   0.322576
22435.0   0.322482
22437.5   0.322397
22440.0   0.322320
22442.5   0.322255
22445.0   0.322205
22447.5   0.322170
22450.0   0.322155
22452.5   0.322162
22455.0   0.322193
22457.5   0.322252
22460.0   0.322338
22462.5   0.322451
22465.0   0.322588
22467.5   0.322746
22470.0   0.322925
22472.5   0.323120
22475.0   0.323331
22477.5   0.323555
22480.0   0.323787
22482.5   0.324021
22485.0   0.324249
22487.5   0.324464
22490.0   0.324657
22492.5   0.324821
22495.0   0.324950
22497.5   0.325034
22500.0   0.325072
22502.5   0.325070
22505.0   0.325032
22507.5   0.324966
22510.0   0.324876
22512.5   0.324770
22515.0   0.324652
22517.5   0.324528
22520.0   0.324403
22522.5   0.324274
22525.0   0.324141
22527.5   0.324004
22530.0   0.323861
22532.5   0.323712
22535.0   0.323556
22537.5   0.323392
22540.0   0.323218
22542.5   0.323031
22545.0   0.322827
22547.5   0.322602
22550.0   0.322354
22552.5   0.322078
22555.0   0.321771
22557.5   0.321430
22560.0   0.321055
22562.5   0.320650
22565.0   0.320217
22567.5   0.319761
22570.0   0.319285
22572.5   0.318792
22575.0   0.318287
22577.5   0.317772
22580.0   0.317251
22582.5   0.316725
22585.0   0.316199
22587.5   0.315672
22590.0   0.315149
22592.5   0.314632
22595.0   0.314123
22597.5   0.313624
22600.0   0.313141
22602.5   0.312678
22605.0   0.312242
22607.5   0.311838
22610.0   0.311472
22612.5   0.311149
22615.0   0.310876
22617.5   0.310657
22620.0   0.310493
22622.5   0.310383
22625.0   0.310324
22627.5   0.310316
22630.0   0.310356
22632.5   0.310442
22635.0   0.310573
22637.5   0.310746
22640.0   0.310958
22642.5   0.311202
22645.0   0.311472
22647.5   0.311764
22650.0   0.312071
22652.5   0.312388
22655.0   0.312709
22657.5   0.313028
22660.0   0.313340
22662.5   0.313640
22665.0   0.313922
22667.5   0.314181
22670.0   0.314411
22672.5   0.314608
22675.0   0.314766
22677.5   0.314881
22680.0   0.314954
22682.5   0.314991
22685.0   0.314995
22687.5   0.314971
22690.0   0.314922
22692.5   0.314852
22695.0   0.314767
22697.5   0.314669
22700.0   0.314563
22702.5   0.314454
22705.0   0.314345
22707.5   0.314240
22710.0   0.314144
22712.5   0.314060
22715.0   0.313994
22717.5   0.313946
22720.0   0.313916
22722.5   0.313898
22725.0   0.313890
22727.5   0.313887
22730.0   0.313885
22732.5   0.313881
22735.0   0.313871
22737.5   0.313853
22740.0   0.313827
22742.5   0.313797
22745.0   0.313763
22747.5   0.313730
22750.0   0.313697
22752.5   0.313669
22755.0   0.313646
22757.5   0.313631
22760.0   0.313627
22762.5   0.313637
22765.0   0.313664
22767.5   0.313710
22770.0   0.313778
22772.5   0.313871
22775.0   0.313992
22777.5   0.314140
22780.0   0.314310
22782.5   0.314495
22785.0   0.314688
22787.5   0.314882
22790.0   0.315070
22792.5   0.315246
22795.0   0.315403
22797.5   0.315535
22800.0   0.315644
22802.5   0.315729
22805.0   0.315791
22807.5   0.315830
22810.0   0.315846
22812.5   0.315839
22815.0   0.315810
22817.5   0.315760
22820.0   0.315693
22822.5   0.315613
22825.0   0.315524
22827.5   0.315430
22830.0   0.315335
22832.5   0.315243
22835.0   0.315157
22837.5   0.315079
22840.0   0.315009
22842.5   0.314945
22845.0   0.314887
22847.5   0.314833
22850.0   0.314782
22852.5   0.314733
22855.0   0.314685
22857.5   0.314633
22860.0   0.314568
22862.5   0.314482
22865.0   0.314367
22867.5   0.314212
22870.0   0.314011
22872.5   0.313753
22875.0   0.313431
22877.5   0.313038
22880.0   0.312568
22882.5   0.312018
22885.0   0.311382
22887.5   0.310654
22890.0   0.309832
22892.5   0.308908
22895.0   0.307881
22897.5   0.306756
22900.0   0.305550
22902.5   0.304280
22905.0   0.302962
22907.5   0.301613
22910.0   0.300249
22912.5   0.298888
22915.0   0.297545
22917.5   0.296236
22920.0   0.294978
22922.5   0.293787
22925.0   0.292678
22927.5   0.291667
22930.0   0.290770
22932.5   0.290003
22935.0   0.289381
22937.5   0.288903
22940.0   0.288564
22942.5   0.288355
22945.0   0.288271
22947.5   0.288304
22950.0   0.288447
22952.5   0.288693
22955.0   0.289034
22957.5   0.289459
22960.0   0.289954
22962.5   0.290504
22965.0   0.291095
22967.5   0.291714
22970.0   0.292347
22972.5   0.292979
22975.0   0.293597
22977.5   0.294194
22980.0   0.294762
22982.5   0.295296
22985.0   0.295789
22987.5   0.296235
22990.0   0.296627
22992.5   0.296959
22995.0   0.297227
22997.5   0.297435
23000.0   0.297588
23002.5   0.297695
23005.0   0.297762
23007.5   0.297795
23010.0   0.297801
23012.5   0.297788
23015.0   0.297760
23017.5   0.297720
23020.0   0.297666
23022.5   0.297599
23025.0   0.297520
23027.5   0.297428
23030.0   0.297323
23032.5   0.297206
23035.0   0.297076
23037.5   0.296934
23040.0   0.296777
23042.5   0.296607
23045.0   0.296423
23047.5   0.296223
23050.0   0.296008
23052.5   0.295777
23055.0   0.295531
23057.5   0.295272
23060.0   0.295002
23062.5   0.294726
23065.0   0.294445
23067.5   0.294162
23070.0   0.293882
23072.5   0.293605
23075.0   0.293335
23077.5   0.293072
23080.0   0.292814
23082.5   0.292560
23085.0   0.292311
23087.5   0.292065
23090.0   0.291822
23092.5   0.291580
23095.0   0.291342
23097.5   0.291112
23100.0   0.290897
23102.5   0.290700
23105.0   0.290530
23107.5   0.290390
23110.0   0.290287
23112.5   0.290225
23115.0   0.290210
23117.5   0.290241
23120.0   0.290318
23122.5   0.290442
23125.0   0.290611
23127.5   0.290827
23130.0   0.291088
23132.5   0.291396
23135.0   0.291743
23137.5   0.292115
23140.0   0.292496
23142.5   0.292869
23145.0   0.293219
23147.5   0.293531
23150.0   0.293788
23152.5   0.293974
23155.0   0.294081
23157.5   0.294105
23160.0   0.294046
23162.5   0.293903
23165.0   0.293673
23167.5   0.293355
23170.0   0.292948
23172.5   0.292451
23175.0   0.291866
23177.5   0.291200
23180.0   0.290460
23182.5   0.289653
23185.0   0.288785
23187.5   0.287864
23190.0   0.286897
23192.5   0.285890
23195.0   0.284854
23197.5   0.283803
23200.0   0.282750
23202.5   0.281709
23205.0   0.280694
23207.5   0.279718
23210.0   0.278795
23212.5   0.277939
23215.0   0.277159
23217.5   0.276464
23220.0   0.275862
23222.5   0.275361
23225.0   0.274969
23227.5   0.274693
23230.0   0.274543
23232.5   0.274523
23235.0   0.274625
23237.5   0.274828
23240.0   0.275113
23242.5   0.275459
23245.0   0.275846
23247.5   0.276255
23250.0   0.276664
23252.5   0.277055
23255.0   0.277418
23257.5   0.277746
23260.0   0.278035
23262.5   0.278279
23265.0   0.278473
23267.5   0.278612
23270.0   0.278689
23272.5   0.278702
23275.0   0.278654
23277.5   0.278556
23280.0   0.278417
23282.5   0.278246
23285.0   0.278053
23287.5   0.277847
23290.0   0.277637
23292.5   0.277432
23295.0   0.277232
23297.5   0.277034
23300.0   0.276836
23302.5   0.276634
23305.0   0.276425
23307.5   0.276208
23310.0   0.275978
23312.5   0.275734
23315.0   0.275477
23317.5   0.275209
23320.0   0.274931
23322.5   0.274645
23325.0   0.274354
23327.5   0.274060
23330.0   0.273764
23332.5   0.273468
23335.0   0.273177
23337.5   0.272892
23340.0   0.272618
23342.5   0.272358
23345.0   0.272116
23347.5   0.271894
23350.0   0.271697
23352.5   0.271527
23355.0   0.271388
23357.5   0.271283
23360.0   0.271215
23362.5   0.271187
23365.0   0.271202
23367.5   0.271264
23370.0   0.271374
23372.5   0.271534
23375.0   0.271738
23377.5   0.271979
23380.0   0.272248
23382.5   0.272539
23385.0   0.272845
23387.5   0.273157
23390.0   0.273470
23392.5   0.273775
23395.0   0.274069
23397.5   0.274346
23400.0   0.274603
23402.5   0.274835
23405.0   0.275037
23407.5   0.275204
23410.0   0.275333
23412.5   0.275423
23415.0   0.275480
23417.5   0.275513
23420.0   0.275529
23422.5   0.275537
23425.0   0.275544
23427.5   0.275558
23430.0   0.275587
23432.5   0.275636
23435.0   0.275701
23437.5   0.275780
23440.0   0.275870
23442.5   0.275967
23445.0   0.276069
23447.5   0.276171
23450.0   0.276272
23452.5   0.276363
23455.0   0.276431
23457.5   0.276464
23460.0   0.276447
23462.5   0.276366
23465.0   0.276210
23467.5   0.275963
23470.0   0.275612
23472.5   0.275153
23475.0   0.274588
23477.5   0.273921
23480.0   0.273157
23482.5   0.272300
23485.0   0.271352
23487.5   0.270320
23490.0   0.269205
23492.5   0.268021
23495.0   0.266785
23497.5   0.265516
23500.0   0.264234
23502.5   0.262956
23505.0   0.261702
23507.5   0.260491
23510.0   0.259342
23512.5   0.258266
23515.0   0.257274
23517.5   0.256372
23520.0   0.255570
23522.5   0.254874
23525.0   0.254295
23527.5   0.253839
23530.0   0.253514
23532.5   0.253318
23535.0   0.253237
23537.5   0.253262
23540.0   0.253379
23542.5   0.253578
23545.0   0.253847
23547.5   0.254173
23550.0   0.254546
23552.5   0.254957
23555.0   0.255399
23557.5   0.255867
23560.0   0.256354
23562.5   0.256853
23565.0   0.257358
23567.5   0.257863
23570.0   0.258362
23572.5   0.258851
23575.0   0.259327
23577.5   0.259787
23580.0   0.260231
23582.5   0.260654
23585.0   0.261055
23587.5   0.261431
23590.0   0.261780
23592.5   0.262103
23595.0   0.262403
23597.5   0.262682
23600.0   0.262943
23602.5   0.263189
23605.0   0.263421
23607.5   0.263642
23610.0   0.263855
23612.5   0.264058
23615.0   0.264251
23617.5   0.264430
23620.0   0.264595
23622.5   0.264744
23625.0   0.264875
23627.5   0.264986
23630.0   0.265077
23632.5   0.265151
23635.0   0.265214
23637.5   0.265273
23640.0   0.265332
23642.5   0.265397
23645.0   0.265475
23647.5   0.265570
23650.0   0.265688
23652.5   0.265831
23655.0   0.266003
23657.5   0.266204
23660.0   0.266438
23662.5   0.266706
23665.0   0.267011
23667.5   0.267356
23670.0   0.267738
23672.5   0.268143
23675.0   0.268554
23677.5   0.268954
23680.0   0.269326
23682.5   0.269652
23685.0   0.269915
23687.5   0.270098
23690.0   0.270188
23692.5   0.270185
23695.0   0.270092
23697.5   0.269911
23700.0   0.269643
23702.5   0.269293
23705.0   0.268861
23707.5   0.268351
23710.0   0.267768
23712.5   0.267128
23715.0   0.266446
23717.5   0.265741
23720.0   0.265027
23722.5   0.264322
23725.0   0.263643
23727.5   0.263006
23730.0   0.262420
23732.5   0.261884
23735.0   0.261393
23737.5   0.260942
23740.0   0.260527
23742.5   0.260144
23745.0   0.259788
23747.5   0.259456
23750.0   0.259142
23752.5   0.258844
23755.0   0.258557
23757.5   0.258277
23760.0   0.258002
23762.5   0.257726
23765.0   0.257446
23767.5   0.257160
23770.0   0.256862
23772.5   0.256554
23775.0   0.256232
23777.5   0.255895
23780.0   0.255543
23782.5   0.255174
23785.0   0.254786
23787.5   0.254378
23790.0   0.253952
23792.5   0.253509
23795.0   0.253055
23797.5   0.252591
23800.0   0.252122
23802.5   0.251651
23805.0   0.251182
23807.5   0.250717
23810.0   0.250260
23812.5   0.249815
23815.0   0.249387
23817.5   0.248979
23820.0   0.248595
23822.5   0.248240
23825.0   0.247916
23827.5   0.247628
23830.0   0.247378
23832.5   0.247162
23835.0   0.246981
23837.5   0.246832
23840.0   0.246714
23842.5   0.246625
23845.0   0.246565
23847.5   0.246531
23850.0   0.246523
23852.5   0.246543
23855.0   0.246591
23857.5   0.246668
23860.0   0.246774
23862.5   0.246912
23865.0   0.247081
23867.5   0.247282
23870.0   0.247511
23872.5   0.247759
23875.0   0.248019
23877.5   0.248283
23880.0   0.248542
23882.5   0.248789
23885.0   0.249016
23887.5   0.249216
23890.0   0.249387
23892.5   0.249528
23895.0   0.249642
23897.5   0.249728
23900.0   0.249786
23902.5   0.249818
23905.0   0.249824
23907.5   0.249804
23910.0   0.249760
23912.5   0.249693
23915.0   0.249605
23917.5   0.249496
23920.0   0.249368
23922.5   0.249223
23925.0   0.249061
23927.5   0.248884
23930.0   0.248690
23932.5   0.248477
23935.0   0.248241
23937.5   0.247981
23940.0   0.247693
23942.5   0.247375
23945.0   0.247026
23947.5   0.246642
23950.0   0.246229
23952.5   0.245794
23955.0   0.245343
23957.5   0.244884
23960.0   0.244422
23962.5   0.243965
23965.0   0.243519
23967.5   0.243090
23970.0   0.242679
23972.5   0.242287
23975.0   0.241915
23977.5   0.241562
23980.0   0.241229
23982.5   0.240916
23985.0   0.240625
23987.5   0.240354
23990.0   0.240104
23992.5   0.239873
23995.0   0.239659
23997.5   0.239462
24000.0   0.239281
24002.5   0.239114
24005.0   0.238961
24007.5   0.238820
24010.0   0.238688
24012.5   0.238563
24015.0   0.238443
24017.5   0.238324
24020.0   0.238205
24022.5   0.238082
24025.0   0.237954
24027.5   0.237818
24030.0   0.237674
24032.5   0.237523
24035.0   0.237365
24037.5   0.237199
24040.0   0.237026
24042.5   0.236846
24045.0   0.236660
24047.5   0.236466
24050.0   0.236265
24052.5   0.236057
24055.0   0.235841
24057.5   0.235616
24060.0   0.235382
24062.5   0.235140
24065.0   0.234887
24067.5   0.234626
24070.0   0.234359
24072.5   0.234089
24075.0   0.233821
24077.5   0.233556
24080.0   0.233298
24082.5   0.233050
24085.0   0.232817
24087.5   0.232598
24090.0   0.232395
24092.5   0.232208
24095.0   0.232037
24097.5   0.231881
24100.0   0.231742
24102.5   0.231618
24105.0   0.231511
24107.5   0.231417
24110.0   0.231332
24112.5   0.231253
24115.0   0.231174
24117.5   0.231091
24120.0   0.231000
24122.5   0.230895
24125.0   0.230773
24127.5   0.230633
24130.0   0.230477
24132.5   0.230309
24135.0   0.230132
24137.5   0.229949
24140.0   0.229763
24142.5   0.229577
24145.0   0.229394
24147.5   0.229212
24150.0   0.229026
24152.5   0.228830
24155.0   0.228616
24157.5   0.228381
24160.0   0.228117
24162.5   0.227819
24165.0   0.227480
24167.5   0.227086
24170.0   0.226619
24172.5   0.226059
24175.0   0.225386
24177.5   0.224583
24180.0   0.223629
24182.5   0.222505
24185.0   0.221196
24187.5   0.219711
24190.0   0.218081
24192.5   0.216334
24195.0   0.214499
24197.5   0.212606
24200.0   0.210683
