 1200.0   3.635705
 1202.5   3.336854
 1205.0   3.118013
 1207.5   3.220615
 1210.0   3.574178
 1212.5   3.978375
 1215.0   4.025427
 1217.5   3.425595
 1220.0   2.568774
 1222.5   1.927063
 1225.0   1.621761
 1227.5   1.660492
 1230.0   1.946986
 1232.5   2.442223
 1235.0   3.440087
 1237.5   5.174287
 1240.0   7.304927
 1242.5   9.299074
 1245.0  10.425267
 1247.5  10.200306
 1250.0   9.332570
 1252.5   8.651243
 1255.0   8.277149
 1257.5   8.159519
 1260.0   8.269590
 1262.5   8.574103
 1265.0   8.999817
 1267.5   9.455381
 1270.0   9.816989
 1272.5   9.991241
 1275.0  10.038819
 1277.5  10.059758
 1280.0  10.157413
 1282.5  10.401115
 1285.0  10.720798
 1287.5  11.024362
 1290.0  11.270990
 1292.5  11.408544
 1295.0  11.288293
 1297.5  10.816197
 1300.0  10.213554
 1302.5   9.769037
 1305.0   9.725484
 1307.5  10.193556
 1310.0  10.801042
 1312.5  11.152373
 1315.0  11.241415
 1317.5  11.177682
 1320.0  11.143845
 1322.5  11.264125
 1325.0  11.355783
 1327.5  11.209004
 1330.0  10.812620
 1332.5  10.251586
 1335.0   9.796715
 1337.5   9.710516
 1340.0  10.036439
 1342.5  10.701817
 1345.0  11.388572
 1347.5  11.796568
 1350.0  11.942840
 1352.5  11.906464
 1355.0  11.697521
 1357.5  11.334601
 1360.0  10.939327
 1362.5  10.637950
 1365.0  10.472205
 1367.5  10.432307
 1370.0  10.386893
 1372.5  10.253316
 1375.0  10.265371
 1377.5  10.562979
 1380.0  10.594095
 1382.5   9.901777
 1385.0   9.101425
 1387.5   8.875982
 1390.0   9.106222
 1392.5   9.542895
 1395.0  10.218836
 1397.5  11.153467
 1400.0  12.030488
 1402.5  12.534887
 1405.0  12.692549
 1407.5  12.621304
 1410.0  12.465882
 1412.5  12.337709
 1415.0  12.188085
 1417.5  11.991162
 1420.0  11.972627
 1422.5  12.286578
 1425.0  12.549244
 1427.5  12.434037
 1430.0  12.381000
 1432.5  12.796287
 1435.0  13.183895
 1437.5  13.022135
 1440.0  12.588732
 1442.5  12.268155
 1445.0  12.072426
 1447.5  11.922244
 1450.0  11.745475
 1452.5  11.510931
 1455.0  11.344063
 1457.5  11.370267
 1460.0  11.558090
 1462.5  11.855789
 1465.0  12.287302
 1467.5  12.847867
 1470.0  13.342228
 1472.5  13.606032
 1475.0  13.789039
 1477.5  14.063038
 1480.0  14.373831
 1482.5  14.642239
 1485.0  14.915152
 1487.5  15.223152
 1490.0  15.405516
 1492.5  15.293417
 1495.0  14.876936
 1497.5  14.256556
 1500.0  13.815476
 1502.5  13.879779
 1505.0  14.264360
 1507.5  14.675247
 1510.0  14.894167
 1512.5  14.807204
 1515.0  14.642174
 1517.5  14.622475
 1520.0  14.612108
 1522.5  14.388011
 1525.0  13.738270
 1527.5  12.466316
 1530.0  10.425825
 1532.5   7.694111
 1535.0   5.192809
 1537.5   3.882377
 1540.0   4.034249
 1542.5   5.699024
 1545.0   8.733002
 1547.5  12.771605
 1550.0  16.761051
 1552.5  19.589741
 1555.0  20.603991
 1557.5  19.591642
 1560.0  17.648708
 1562.5  15.977198
 1565.0  14.894928
 1567.5  14.440016
 1570.0  14.415968
 1572.5  14.578326
 1575.0  14.725375
 1577.5  14.708540
 1580.0  14.549064
 1582.5  14.313065
 1585.0  14.076339
 1587.5  13.900201
 1590.0  13.778352
 1592.5  13.679012
 1595.0  13.536096
 1597.5  13.303392
 1600.0  13.048507
 1602.5  12.833321
 1605.0  12.583019
 1607.5  12.247794
 1610.0  12.014565
 1612.5  12.043789
 1615.0  12.153325
 1617.5  12.145081
 1620.0  12.099739
 1622.5  12.129923
 1625.0  12.197218
 1627.5  12.247247
 1630.0  12.312810
 1632.5  12.428546
 1635.0  12.549278
 1637.5  12.646094
 1640.0  12.834955
 1642.5  13.196196
 1645.0  13.522785
 1647.5  13.575150
 1650.0  13.270918
 1652.5  12.640849
 1655.0  12.011052
 1657.5  11.716114
 1660.0  11.829187
 1662.5  12.275532
 1665.0  12.650260
 1667.5  12.610085
 1670.0  12.388281
 1672.5  12.305541
 1675.0  12.455683
 1677.5  12.823593
 1680.0  13.185306
 1682.5  13.327932
 1685.0  13.291745
 1687.5  13.175990
 1690.0  13.062643
 1692.5  13.001997
 1695.0  12.934876
 1697.5  12.799685
 1700.0  12.634619
 1702.5  12.464758
 1705.0  12.162938
 1707.5  11.621119
 1710.0  10.960016
 1712.5  10.387807
 1715.0  10.233763
 1717.5  10.722010
 1720.0  11.535001
 1722.5  12.270364
 1725.0  12.728098
 1727.5  12.832243
 1730.0  12.800633
 1732.5  12.851340
 1735.0  12.909595
 1737.5  12.866594
 1740.0  12.770240
 1742.5  12.687012
 1745.0  12.601005
 1747.5  12.494766
 1750.0  12.427034
 1752.5  12.450026
 1755.0  12.513680
 1757.5  12.549850
 1760.0  12.520302
 1762.5  12.410607
 1765.0  12.271631
 1767.5  12.167731
 1770.0  12.151934
 1772.5  12.245128
 1775.0  12.350992
 1777.5  12.357579
 1780.0  12.207653
 1782.5  11.852851
 1785.0  11.225578
 1787.5  10.378869
 1790.0   9.867487
 1792.5  10.144561
 1795.0  10.754947
 1797.5  11.139193
 1800.0  11.228872
 1802.5  11.094472
 1805.0  10.871095
 1807.5  10.697639
 1810.0  10.663568
 1812.5  10.804140
 1815.0  10.987250
 1817.5  11.072730
 1820.0  11.055533
 1822.5  10.967177
 1825.0  10.850305
 1827.5  10.744106
 1830.0  10.662852
 1832.5  10.604395
 1835.0  10.525848
 1837.5  10.396069
 1840.0  10.271605
 1842.5  10.203401
 1845.0  10.132284
 1847.5   9.989790
 1850.0   9.780405
 1852.5   9.540792
 1855.0   9.363360
 1857.5   9.323843
 1860.0   9.375544
 1862.5   9.446137
 1865.0   9.483219
 1867.5   9.449081
 1870.0   9.344897
 1872.5   9.194922
 1875.0   9.076859
 1877.5   9.046748
 1880.0   9.020525
 1882.5   8.914057
 1885.0   8.783040
 1887.5   8.697828
 1890.0   8.647580
 1892.5   8.602924
 1895.0   8.541557
 1897.5   8.445996
 1900.0   8.310987
 1902.5   8.146813
 1905.0   8.013688
 1907.5   7.957114
 1910.0   7.913830
 1912.5   7.811583
 1915.0   7.650915
 1917.5   7.456198
 1920.0   7.274323
 1922.5   7.150757
 1925.0   7.102759
 1927.5   7.125896
 1930.0   7.157187
 1932.5   7.137550
 1935.0   7.082033
 1937.5   7.017467
 1940.0   6.943686
 1942.5   6.857832
 1945.0   6.773274
 1947.5   6.700467
 1950.0   6.621999
 1952.5   6.517581
 1955.0   6.383287
 1957.5   6.227067
 1960.0   6.088006
 1962.5   5.995467
 1965.0   5.908768
 1967.5   5.795673
 1970.0   5.727754
 1972.5   5.762732
 1975.0   5.799105
 1977.5   5.737389
 1980.0   5.645377
 1982.5   5.596723
 1985.0   5.521245
 1987.5   5.342910
 1990.0   5.106112
 1992.5   4.894320
 1995.0   4.826860
 1997.5   4.966256
 2000.0   5.111944
 2002.5   5.063634
 2005.0   4.885216
 2007.5   4.696123
 2010.0   4.573777
 2012.5   4.558572
 2015.0   4.584790
 2017.5   4.574069
 2020.0   4.503578
 2022.5   4.375955
 2025.0   4.240175
 2027.5   4.149741
 2030.0   4.129937
 2032.5   4.178067
 2035.0   4.207735
 2037.5   4.143245
 2040.0   4.035404
 2042.5   3.950381
 2045.0   3.889281
 2047.5   3.846605
 2050.0   3.855501
 2052.5   3.922789
 2055.0   3.911336
 2057.5   3.707698
 2060.0   3.437137
 2062.5   3.268317
 2065.0   3.304794
 2067.5   3.561380
 2070.0   3.763025
 2072.5   3.677155
 2075.0   3.530975
 2077.5   3.570157
 2080.0   3.654477
 2082.5   3.604341
 2085.0   3.468575
 2087.5   3.334594
 2090.0   3.215738
 2092.5   3.100516
 2095.0   2.952195
 2097.5   2.754258
 2100.0   2.596302
 2102.5   2.566917
 2105.0   2.644565
 2107.5   2.775217
 2110.0   2.885005
 2112.5   2.909890
 2115.0   2.844980
 2117.5   2.717239
 2120.0   2.621891
 2122.5   2.640155
 2125.0   2.728950
 2127.5   2.809676
 2130.0   2.785945
 2132.5   2.605130
 2135.0   2.407447
 2137.5   2.333295
 2140.0   2.330971
 2142.5   2.318039
 2145.0   2.281234
 2147.5   2.231467
 2150.0   2.207196
 2152.5   2.238290
 2155.0   2.292736
 2157.5   2.328837
 2160.0   2.328056
 2162.5   2.286140
 2165.0   2.232810
 2167.5   2.193677
 2170.0   2.143929
 2172.5   2.056161
 2175.0   1.943004
 2177.5   1.829824
 2180.0   1.752884
 2182.5   1.737540
 2185.0   1.754634
 2187.5   1.774485
 2190.0   1.819848
 2192.5   1.910052
 2195.0   1.998276
 2197.5   2.039611
 2200.0   2.062936
 2202.5   2.097876
 2205.0   2.103238
 2207.5   2.044488
 2210.0   1.984544
 2212.5   1.986677
 2215.0   2.018105
 2217.5   2.035759
 2220.0   2.051461
 2222.5   2.086861
 2225.0   2.148038
 2227.5   2.226115
 2230.0   2.267962
 2232.5   2.233631
 2235.0   2.180169
 2237.5   2.168586
 2240.0   2.178752
 2242.5   2.185945
 2245.0   2.228225
 2247.5   2.342887
 2250.0   2.501392
 2252.5   2.654641
 2255.0   2.737138
 2257.5   2.701824
 2260.0   2.591789
 2262.5   2.478970
 2265.0   2.460554
 2267.5   2.589404
 2270.0   2.715842
 2272.5   2.695773
 2275.0   2.609978
 2277.5   2.568112
 2280.0   2.570449
 2282.5   2.594144
 2285.0   2.633254
 2287.5   2.686902
 2290.0   2.757573
 2292.5   2.839651
 2295.0   2.891746
 2297.5   2.884899
 2300.0   2.875659
 2302.5   2.927150
 2305.0   3.043302
 2307.5   3.204886
 2310.0   3.359229
 2312.5   3.448271
 2315.0   3.425841
 2317.5   3.285267
 2320.0   3.165980
 2322.5   3.199734
 2325.0   3.341468
 2327.5   3.512319
 2330.0   3.675023
 2332.5   3.801327
 2335.0   3.857401
 2337.5   3.826928
 2340.0   3.769199
 2342.5   3.749213
 2345.0   3.779188
 2347.5   3.848415
 2350.0   3.907269
 2352.5   3.916585
 2355.0   3.917960
 2357.5   3.951353
 2360.0   3.969418
 2362.5   3.932476
 2365.0   3.918830
 2367.5   4.000823
 2370.0   4.108988
 2372.5   4.165297
 2375.0   4.199293
 2377.5   4.253698
 2380.0   4.316381
 2382.5   4.359915
 2385.0   4.350537
 2387.5   4.275021
 2390.0   4.208629
 2392.5   4.232653
 2395.0   4.364014
 2397.5   4.576001
 2400.0   4.731734
 2402.5   4.718571
 2405.0   4.630998
 2407.5   4.585935
 2410.0   4.582914
 2412.5   4.596343
 2415.0   4.617506
 2417.5   4.645184
 2420.0   4.691247
 2422.5   4.769692
 2425.0   4.889919
 2427.5   5.043387
 2430.0   5.154402
 2432.5   5.159133
 2435.0   5.108383
 2437.5   5.076587
 2440.0   5.118075
 2442.5   5.248616
 2445.0   5.349842
 2447.5   5.326880
 2450.0   5.312993
 2452.5   5.446491
 2455.0   5.657761
 2457.5   5.844432
 2460.0   5.981045
 2462.5   6.053284
 2465.0   6.014513
 2467.5   5.844315
 2470.0   5.659464
 2472.5   5.574500
 2475.0   5.557835
 2477.5   5.554847
 2480.0   5.564890
 2482.5   5.598568
 2485.0   5.657494
 2487.5   5.725152
 2490.0   5.721494
 2492.5   5.602341
 2495.0   5.530495
 2497.5   5.648515
 2500.0   5.810987
 2502.5   5.852557
 2505.0   5.816087
 2507.5   5.779841
 2510.0   5.755470
 2512.5   5.738332
 2515.0   5.725237
 2517.5   5.717191
 2520.0   5.730535
 2522.5   5.783364
 2525.0   5.885444
 2527.5   6.034746
 2530.0   6.190369
 2532.5   6.305846
 2535.0   6.351297
 2537.5   6.314384
 2540.0   6.236351
 2542.5   6.172199
 2545.0   6.178383
 2547.5   6.280076
 2550.0   6.375881
 2552.5   6.366880
 2555.0   6.290639
 2557.5   6.218636
 2560.0   6.221519
 2562.5   6.336993
 2565.0   6.471826
 2567.5   6.534265
 2570.0   6.569402
 2572.5   6.605664
 2575.0   6.467954
 2577.5   6.017869
 2580.0   5.467284
 2582.5   5.080821
 2585.0   4.983804
 2587.5   5.211631
 2590.0   5.579272
 2592.5   5.881034
 2595.0   6.049005
 2597.5   6.078653
 2600.0   6.081197
 2602.5   6.156236
 2605.0   6.241147
 2607.5   6.270156
 2610.0   6.327127
 2612.5   6.492143
 2615.0   6.680542
 2617.5   6.794525
 2620.0   6.848479
 2622.5   6.877386
 2625.0   6.886405
 2627.5   6.878733
 2630.0   6.879529
 2632.5   6.898049
 2635.0   6.857961
 2637.5   6.704700
 2640.0   6.556355
 2642.5   6.535872
 2645.0   6.612978
 2647.5   6.723296
 2650.0   6.819241
 2652.5   6.866717
 2655.0   6.868794
 2657.5   6.837043
 2660.0   6.779873
 2662.5   6.711604
 2665.0   6.673353
 2667.5   6.695715
 2670.0   6.740400
 2672.5   6.764306
 2675.0   6.773973
 2677.5   6.783892
 2680.0   6.790723
 2682.5   6.796862
 2685.0   6.845486
 2687.5   6.956476
 2690.0   7.015737
 2692.5   6.924704
 2695.0   6.780900
 2697.5   6.703296
 2700.0   6.700571
 2702.5   6.749717
 2705.0   6.811278
 2707.5   6.847075
 2710.0   6.840482
 2712.5   6.791650
 2715.0   6.746272
 2717.5   6.743828
 2720.0   6.753408
 2722.5   6.745875
 2725.0   6.769570
 2727.5   6.865448
 2730.0   6.967436
 2732.5   7.006416
 2735.0   7.008129
 2737.5   7.007730
 2740.0   6.983191
 2742.5   6.920791
 2745.0   6.897233
 2747.5   6.970737
 2750.0   7.035151
 2752.5   6.993548
 2755.0   6.950256
 2757.5   7.020444
 2760.0   7.161397
 2762.5   7.294982
 2765.0   7.359293
 2767.5   7.315907
 2770.0   7.204125
 2772.5   7.082082
 2775.0   7.005527
 2777.5   7.005595
 2780.0   7.017360
 2782.5   6.977219
 2785.0   6.922927
 2787.5   6.894621
 2790.0   6.840604
 2792.5   6.706753
 2795.0   6.521082
 2797.5   6.339262
 2800.0   6.245466
 2802.5   6.310196
 2805.0   6.520746
 2807.5   6.824625
 2810.0   7.093396
 2812.5   7.219398
 2815.0   7.254028
 2817.5   7.266122
 2820.0   7.235205
 2822.5   7.138204
 2825.0   7.030965
 2827.5   6.975967
 2830.0   6.983291
 2832.5   7.046296
 2835.0   7.143864
 2837.5   7.243728
 2840.0   7.283491
 2842.5   7.221939
 2845.0   7.132699
 2847.5   7.089278
 2850.0   7.049846
 2852.5   6.970854
 2855.0   6.917205
 2857.5   6.956520
 2860.0   7.058835
 2862.5   7.170640
 2865.0   7.241823
 2867.5   7.242569
 2870.0   7.220841
 2872.5   7.224941
 2875.0   7.226741
 2877.5   7.195655
 2880.0   7.167696
 2882.5   7.183622
 2885.0   7.236569
 2887.5   7.306269
 2890.0   7.366451
 2892.5   7.395783
 2895.0   7.398692
 2897.5   7.381276
 2900.0   7.330579
 2902.5   7.244930
 2905.0   7.186863
 2907.5   7.210304
 2910.0   7.270552
 2912.5   7.313615
 2915.0   7.346966
 2917.5   7.385520
 2920.0   7.412508
 2922.5   7.410855
 2925.0   7.393971
 2927.5   7.375894
 2930.0   7.342690
 2932.5   7.283439
 2935.0   7.227251
 2937.5   7.207811
 2940.0   7.237062
 2942.5   7.307543
 2945.0   7.355906
 2947.5   7.333996
 2950.0   7.310308
 2952.5   7.356534
 2955.0   7.440499
 2957.5   7.506907
 2960.0   7.511858
 2962.5   7.437735
 2965.0   7.360662
 2967.5   7.352617
 2970.0   7.375257
 2972.5   7.382037
 2975.0   7.403920
 2977.5   7.466729
 2980.0   7.498200
 2982.5   7.436891
 2985.0   7.362726
 2987.5   7.355925
 2990.0   7.356517
 2992.5   7.298656
 2995.0   7.233176
 2997.5   7.217218
 3000.0   7.216478
 3002.5   7.195014
 3005.0   7.201781
 3007.5   7.281474
 3010.0   7.376844
 3012.5   7.421526
 3015.0   7.414644
 3017.5   7.367436
 3020.0   7.274108
 3022.5   7.141924
 3025.0   7.047410
 3027.5   7.055024
 3030.0   7.111680
 3032.5   7.155367
 3035.0   7.205910
 3037.5   7.284480
 3040.0   7.335783
 3042.5   7.307746
 3045.0   7.237627
 3047.5   7.181448
 3050.0   7.180950
 3052.5   7.245738
 3055.0   7.271171
 3057.5   7.166717
 3060.0   7.012531
 3062.5   6.914749
 3065.0   6.912734
 3067.5   7.003291
 3070.0   7.079757
 3072.5   7.058289
 3075.0   7.049777
 3077.5   7.170967
 3080.0   7.367270
 3082.5   7.550502
 3085.0   7.669431
 3087.5   7.694124
 3090.0   7.642879
 3092.5   7.556577
 3095.0   7.518178
 3097.5   7.589718
 3100.0   7.707456
 3102.5   7.789565
 3105.0   7.807666
 3107.5   7.761322
 3110.0   7.708428
 3112.5   7.701070
 3115.0   7.709791
 3117.5   7.704588
 3120.0   7.734833
 3122.5   7.841250
 3125.0   7.950598
 3127.5   7.984794
 3130.0   7.960353
 3132.5   7.914303
 3135.0   7.871122
 3137.5   7.856621
 3140.0   7.914507
 3142.5   8.066875
 3145.0   8.231490
 3147.5   8.324747
 3150.0   8.361894
 3152.5   8.369027
 3155.0   8.316783
 3157.5   8.192251
 3160.0   8.103815
 3162.5   8.148218
 3165.0   8.254359
 3167.5   8.333348
 3170.0   8.392982
 3172.5   8.453653
 3175.0   8.489452
 3177.5   8.468110
 3180.0   8.378233
 3182.5   8.235074
 3185.0   8.139612
 3187.5   8.169146
 3190.0   8.220535
 3192.5   8.164614
 3195.0   7.948538
 3197.5   7.595351
 3200.0   7.355319
 3202.5   7.442337
 3205.0   7.697585
 3207.5   7.904977
 3210.0   7.992072
 3212.5   7.939106
 3215.0   7.793368
 3217.5   7.621490
 3220.0   7.500418
 3222.5   7.488358
 3225.0   7.558261
 3227.5   7.661945
 3230.0   7.751969
 3232.5   7.790857
 3235.0   7.780250
 3237.5   7.731582
 3240.0   7.656339
 3242.5   7.567575
 3245.0   7.484559
 3247.5   7.428113
 3250.0   7.419063
 3252.5   7.468240
 3255.0   7.546488
 3257.5   7.614654
 3260.0   7.633584
 3262.5   7.576776
 3265.0   7.468321
 3267.5   7.344962
 3270.0   7.243440
 3272.5   7.190483
 3275.0   7.172769
 3277.5   7.166963
 3280.0   7.149729
 3282.5   7.104037
 3285.0   7.038074
 3287.5   6.966329
 3290.0   6.903294
 3292.5   6.859100
 3295.0   6.826443
 3297.5   6.793659
 3300.0   6.749083
 3302.5   6.685779
 3305.0   6.615716
 3307.5   6.555591
 3310.0   6.522100
 3312.5   6.526710
 3315.0   6.559974
 3317.5   6.607220
 3320.0   6.653771
 3322.5   6.686558
 3325.0   6.698923
 3327.5   6.685815
 3330.0   6.642181
 3332.5   6.567863
 3335.0   6.482273
 3337.5   6.409719
 3340.0   6.374506
 3342.5   6.391873
 3345.0   6.440778
 3347.5   6.491108
 3350.0   6.512753
 3352.5   6.484753
 3355.0   6.422764
 3357.5   6.351597
 3360.0   6.296062
 3362.5   6.273747
 3365.0   6.273357
 3367.5   6.276374
 3370.0   6.264282
 3372.5   6.224313
 3375.0   6.166691
 3377.5   6.107390
 3380.0   6.062383
 3382.5   6.043057
 3385.0   6.042455
 3387.5   6.049036
 3390.0   6.051256
 3392.5   6.040191
 3395.0   6.017390
 3397.5   5.987020
 3400.0   5.953247
 3402.5   5.920105
 3405.0   5.891100
 3407.5   5.869602
 3410.0   5.858983
 3412.5   5.861248
 3415.0   5.872938
 3417.5   5.889229
 3420.0   5.905296
 3422.5   5.916899
 3425.0   5.922138
 3427.5   5.919701
 3430.0   5.908273
 3432.5   5.887871
 3435.0   5.863833
 3437.5   5.842827
 3440.0   5.831523
 3442.5   5.834239
 3445.0   5.845898
 3447.5   5.859076
 3450.0   5.866347
 3452.5   5.861932
 3455.0   5.846630
 3457.5   5.822887
 3460.0   5.793149
 3462.5   5.759253
 3465.0   5.720603
 3467.5   5.675995
 3470.0   5.624221
 3472.5   5.565710
 3475.0   5.507444
 3477.5   5.458030
 3480.0   5.426026
 3482.5   5.417573
 3485.0   5.429195
 3487.5   5.454841
 3490.0   5.487771
 3492.5   5.521370
 3495.0   5.550201
 3497.5   5.566728
 3500.0   5.553849
 3502.5   5.504965
 3505.0   5.465034
 3507.5   5.474771
 3510.0   5.506341
 3512.5   5.524006
 3515.0   5.528964
 3517.5   5.529508
 3520.0   5.525383
 3522.5   5.514092
 3525.0   5.492723
 3527.5   5.461356
 3530.0   5.432461
 3532.5   5.417121
 3535.0   5.408492
 3537.5   5.397374
 3540.0   5.383089
 3542.5   5.367038
 3545.0   5.350412
 3547.5   5.333770
 3550.0   5.315348
 3552.5   5.293336
 3555.0   5.268064
 3557.5   5.240932
 3560.0   5.215472
 3562.5   5.195184
 3565.0   5.181294
 3567.5   5.171498
 3570.0   5.151640
 3572.5   5.110986
 3575.0   5.064332
 3577.5   5.028203
 3580.0   5.000496
 3582.5   4.976136
 3585.0   4.956786
 3587.5   4.944792
 3590.0   4.938492
 3592.5   4.935155
 3595.0   4.931778
 3597.5   4.925538
 3600.0   4.914600
 3602.5   4.900670
 3605.0   4.898636
 3607.5   4.918471
 3610.0   4.937316
 3612.5   4.931952
 3615.0   4.910562
 3617.5   4.887876
 3620.0   4.873390
 3622.5   4.872568
 3625.0   4.879949
 3627.5   4.888632
 3630.0   4.896858
 3632.5   4.903939
 3635.0   4.908331
 3637.5   4.908875
 3640.0   4.906817
 3642.5   4.903433
 3645.0   4.897730
 3647.5   4.891105
 3650.0   4.896791
 3652.5   4.924048
 3655.0   4.954408
 3657.5   4.967525
 3660.0   4.963260
 3662.5   4.946407
 3665.0   4.921260
 3667.5   4.891519
 3670.0   4.859016
 3672.5   4.824849
 3675.0   4.789067
 3677.5   4.753845
 3680.0   4.730928
 3682.5   4.728501
 3685.0   4.730941
 3687.5   4.721905
 3690.0   4.705989
 3692.5   4.691026
 3695.0   4.676873
 3697.5   4.661043
 3700.0   4.639644
 3702.5   4.611850
 3705.0   4.590496
 3707.5   4.588087
 3710.0   4.602149
 3712.5   4.624428
 3715.0   4.638532
 3717.5   4.630463
 3720.0   4.603949
 3722.5   4.567856
 3725.0   4.533883
 3727.5   4.512584
 3730.0   4.507094
 3732.5   4.518130
 3735.0   4.544147
 3737.5   4.578923
 3740.0   4.599780
 3742.5   4.585415
 3745.0   4.536463
 3747.5   4.462980
 3750.0   4.390773
 3752.5   4.343738
 3755.0   4.322390
 3757.5   4.320288
 3760.0   4.326548
 3762.5   4.328362
 3765.0   4.309671
 3767.5   4.267897
 3770.0   4.257657
 3772.5   4.327647
 3775.0   4.445686
 3777.5   4.562179
 3780.0   4.638746
 3782.5   4.650806
 3785.0   4.617775
 3787.5   4.563655
 3790.0   4.486809
 3792.5   4.388962
 3795.0   4.310945
 3797.5   4.293763
 3800.0   4.340013
 3802.5   4.435313
 3805.0   4.535757
 3807.5   4.601121
 3810.0   4.635430
 3812.5   4.650931
 3815.0   4.648519
 3817.5   4.628345
 3820.0   4.598944
 3822.5   4.564819
 3825.0   4.505975
 3827.5   4.405200
 3830.0   4.280913
 3832.5   4.166422
 3835.0   4.118976
 3837.5   4.178164
 3840.0   4.288995
 3842.5   4.384934
 3845.0   4.447870
 3847.5   4.474429
 3850.0   4.471776
 3852.5   4.451127
 3855.0   4.429366
 3857.5   4.419161
 3860.0   4.410645
 3862.5   4.392690
 3865.0   4.371662
 3867.5   4.355941
 3870.0   4.344462
 3872.5   4.331196
 3875.0   4.299703
 3877.5   4.232834
 3880.0   4.121013
 3882.5   3.969405
 3885.0   3.834561
 3887.5   3.775341
 3890.0   3.808447
 3892.5   3.926971
 3895.0   4.071723
 3897.5   4.182724
 3900.0   4.249123
 3902.5   4.274481
 3905.0   4.270894
 3907.5   4.250906
 3910.0   4.220328
 3912.5   4.183286
 3915.0   4.143891
 3917.5   4.106603
 3920.0   4.077285
 3922.5   4.058520
 3925.0   4.038380
 3927.5   4.006955
 3930.0   3.976930
 3932.5   3.964820
 3935.0   3.979873
 3937.5   4.022594
 3940.0   4.065801
 3942.5   4.083584
 3945.0   4.082828
 3947.5   4.075378
 3950.0   4.060128
 3952.5   4.031999
 3955.0   3.982962
 3957.5   3.904264
 3960.0   3.787206
 3962.5   3.632169
 3965.0   3.475824
 3967.5   3.364949
 3970.0   3.350482
 3972.5   3.458914
 3975.0   3.614794
 3977.5   3.734839
 3980.0   3.806394
 3982.5   3.835793
 3985.0   3.834706
 3987.5   3.816176
 3990.0   3.793397
 3992.5   3.776634
 3995.0   3.764283
 3997.5   3.752541
 4000.0   3.740660
 4002.5   3.728541
 4005.0   3.715607
 4007.5   3.701288
 4010.0   3.685520
 4012.5   3.667315
 4015.0   3.641503
 4017.5   3.603507
 4020.0   3.555322
 4022.5   3.503986
 4025.0   3.470134
 4027.5   3.469978
 4030.0   3.488447
 4032.5   3.507217
 4035.0   3.526244
 4037.5   3.548105
 4040.0   3.567580
 4042.5   3.579670
 4045.0   3.588054
 4047.5   3.595911
 4050.0   3.595747
 4052.5   3.581501
 4055.0   3.563520
 4057.5   3.552813
 4060.0   3.546625
 4062.5   3.538769
 4065.0   3.523078
 4067.5   3.497084
 4070.0   3.473087
 4072.5   3.462627
 4075.0   3.459444
 4077.5   3.453766
 4080.0   3.439579
 4082.5   3.413919
 4085.0   3.382276
 4087.5   3.347617
 4090.0   3.294374
 4092.5   3.207395
 4095.0   3.091724
 4097.5   2.967736
 4100.0   2.896920
 4102.5   2.929713
 4105.0   3.031221
 4107.5   3.148794
 4110.0   3.244087
 4112.5   3.292425
 4115.0   3.309517
 4117.5   3.316846
 4120.0   3.318604
 4122.5   3.315432
 4125.0   3.311059
 4127.5   3.308438
 4130.0   3.304340
 4132.5   3.295269
 4135.0   3.282842
 4137.5   3.269880
 4140.0   3.258918
 4142.5   3.251415
 4145.0   3.244801
 4147.5   3.236897
 4150.0   3.231102
 4152.5   3.230268
 4155.0   3.229472
 4157.5   3.223508
 4160.0   3.213803
 4162.5   3.203087
 4165.0   3.192666
 4167.5   3.183395
 4170.0   3.175755
 4172.5   3.169949
 4175.0   3.165456
 4177.5   3.161227
 4180.0   3.154830
 4182.5   3.143568
 4185.0   3.125080
 4187.5   3.097649
 4190.0   3.061807
 4192.5   3.019495
 4195.0   2.976036
 4197.5   2.939542
 4200.0   2.925914
 4202.5   2.945483
 4205.0   2.978519
 4207.5   3.002432
 4210.0   3.013246
 4212.5   3.012852
 4215.0   3.008003
 4217.5   3.004895
 4220.0   3.002639
 4222.5   2.999246
 4225.0   2.995408
 4227.5   2.991536
 4230.0   2.984229
 4232.5   2.970750
 4235.0   2.954819
 4237.5   2.941220
 4240.0   2.932537
 4242.5   2.929891
 4245.0   2.930752
 4247.5   2.931558
 4250.0   2.928275
 4252.5   2.918065
 4255.0   2.903358
 4257.5   2.887443
 4260.0   2.871778
 4262.5   2.857641
 4265.0   2.847426
 4267.5   2.842689
 4270.0   2.840531
 4272.5   2.837565
 4275.0   2.832905
 4277.5   2.826611
 4280.0   2.820014
 4282.5   2.814131
 4285.0   2.807442
 4287.5   2.798891
 4290.0   2.791812
 4292.5   2.789292
 4295.0   2.789046
 4297.5   2.787902
 4300.0   2.784508
 4302.5   2.778941
 4305.0   2.775176
 4307.5   2.776315
 4310.0   2.778084
 4312.5   2.775492
 4315.0   2.768073
 4317.5   2.756978
 4320.0   2.745305
 4322.5   2.734103
 4325.0   2.714263
 4327.5   2.675121
 4330.0   2.609965
 4332.5   2.517866
 4335.0   2.417091
 4337.5   2.333506
 4340.0   2.304199
 4342.5   2.353388
 4345.0   2.442607
 4347.5   2.525873
 4350.0   2.589814
 4352.5   2.631025
 4355.0   2.653373
 4357.5   2.662372
 4360.0   2.662863
 4362.5   2.658988
 4365.0   2.652761
 4367.5   2.645561
 4370.0   2.638364
 4372.5   2.631508
 4375.0   2.623167
 4377.5   2.611655
 4380.0   2.597995
 4382.5   2.584660
 4385.0   2.577212
 4387.5   2.579445
 4390.0   2.584989
 4392.5   2.586414
 4395.0   2.582220
 4397.5   2.572916
 4400.0   2.561121
 4402.5   2.549404
 4405.0   2.538024
 4407.5   2.526096
 4410.0   2.510464
 4412.5   2.488746
 4415.0   2.463937
 4417.5   2.439731
 4420.0   2.417243
 4422.5   2.396499
 4425.0   2.375760
 4427.5   2.354722
 4430.0   2.340586
 4432.5   2.340111
 4435.0   2.350785
 4437.5   2.367620
 4440.0   2.384998
 4442.5   2.398626
 4445.0   2.410148
 4447.5   2.421813
 4450.0   2.432351
 4452.5   2.439283
 4455.0   2.438818
 4457.5   2.428622
 4460.0   2.413490
 4462.5   2.397699
 4465.0   2.376311
 4467.5   2.346627
 4470.0   2.324116
 4472.5   2.322917
 4475.0   2.333668
 4477.5   2.343469
 4480.0   2.348763
 4482.5   2.349005
 4485.0   2.346370
 4487.5   2.343227
 4490.0   2.340014
 4492.5   2.336850
 4495.0   2.334521
 4497.5   2.333076
 4500.0   2.328965
 4502.5   2.319540
 4505.0   2.309363
 4507.5   2.302998
 4510.0   2.297810
 4512.5   2.290838
 4515.0   2.285011
 4517.5   2.282963
 4520.0   2.280267
 4522.5   2.272387
 4525.0   2.261416
 4527.5   2.249591
 4530.0   2.233078
 4532.5   2.207467
 4535.0   2.172098
 4537.5   2.131678
 4540.0   2.108621
 4542.5   2.120922
 4545.0   2.151205
 4547.5   2.177501
 4550.0   2.194848
 4552.5   2.203449
 4555.0   2.207146
 4557.5   2.209477
 4560.0   2.209116
 4562.5   2.204378
 4565.0   2.196997
 4567.5   2.189131
 4570.0   2.181215
 4572.5   2.173817
 4575.0   2.169757
 4577.5   2.170753
 4580.0   2.171879
 4582.5   2.167851
 4585.0   2.158612
 4587.5   2.146023
 4590.0   2.134382
 4592.5   2.127327
 4595.0   2.123401
 4597.5   2.120147
 4600.0   2.116204
 4602.5   2.111294
 4605.0   2.108387
 4607.5   2.109951
 4610.0   2.113212
 4612.5   2.114733
 4615.0   2.113685
 4617.5   2.109814
 4620.0   2.102574
 4622.5   2.092460
 4625.0   2.084434
 4627.5   2.082618
 4630.0   2.083315
 4632.5   2.082500
 4635.0   2.082672
 4637.5   2.086160
 4640.0   2.088073
 4642.5   2.083412
 4645.0   2.073948
 4647.5   2.062801
 4650.0   2.051712
 4652.5   2.042403
 4655.0   2.037895
 4657.5   2.039949
 4660.0   2.044002
 4662.5   2.044720
 4665.0   2.040011
 4667.5   2.029819
 4670.0   2.018997
 4672.5   2.010357
 4675.0   1.993647
 4677.5   1.959613
 4680.0   1.916061
 4682.5   1.876446
 4685.0   1.859749
 4687.5   1.878641
 4690.0   1.915028
 4692.5   1.946452
 4695.0   1.963758
 4697.5   1.964315
 4700.0   1.958291
 4702.5   1.955234
 4705.0   1.949402
 4707.5   1.934510
 4710.0   1.917382
 4712.5   1.905991
 4715.0   1.899787
 4717.5   1.895772
 4720.0   1.889676
 4722.5   1.879205
 4725.0   1.871239
 4727.5   1.871869
 4730.0   1.874872
 4732.5   1.873231
 4735.0   1.869085
 4737.5   1.866096
 4740.0   1.864865
 4742.5   1.864720
 4745.0   1.862967
 4747.5   1.857179
 4750.0   1.848031
 4752.5   1.836891
 4755.0   1.824786
 4757.5   1.812945
 4760.0   1.803741
 4762.5   1.799388
 4765.0   1.800319
 4767.5   1.805389
 4770.0   1.808924
 4772.5   1.805902
 4775.0   1.798452
 4777.5   1.790343
 4780.0   1.784757
 4782.5   1.783597
 4785.0   1.784232
 4787.5   1.783438
 4790.0   1.780136
 4792.5   1.774160
 4795.0   1.766839
 4797.5   1.759818
 4800.0   1.754507
 4802.5   1.751727
 4805.0   1.750172
 4807.5   1.748249
 4810.0   1.745331
 4812.5   1.741389
 4815.0   1.737823
 4817.5   1.735777
 4820.0   1.733929
 4822.5   1.731036
 4825.0   1.728627
 4827.5   1.728119
 4830.0   1.727700
 4832.5   1.725608
 4835.0   1.723498
 4837.5   1.722659
 4840.0   1.719507
 4842.5   1.710200
 4845.0   1.694735
 4847.5   1.672296
 4850.0   1.634978
 4852.5   1.576166
 4855.0   1.501500
 4857.5   1.425018
 4860.0   1.382087
 4862.5   1.400690
 4865.0   1.457954
 4867.5   1.521479
 4870.0   1.571613
 4872.5   1.596838
 4875.0   1.605421
 4877.5   1.608736
 4880.0   1.610805
 4882.5   1.613333
 4885.0   1.616123
 4887.5   1.618510
 4890.0   1.619858
 4892.5   1.619708
 4895.0   1.618274
 4897.5   1.616288
 4900.0   1.615890
 4902.5   1.618488
 4905.0   1.621166
 4907.5   1.621009
 4910.0   1.619439
 4912.5   1.617635
 4915.0   1.611475
 4917.5   1.598398
 4920.0   1.587395
 4922.5   1.587273
 4925.0   1.594559
 4927.5   1.603084
 4930.0   1.608176
 4932.5   1.606794
 4935.0   1.600916
 4937.5   1.593634
 4940.0   1.587463
 4942.5   1.584130
 4945.0   1.582775
 4947.5   1.581949
 4950.0   1.580435
 4952.5   1.577639
 4955.0   1.575225
 4957.5   1.574507
 4960.0   1.573141
 4962.5   1.568566
 4965.0   1.561011
 4967.5   1.551841
 4970.0   1.544183
 4972.5   1.540116
 4975.0   1.535783
 4977.5   1.528075
 4980.0   1.522823
 4982.5   1.525382
 4985.0   1.530253
 4987.5   1.531094
 4990.0   1.529029
 4992.5   1.526648
 4995.0   1.524927
 4997.5   1.523883
 5000.0   1.521316
 5002.5   1.515278
 5005.0   1.507041
 5007.5   1.498197
 5010.0   1.488407
 5012.5   1.477795
 5015.0   1.470268
 5017.5   1.469027
 5020.0   1.470656
 5022.5   1.470885
 5025.0   1.468634
 5027.5   1.464195
 5030.0   1.460164
 5032.5   1.458789
 5035.0   1.458620
 5037.5   1.457697
 5040.0   1.455726
 5042.5   1.452868
 5045.0   1.449439
 5047.5   1.445902
 5050.0   1.443154
 5052.5   1.441745
 5055.0   1.440408
 5057.5   1.437944
 5060.0   1.435246
 5062.5   1.433450
 5065.0   1.432580
 5067.5   1.432354
 5070.0   1.432368
 5072.5   1.432228
 5075.0   1.431692
 5077.5   1.430549
 5080.0   1.428548
 5082.5   1.425661
 5085.0   1.422792
 5087.5   1.420499
 5090.0   1.417030
 5092.5   1.411230
 5095.0   1.406642
 5097.5   1.406215
 5100.0   1.405829
 5102.5   1.401166
 5105.0   1.394181
 5107.5   1.387920
 5110.0   1.383517
 5112.5   1.381187
 5115.0   1.379383
 5117.5   1.376675
 5120.0   1.373877
 5122.5   1.372085
 5125.0   1.371288
 5127.5   1.371046
 5130.0   1.370308
 5132.5   1.368268
 5135.0   1.365723
 5137.5   1.363574
 5140.0   1.361532
 5142.5   1.359101
 5145.0   1.356145
 5147.5   1.352720
 5150.0   1.349294
 5152.5   1.346367
 5155.0   1.344162
 5157.5   1.342601
 5160.0   1.340673
 5162.5   1.337508
 5165.0   1.333722
 5167.5   1.330334
 5170.0   1.328486
 5172.5   1.328679
 5175.0   1.328736
 5177.5   1.326575
 5180.0   1.323181
 5182.5   1.319835
 5185.0   1.315930
 5187.5   1.311101
 5190.0   1.307836
 5192.5   1.308015
 5195.0   1.308233
 5197.5   1.304862
 5200.0   1.298663
 5202.5   1.291772
 5205.0   1.287448
 5207.5   1.287909
 5210.0   1.290102
 5212.5   1.290437
 5215.0   1.288460
 5217.5   1.284688
 5220.0   1.280389
 5222.5   1.276643
 5225.0   1.273036
 5227.5   1.269091
 5230.0   1.265580
 5232.5   1.263149
 5235.0   1.260703
 5237.5   1.257426
 5240.0   1.255359
 5242.5   1.255934
 5245.0   1.255282
 5247.5   1.250218
 5250.0   1.245590
 5252.5   1.246285
 5255.0   1.249312
 5257.5   1.250425
 5260.0   1.248238
 5262.5   1.242666
 5265.0   1.235956
 5267.5   1.230608
 5270.0   1.227798
 5272.5   1.227630
 5275.0   1.227248
 5277.5   1.224258
 5280.0   1.221089
 5282.5   1.220229
 5285.0   1.219573
 5287.5   1.216685
 5290.0   1.212409
 5292.5   1.208098
 5295.0   1.203874
 5297.5   1.199872
 5300.0   1.197500
 5302.5   1.197659
 5305.0   1.197945
 5307.5   1.196162
 5310.0   1.194252
 5312.5   1.194309
 5315.0   1.194883
 5317.5   1.194116
 5320.0   1.192047
 5322.5   1.189047
 5325.0   1.184911
 5327.5   1.179745
 5330.0   1.175465
 5332.5   1.173553
 5335.0   1.171941
 5337.5   1.168612
 5340.0   1.165313
 5342.5   1.164052
 5345.0   1.164120
 5347.5   1.164392
 5350.0   1.164800
 5352.5   1.165098
 5355.0   1.163259
 5357.5   1.157890
 5360.0   1.151912
 5362.5   1.148383
 5365.0   1.146598
 5367.5   1.145142
 5370.0   1.143518
 5372.5   1.141654
 5375.0   1.140256
 5377.5   1.139709
 5380.0   1.138326
 5382.5   1.134923
 5385.0   1.132392
 5387.5   1.133270
 5390.0   1.134609
 5392.5   1.132930
 5395.0   1.128119
 5397.5   1.120462
 5400.0   1.108495
 5402.5   1.090623
 5405.0   1.066491
 5407.5   1.038775
 5410.0   1.021042
 5412.5   1.025001
 5415.0   1.044040
 5417.5   1.067396
 5420.0   1.086016
 5422.5   1.093865
 5425.0   1.095270
 5427.5   1.095738
 5430.0   1.095123
 5432.5   1.092539
 5435.0   1.089796
 5437.5   1.088476
 5440.0   1.086566
 5442.5   1.082180
 5445.0   1.077528
 5447.5   1.074910
 5450.0   1.072877
 5452.5   1.069879
 5455.0   1.067716
 5457.5   1.067978
 5460.0   1.068057
 5462.5   1.065588
 5465.0   1.063363
 5467.5   1.064224
 5470.0   1.066066
 5472.5   1.066078
 5475.0   1.063575
 5477.5   1.058654
 5480.0   1.052402
 5482.5   1.046092
 5485.0   1.040744
 5487.5   1.037463
 5490.0   1.037943
 5492.5   1.042863
 5495.0   1.048260
 5497.5   1.049977
 5500.0   1.047725
 5502.5   1.042550
 5505.0   1.036965
 5507.5   1.033328
 5510.0   1.031918
 5512.5   1.032194
 5515.0   1.032413
 5517.5   1.030926
 5520.0   1.027665
 5522.5   1.023260
 5525.0   1.019546
 5527.5   1.017810
 5530.0   1.015922
 5532.5   1.011946
 5535.0   1.008126
 5537.5   1.006853
 5540.0   1.006934
 5542.5   1.006716
 5545.0   1.006305
 5547.5   1.006028
 5550.0   1.005341
 5552.5   1.003806
 5555.0   1.002277
 5557.5   1.001603
 5560.0   1.001319
 5562.5   1.000654
 5565.0   0.998932
 5567.5   0.995997
 5570.0   0.993667
 5572.5   0.993456
 5575.0   0.993699
 5577.5   0.992337
 5580.0   0.988919
 5582.5   0.983586
 5585.0   0.977233
 5587.5   0.971000
 5590.0   0.966262
 5592.5   0.964182
 5595.0   0.964858
 5597.5   0.967652
 5600.0   0.970053
 5602.5   0.969857
 5605.0   0.967947
 5607.5   0.965655
 5610.0   0.963008
 5612.5   0.959987
 5615.0   0.957674
 5617.5   0.956935
 5620.0   0.956647
 5622.5   0.955564
 5625.0   0.953920
 5627.5   0.952244
 5630.0   0.950771
 5632.5   0.949572
 5635.0   0.948347
 5637.5   0.946799
 5640.0   0.945012
 5642.5   0.943201
 5645.0   0.941731
 5647.5   0.940803
 5650.0   0.939804
 5652.5   0.938125
 5655.0   0.935990
 5657.5   0.933777
 5660.0   0.931658
 5662.5   0.929671
 5665.0   0.927520
 5667.5   0.924904
 5670.0   0.921833
 5672.5   0.918567
 5675.0   0.916046
 5677.5   0.915110
 5680.0   0.915521
 5682.5   0.916664
 5685.0   0.917493
 5687.5   0.917386
 5690.0   0.917845
 5692.5   0.919957
 5695.0   0.921021
 5697.5   0.918027
 5700.0   0.910517
 5702.5   0.899901
 5705.0   0.892511
 5707.5   0.893425
 5710.0   0.897787
 5712.5   0.899581
 5715.0   0.898082
 5717.5   0.894156
 5720.0   0.889743
 5722.5   0.886612
 5725.0   0.884772
 5727.5   0.883697
 5730.0   0.882481
 5732.5   0.880401
 5735.0   0.877837
 5737.5   0.875350
 5740.0   0.873134
 5742.5   0.871299
 5745.0   0.870006
 5747.5   0.869261
 5750.0   0.868411
 5752.5   0.866979
 5755.0   0.865849
 5757.5   0.865709
 5760.0   0.865101
 5762.5   0.862559
 5765.0   0.858722
 5767.5   0.854507
 5770.0   0.849837
 5772.5   0.844060
 5775.0   0.835218
 5777.5   0.822995
 5780.0   0.814963
 5782.5   0.817772
 5785.0   0.826499
 5787.5   0.833907
 5790.0   0.835066
 5792.5   0.827481
 5795.0   0.816090
 5797.5   0.806967
 5800.0   0.803287
 5802.5   0.805975
 5805.0   0.809841
 5807.5   0.810057
 5810.0   0.809366
 5812.5   0.811507
 5815.0   0.816633
 5817.5   0.823578
 5820.0   0.829489
 5822.5   0.831954
 5825.0   0.832000
 5827.5   0.831172
 5830.0   0.829654
 5832.5   0.827504
 5835.0   0.825649
 5837.5   0.824736
 5840.0   0.823412
 5842.5   0.820446
 5845.0   0.817082
 5847.5   0.814715
 5850.0   0.812878
 5852.5   0.810947
 5855.0   0.809519
 5857.5   0.809288
 5860.0   0.810100
 5862.5   0.810962
 5865.0   0.808375
 5867.5   0.799141
 5870.0   0.783770
 5872.5   0.765762
 5875.0   0.756876
 5877.5   0.765249
 5880.0   0.776266
 5882.5   0.773168
 5885.0   0.753364
 5887.5   0.721262
 5890.0   0.695083
 5892.5   0.691346
 5895.0   0.705948
 5897.5   0.729890
 5900.0   0.755212
 5902.5   0.775022
 5905.0   0.785667
 5907.5   0.786174
 5910.0   0.783037
 5912.5   0.782446
 5915.0   0.781893
 5917.5   0.778114
 5920.0   0.773510
 5922.5   0.771095
 5925.0   0.770671
 5927.5   0.771182
 5930.0   0.771364
 5932.5   0.770263
 5935.0   0.768383
 5937.5   0.766368
 5940.0   0.763973
 5942.5   0.760909
 5945.0   0.757592
 5947.5   0.754712
 5950.0   0.753331
 5952.5   0.753926
 5955.0   0.754244
 5957.5   0.752367
 5960.0   0.750452
 5962.5   0.750536
 5965.0   0.750108
 5967.5   0.746816
 5970.0   0.743496
 5972.5   0.743137
 5975.0   0.744142
 5977.5   0.744204
 5980.0   0.742761
 5982.5   0.740085
 5985.0   0.738033
 5987.5   0.738246
 5990.0   0.739908
 5992.5   0.741565
 5995.0   0.741654
 5997.5   0.739213
 6000.0   0.735786
 6002.5   0.733043
 6005.0   0.730656
 6007.5   0.728101
 6010.0   0.726057
 6012.5   0.725233
 6015.0   0.725243
 6017.5   0.725502
 6020.0   0.725720
 6022.5   0.725833
 6025.0   0.726374
 6027.5   0.727406
 6030.0   0.726515
 6032.5   0.721802
 6035.0   0.715903
 6037.5   0.712072
 6040.0   0.711509
 6042.5   0.714019
 6045.0   0.715883
 6047.5   0.714018
 6050.0   0.711402
 6052.5   0.711276
 6055.0   0.711858
 6057.5   0.710781
 6060.0   0.708347
 6062.5   0.705499
 6065.0   0.703055
 6067.5   0.701561
 6070.0   0.700589
 6072.5   0.699636
 6075.0   0.698870
 6077.5   0.698494
 6080.0   0.698184
 6082.5   0.697664
 6085.0   0.697365
 6087.5   0.697635
 6090.0   0.697777
 6092.5   0.697062
 6095.0   0.695689
 6097.5   0.694021
 6100.0   0.692154
 6102.5   0.690148
 6105.0   0.688173
 6107.5   0.686557
 6110.0   0.686146
 6112.5   0.687104
 6115.0   0.686333
 6117.5   0.681637
 6120.0   0.677671
 6122.5   0.678845
 6125.0   0.681732
 6127.5   0.682133
 6130.0   0.680589
 6132.5   0.678711
 6135.0   0.677642
 6137.5   0.677869
 6140.0   0.677710
 6142.5   0.675731
 6145.0   0.673670
 6147.5   0.673263
 6150.0   0.673081
 6152.5   0.671523
 6155.0   0.669480
 6157.5   0.667903
 6160.0   0.665481
 6162.5   0.660987
 6165.0   0.655783
 6167.5   0.651646
 6170.0   0.649435
 6172.5   0.649406
 6175.0   0.650337
 6177.5   0.651013
 6180.0   0.651746
 6182.5   0.652931
 6185.0   0.653777
 6187.5   0.653571
 6190.0   0.653094
 6192.5   0.653083
 6195.0   0.652608
 6197.5   0.650672
 6200.0   0.647681
 6202.5   0.644627
 6205.0   0.643435
 6207.5   0.645302
 6210.0   0.647592
 6212.5   0.647691
 6215.0   0.646917
 6217.5   0.646892
 6220.0   0.646520
 6222.5   0.644487
 6225.0   0.641329
 6227.5   0.638041
 6230.0   0.635599
 6232.5   0.634668
 6235.0   0.634695
 6237.5   0.635045
 6240.0   0.635969
 6242.5   0.637698
 6245.0   0.639498
 6247.5   0.640476
 6250.0   0.640067
 6252.5   0.638265
 6255.0   0.636969
 6257.5   0.637489
 6260.0   0.636878
 6262.5   0.632510
 6265.0   0.627287
 6267.5   0.624255
 6270.0   0.621502
 6272.5   0.616102
 6275.0   0.606036
 6277.5   0.591446
 6280.0   0.580205
 6282.5   0.579644
 6285.0   0.587204
 6287.5   0.597893
 6290.0   0.606890
 6292.5   0.610734
 6295.0   0.611236
 6297.5   0.610857
 6300.0   0.609379
 6302.5   0.606201
 6305.0   0.601864
 6307.5   0.597316
 6310.0   0.593986
 6312.5   0.593085
 6315.0   0.594474
 6317.5   0.597600
 6320.0   0.601604
 6322.5   0.605414
 6325.0   0.607403
 6327.5   0.606585
 6330.0   0.605091
 6332.5   0.605034
 6335.0   0.605344
 6337.5   0.604591
 6340.0   0.603081
 6342.5   0.601473
 6345.0   0.600088
 6347.5   0.599010
 6350.0   0.597714
 6352.5   0.595807
 6355.0   0.594037
 6357.5   0.593104
 6360.0   0.592365
 6362.5   0.591143
 6365.0   0.589960
 6367.5   0.589337
 6370.0   0.588574
 6372.5   0.586922
 6375.0   0.584644
 6377.5   0.582357
 6380.0   0.581084
 6382.5   0.581503
 6385.0   0.582496
 6387.5   0.582809
 6390.0   0.582448
 6392.5   0.581516
 6395.0   0.579250
 6397.5   0.575227
 6400.0   0.571250
 6402.5   0.569093
 6405.0   0.568194
 6407.5   0.567679
 6410.0   0.567774
 6412.5   0.568799
 6415.0   0.570366
 6417.5   0.571967
 6420.0   0.573342
 6422.5   0.574290
 6425.0   0.574612
 6427.5   0.574192
 6430.0   0.573255
 6432.5   0.572069
 6435.0   0.570730
 6437.5   0.569292
 6440.0   0.567817
 6442.5   0.566364
 6445.0   0.564982
 6447.5   0.563680
 6450.0   0.562314
 6452.5   0.560816
 6455.0   0.559573
 6457.5   0.558942
 6460.0   0.558710
 6462.5   0.558537
 6465.0   0.558142
 6467.5   0.557355
 6470.0   0.556381
 6472.5   0.555569
 6475.0   0.555453
 6477.5   0.556203
 6480.0   0.556333
 6482.5   0.554566
 6485.0   0.552112
 6487.5   0.550478
 6490.0   0.549874
 6492.5   0.550146
 6495.0   0.550986
 6497.5   0.552007
 6500.0   0.552667
 6502.5   0.552602
 6505.0   0.552303
 6507.5   0.552121
 6510.0   0.550978
 6512.5   0.547972
 6515.0   0.544322
 6517.5   0.541264
 6520.0   0.537988
 6522.5   0.533721
 6525.0   0.529896
 6527.5   0.528178
 6530.0   0.528945
 6532.5   0.531916
 6535.0   0.535450
 6537.5   0.537859
 6540.0   0.538616
 6542.5   0.537561
 6545.0   0.534851
 6547.5   0.530318
 6550.0   0.522171
 6552.5   0.508572
 6555.0   0.489121
 6557.5   0.465497
 6560.0   0.446247
 6562.5   0.440074
 6565.0   0.449426
 6567.5   0.472688
 6570.0   0.498242
 6572.5   0.515044
 6575.0   0.524353
 6577.5   0.529766
 6580.0   0.531931
 6582.5   0.531207
 6585.0   0.529738
 6587.5   0.529450
 6590.0   0.529597
 6592.5   0.529118
 6595.0   0.528352
 6597.5   0.527882
 6600.0   0.527850
 6602.5   0.528049
 6605.0   0.527306
 6607.5   0.524801
 6610.0   0.522098
 6612.5   0.520741
 6615.0   0.519816
 6617.5   0.518380
 6620.0   0.517831
 6622.5   0.519261
 6625.0   0.520186
 6627.5   0.518340
 6630.0   0.515914
 6632.5   0.515346
 6635.0   0.515612
 6637.5   0.515200
 6640.0   0.514102
 6642.5   0.512684
 6645.0   0.511314
 6647.5   0.510186
 6650.0   0.508787
 6652.5   0.506699
 6655.0   0.504585
 6657.5   0.503096
 6660.0   0.501759
 6662.5   0.500082
 6665.0   0.498610
 6667.5   0.497697
 6670.0   0.495889
 6672.5   0.491794
 6675.0   0.486066
 6677.5   0.480087
 6680.0   0.476114
 6682.5   0.475948
 6685.0   0.478700
 6687.5   0.482881
 6690.0   0.487284
 6692.5   0.490844
 6695.0   0.492773
 6697.5   0.492706
 6700.0   0.491704
 6702.5   0.490965
 6705.0   0.490808
 6707.5   0.491170
 6710.0   0.491346
 6712.5   0.490721
 6715.0   0.489686
 6717.5   0.488847
 6720.0   0.488660
 6722.5   0.489244
 6725.0   0.489522
 6727.5   0.488557
 6730.0   0.487166
 6732.5   0.486231
 6735.0   0.485128
 6737.5   0.483246
 6740.0   0.481536
 6742.5   0.480939
 6745.0   0.480794
 6747.5   0.480236
 6750.0   0.479177
 6752.5   0.477859
 6755.0   0.477054
 6757.5   0.477286
 6760.0   0.477540
 6762.5   0.476795
 6765.0   0.475540
 6767.5   0.474447
 6770.0   0.473415
 6772.5   0.472236
 6775.0   0.471062
 6777.5   0.470074
 6780.0   0.469223
 6782.5   0.468372
 6785.0   0.467267
 6787.5   0.465836
 6790.0   0.464838
 6792.5   0.464988
 6795.0   0.465979
 6797.5   0.467196
 6800.0   0.467827
 6802.5   0.467219
 6805.0   0.465559
 6807.5   0.463371
 6810.0   0.461679
 6812.5   0.461292
 6815.0   0.461650
 6817.5   0.461952
 6820.0   0.461801
 6822.5   0.461081
 6825.0   0.460385
 6827.5   0.460249
 6830.0   0.460259
 6832.5   0.459755
 6835.0   0.458034
 6837.5   0.454873
 6840.0   0.452001
 6842.5   0.451000
 6845.0   0.450917
 6847.5   0.450498
 6850.0   0.449833
 6852.5   0.449258
 6855.0   0.448749
 6857.5   0.448216
 6860.0   0.447665
 6862.5   0.447121
 6865.0   0.446581
 6867.5   0.446040
 6870.0   0.445497
 6872.5   0.444955
 6875.0   0.444413
 6877.5   0.443871
 6880.0   0.443329
 6882.5   0.442787
 6885.0   0.442245
 6887.5   0.441703
 6890.0   0.441161
 6892.5   0.440619
 6895.0   0.440077
 6897.5   0.439535
 6900.0   0.438993
 6902.5   0.438451
 6905.0   0.437909
 6907.5   0.437367
 6910.0   0.436825
 6912.5   0.436283
 6915.0   0.435741
 6917.5   0.435199
 6920.0   0.434657
 6922.5   0.434115
 6925.0   0.433573
 6927.5   0.433031
 6930.0   0.432489
 6932.5   0.431947
 6935.0   0.431405
 6937.5   0.430863
 6940.0   0.430321
 6942.5   0.429780
 6945.0   0.429237
 6947.5   0.428691
 6950.0   0.428153
 6952.5   0.427626
 6955.0   0.427069
 6957.5   0.426471
 6960.0   0.425986
 6962.5   0.425655
 6965.0   0.424902
 6967.5   0.423574
 6970.0   0.423818
 6972.5   0.427150
 6975.0   0.430262
 6977.5   0.429890
 6980.0   0.427752
 6982.5   0.426062
 6985.0   0.424017
 6987.5   0.420730
 6990.0   0.417992
 6992.5   0.417510
 6995.0   0.417981
 6997.5   0.417800
 7000.0   0.417153
 7002.5   0.416628
 7005.0   0.416619
 7007.5   0.417154
 7010.0   0.416979
 7012.5   0.415197
 7015.0   0.413611
 7017.5   0.413927
 7020.0   0.414764
 7022.5   0.414523
 7025.0   0.413817
 7027.5   0.413572
 7030.0   0.413743
 7032.5   0.414014
 7035.0   0.413965
 7037.5   0.413222
 7040.0   0.411701
 7042.5   0.409526
 7045.0   0.407351
 7047.5   0.405930
 7050.0   0.405887
 7052.5   0.407235
 7055.0   0.407669
 7057.5   0.405116
 7060.0   0.400735
 7062.5   0.396476
 7065.0   0.394219
 7067.5   0.395210
 7070.0   0.398218
 7072.5   0.401460
 7075.0   0.403403
 7077.5   0.403166
 7080.0   0.402212
 7082.5   0.402111
 7085.0   0.402509
 7087.5   0.402768
 7090.0   0.403025
 7092.5   0.403352
 7095.0   0.402777
 7097.5   0.400646
 7100.0   0.398624
 7102.5   0.398314
 7105.0   0.398757
 7107.5   0.398660
 7110.0   0.397959
 7112.5   0.397056
 7115.0   0.396981
 7117.5   0.398389
 7120.0   0.399811
 7122.5   0.399820
 7125.0   0.399281
 7127.5   0.399330
 7130.0   0.399893
 7132.5   0.400571
 7135.0   0.400882
 7137.5   0.400477
 7140.0   0.399617
 7142.5   0.398654
 7145.0   0.397686
 7147.5   0.396771
 7150.0   0.396064
 7152.5   0.395573
 7155.0   0.394626
 7157.5   0.392725
 7160.0   0.390738
 7162.5   0.389225
 7165.0   0.386157
 7167.5   0.379830
 7170.0   0.372420
 7172.5   0.366599
 7175.0   0.363136
 7177.5   0.361921
 7180.0   0.361233
 7182.5   0.359758
 7185.0   0.359411
 7187.5   0.362025
 7190.0   0.365866
 7192.5   0.368718
 7195.0   0.370019
 7197.5   0.369858
 7200.0   0.369296
 7202.5   0.369612
 7205.0   0.372001
 7207.5   0.376865
 7210.0   0.381519
 7212.5   0.383370
 7215.0   0.383277
 7217.5   0.382709
 7220.0   0.382119
 7222.5   0.381600
 7225.0   0.380817
 7227.5   0.379329
 7230.0   0.376708
 7232.5   0.372892
 7235.0   0.369263
 7237.5   0.367094
 7240.0   0.365790
 7242.5   0.364628
 7245.0   0.364249
 7247.5   0.365127
 7250.0   0.365700
 7252.5   0.364657
 7255.0   0.363726
 7257.5   0.364487
 7260.0   0.364879
 7262.5   0.362941
 7265.0   0.360753
 7267.5   0.360373
 7270.0   0.359734
 7272.5   0.356919
 7275.0   0.354739
 7277.5   0.356018
 7280.0   0.358906
 7282.5   0.360692
 7285.0   0.359909
 7287.5   0.356363
 7290.0   0.353713
 7292.5   0.355127
 7295.0   0.357960
 7297.5   0.358862
 7300.0   0.357475
 7302.5   0.354568
 7305.0   0.352430
 7307.5   0.352792
 7310.0   0.353631
 7312.5   0.352785
 7315.0   0.351289
 7317.5   0.350625
 7320.0   0.350849
 7322.5   0.351523
 7325.0   0.351648
 7327.5   0.350570
 7330.0   0.349579
 7332.5   0.349903
 7335.0   0.350570
 7337.5   0.350433
 7340.0   0.349845
 7342.5   0.349322
 7345.0   0.348531
 7347.5   0.347225
 7350.0   0.346355
 7352.5   0.346688
 7355.0   0.347050
 7357.5   0.346189
 7360.0   0.344469
 7362.5   0.342659
 7365.0   0.341514
 7367.5   0.341518
 7370.0   0.342076
 7372.5   0.342471
 7375.0   0.342577
 7377.5   0.342303
 7380.0   0.341096
 7382.5   0.338691
 7385.0   0.336444
 7387.5   0.335725
 7390.0   0.336349
 7392.5   0.337574
 7395.0   0.337995
 7397.5   0.336574
 7400.0   0.334411
 7402.5   0.332751
 7405.0   0.331268
 7407.5   0.329566
 7410.0   0.328531
 7412.5   0.329079
 7415.0   0.330955
 7417.5   0.333166
 7420.0   0.332923
 7422.5   0.328442
 7425.0   0.323753
 7427.5   0.322819
 7430.0   0.323534
 7432.5   0.323150
 7435.0   0.322430
 7437.5   0.322576
 7440.0   0.323027
 7442.5   0.322984
 7445.0   0.322448
 7447.5   0.321745
 7450.0   0.321699
 7452.5   0.322710
 7455.0   0.322997
 7457.5   0.321142
 7460.0   0.319360
 7462.5   0.319713
 7465.0   0.320017
 7467.5   0.318098
 7470.0   0.316073
 7472.5   0.316220
 7475.0   0.317172
 7477.5   0.317159
 7480.0   0.316454
 7482.5   0.315702
 7485.0   0.314990
 7487.5   0.314295
 7490.0   0.313728
 7492.5   0.313406
 7495.0   0.313354
 7497.5   0.313477
 7500.0   0.313290
 7502.5   0.312448
 7505.0   0.311540
 7507.5   0.311212
 7510.0   0.311390
 7512.5   0.311734
 7515.0   0.311546
 7517.5   0.310420
 7520.0   0.309484
 7522.5   0.309707
 7525.0   0.309898
 7527.5   0.308846
 7530.0   0.307433
 7532.5   0.306722
 7535.0   0.306397
 7537.5   0.305959
 7540.0   0.305547
 7542.5   0.305383
 7545.0   0.305379
 7547.5   0.305375
 7550.0   0.305224
 7552.5   0.304836
 7555.0   0.304342
 7557.5   0.303886
 7560.0   0.303459
 7562.5   0.303022
 7565.0   0.302577
 7567.5   0.302135
 7570.0   0.301695
 7572.5   0.301254
 7575.0   0.300813
 7577.5   0.300372
 7580.0   0.299931
 7582.5   0.299490
 7585.0   0.299048
 7587.5   0.298607
 7590.0   0.298166
 7592.5   0.297725
 7595.0   0.297284
 7597.5   0.296843
 7600.0   0.296402
 7602.5   0.295961
 7605.0   0.295520
 7607.5   0.295079
 7610.0   0.294638
 7612.5   0.294197
 7615.0   0.293755
 7617.5   0.293314
 7620.0   0.292873
 7622.5   0.292432
 7625.0   0.291991
 7627.5   0.291550
 7630.0   0.291109
 7632.5   0.290668
 7635.0   0.290227
 7637.5   0.289786
 7640.0   0.289344
 7642.5   0.288903
 7645.0   0.288462
 7647.5   0.288021
 7650.0   0.287580
 7652.5   0.287139
 7655.0   0.286698
 7657.5   0.286257
 7660.0   0.285816
 7662.5   0.285375
 7665.0   0.284934
 7667.5   0.284493
 7670.0   0.284051
 7672.5   0.283610
 7675.0   0.283169
 7677.5   0.282728
 7680.0   0.282287
 7682.5   0.281846
 7685.0   0.281405
 7687.5   0.280964
 7690.0   0.280523
 7692.5   0.280082
 7695.0   0.279641
 7697.5   0.279200
 7700.0   0.278758
 7702.5   0.278317
 7705.0   0.277876
 7707.5   0.277435
 7710.0   0.276994
 7712.5   0.276551
 7715.0   0.276112
 7717.5   0.275678
 7720.0   0.275230
 7722.5   0.274764
 7725.0   0.274347
 7727.5   0.273997
 7730.0   0.273465
 7732.5   0.272635
 7735.0   0.272181
 7737.5   0.272611
 7740.0   0.272959
 7742.5   0.272331
 7745.0   0.271578
 7747.5   0.271609
 7750.0   0.271809
 7752.5   0.271453
 7755.0   0.270888
 7757.5   0.270555
 7760.0   0.270185
 7762.5   0.269504
 7765.0   0.268911
 7767.5   0.268826
 7770.0   0.269078
 7772.5   0.269290
 7775.0   0.268858
 7777.5   0.267491
 7780.0   0.266375
 7782.5   0.266560
 7785.0   0.267075
 7787.5   0.266806
 7790.0   0.266096
 7792.5   0.265541
 7795.0   0.265302
 7797.5   0.265335
 7800.0   0.265220
 7802.5   0.264659
 7805.0   0.264219
 7807.5   0.264384
 7810.0   0.264443
 7812.5   0.263750
 7815.0   0.263114
 7817.5   0.263338
 7820.0   0.263755
 7822.5   0.263526
 7825.0   0.262594
 7827.5   0.261249
 7830.0   0.260397
 7832.5   0.260672
 7835.0   0.260995
 7837.5   0.260337
 7840.0   0.259578
 7842.5   0.259663
 7845.0   0.259895
 7847.5   0.259530
 7850.0   0.259273
 7852.5   0.259720
 7855.0   0.259581
 7857.5   0.257750
 7860.0   0.255743
 7862.5   0.255197
 7865.0   0.255601
 7867.5   0.256029
 7870.0   0.256031
 7872.5   0.255489
 7875.0   0.255135
 7877.5   0.255516
 7880.0   0.255578
 7882.5   0.254416
 7885.0   0.253327
 7887.5   0.253549
 7890.0   0.253870
 7892.5   0.252993
 7895.0   0.251718
 7897.5   0.251108
 7900.0   0.251173
 7902.5   0.251596
 7905.0   0.251794
 7907.5   0.251362
 7910.0   0.250875
 7912.5   0.250906
 7915.0   0.251042
 7917.5   0.250747
 7920.0   0.249965
 7922.5   0.248825
 7925.0   0.247702
 7927.5   0.246977
 7930.0   0.246801
 7932.5   0.247192
 7935.0   0.247876
 7937.5   0.248464
 7940.0   0.248405
 7942.5   0.247390
 7945.0   0.246258
 7947.5   0.245810
 7950.0   0.245561
 7952.5   0.244925
 7955.0   0.244195
 7957.5   0.243796
 7960.0   0.243798
 7962.5   0.244060
 7965.0   0.243944
 7967.5   0.243032
 7970.0   0.242287
 7972.5   0.242571
 7975.0   0.242953
 7977.5   0.242459
 7980.0   0.241731
 7982.5   0.241567
 7985.0   0.241785
 7987.5   0.241968
 7990.0   0.241750
 7992.5   0.240982
 7995.0   0.240342
 7997.5   0.240470
 8000.0   0.241027
 8002.5   0.241528
 8005.0   0.241871
 8007.5   0.242031
 8010.0   0.241900
 8012.5   0.241440
 8015.0   0.240962
 8017.5   0.240751
 8020.0   0.240642
 8022.5   0.240444
 8025.0   0.240320
 8027.5   0.240434
 8030.0   0.240593
 8032.5   0.240563
 8035.0   0.240312
 8037.5   0.239901
 8040.0   0.239552
 8042.5   0.239455
 8045.0   0.239511
 8047.5   0.239618
 8050.0   0.239947
 8052.5   0.240574
 8055.0   0.240919
 8057.5   0.240446
 8060.0   0.239463
 8062.5   0.238450
 8065.0   0.237723
 8067.5   0.237456
 8070.0   0.237402
 8072.5   0.237233
 8075.0   0.236708
 8077.5   0.235741
 8080.0   0.234768
 8082.5   0.234183
 8085.0   0.233695
 8087.5   0.232980
 8090.0   0.232279
 8092.5   0.231842
 8095.0   0.231395
 8097.5   0.230711
 8100.0   0.230269
 8102.5   0.230446
 8105.0   0.230517
 8107.5   0.229885
 8110.0   0.229565
 8112.5   0.230485
 8115.0   0.231601
 8117.5   0.231752
 8120.0   0.231277
 8122.5   0.230784
 8125.0   0.230447
 8127.5   0.230262
 8130.0   0.229942
 8132.5   0.229289
 8135.0   0.228734
 8137.5   0.228651
 8140.0   0.228566
 8142.5   0.227950
 8145.0   0.226896
 8147.5   0.225645
 8150.0   0.224411
 8152.5   0.223349
 8155.0   0.222395
 8157.5   0.221475
 8160.0   0.220686
 8162.5   0.220132
 8165.0   0.219779
 8167.5   0.219644
 8170.0   0.220098
 8172.5   0.221220
 8175.0   0.221577
 8177.5   0.220159
 8180.0   0.219163
 8182.5   0.220652
 8185.0   0.222950
 8187.5   0.223851
 8190.0   0.222762
 8192.5   0.220045
 8195.0   0.218269
 8197.5   0.219463
 8200.0   0.221286
 8202.5   0.221199
 8205.0   0.220235
 8207.5   0.219845
 8210.0   0.219565
 8212.5   0.218662
 8215.0   0.217241
 8217.5   0.215575
 8220.0   0.213787
 8222.5   0.211898
 8225.0   0.209685
 8227.5   0.207202
 8230.0   0.205844
 8232.5   0.206622
 8235.0   0.207665
 8237.5   0.207211
 8240.0   0.206825
 8242.5   0.208296
 8245.0   0.210995
 8247.5   0.213726
 8250.0   0.215449
 8252.5   0.215573
 8255.0   0.215159
 8257.5   0.215302
 8260.0   0.215591
 8262.5   0.215470
 8265.0   0.215324
 8267.5   0.215498
 8270.0   0.215239
 8272.5   0.213896
 8275.0   0.212327
 8277.5   0.211459
 8280.0   0.210988
 8282.5   0.210482
 8285.0   0.210217
 8287.5   0.210474
 8290.0   0.210845
 8292.5   0.210980
 8295.0   0.211434
 8297.5   0.212589
 8300.0   0.213217
 8302.5   0.212253
 8305.0   0.210894
 8307.5   0.210471
 8310.0   0.210584
 8312.5   0.210507
 8315.0   0.209950
 8317.5   0.208892
 8320.0   0.207969
 8322.5   0.207762
 8325.0   0.207987
 8327.5   0.208201
 8330.0   0.208178
 8332.5   0.207866
 8335.0   0.207687
 8337.5   0.207924
 8340.0   0.207829
 8342.5   0.206733
 8345.0   0.205305
 8347.5   0.204324
 8350.0   0.203659
 8352.5   0.202972
 8355.0   0.202000
 8357.5   0.200691
 8360.0   0.199765
 8362.5   0.199842
 8365.0   0.200374
 8367.5   0.200722
 8370.0   0.201048
 8372.5   0.201560
 8375.0   0.201847
 8377.5   0.201590
 8380.0   0.201460
 8382.5   0.202071
 8385.0   0.202817
 8387.5   0.202994
 8390.0   0.202737
 8392.5   0.202397
 8395.0   0.202338
 8397.5   0.202761
 8400.0   0.203185
 8402.5   0.203120
 8405.0   0.202719
 8407.5   0.202271
 8410.0   0.201952
 8412.5   0.201828
 8415.0   0.201639
 8417.5   0.201185
 8420.0   0.200843
 8422.5   0.200928
 8425.0   0.200921
 8427.5   0.200350
 8430.0   0.199773
 8432.5   0.199705
 8435.0   0.199466
 8437.5   0.198458
 8440.0   0.197601
 8442.5   0.197770
 8445.0   0.198129
 8447.5   0.197792
 8450.0   0.197388
 8452.5   0.197609
 8455.0   0.197881
 8457.5   0.197569
 8460.0   0.197064
 8462.5   0.196809
 8465.0   0.196437
 8467.5   0.195668
 8470.0   0.195395
 8472.5   0.196229
 8475.0   0.196480
 8477.5   0.194687
 8480.0   0.192602
 8482.5   0.192130
 8485.0   0.192566
 8487.5   0.192853
 8490.0   0.193141
 8492.5   0.193660
 8495.0   0.193749
 8497.5   0.192900
 8500.0   0.192096
 8502.5   0.192315
 8505.0   0.193033
 8507.5   0.193494
 8510.0   0.193527
 8512.5   0.193175
 8515.0   0.192745
 8517.5   0.192488
 8520.0   0.192177
 8522.5   0.191578
 8525.0   0.190905
 8527.5   0.190361
 8530.0   0.189662
 8532.5   0.188680
 8535.0   0.188396
 8537.5   0.189441
 8540.0   0.189944
 8542.5   0.188280
 8545.0   0.186328
 8547.5   0.186102
 8550.0   0.186661
 8552.5   0.186768
 8555.0   0.186961
 8557.5   0.187871
 8560.0   0.188735
 8562.5   0.188714
 8565.0   0.188059
 8567.5   0.187225
 8570.0   0.186405
 8572.5   0.185696
 8575.0   0.185071
 8577.5   0.184485
 8580.0   0.183937
 8582.5   0.183417
 8585.0   0.182835
 8587.5   0.182099
 8590.0   0.181178
 8592.5   0.180174
 8595.0   0.179652
 8597.5   0.179985
 8600.0   0.180297
 8602.5   0.179814
 8605.0   0.179407
 8607.5   0.179978
 8610.0   0.180900
 8612.5   0.181358
 8615.0   0.181318
 8617.5   0.180966
 8620.0   0.180580
 8622.5   0.180430
 8625.0   0.180669
 8627.5   0.181304
 8630.0   0.181887
 8632.5   0.181940
 8635.0   0.181324
 8637.5   0.180162
 8640.0   0.179290
 8642.5   0.179413
 8645.0   0.179985
 8647.5   0.180318
 8650.0   0.180397
 8652.5   0.180336
 8655.0   0.180075
 8657.5   0.179567
 8660.0   0.178981
 8662.5   0.178536
 8665.0   0.178442
 8667.5   0.178803
 8670.0   0.179302
 8672.5   0.179630
 8675.0   0.179921
 8677.5   0.180337
 8680.0   0.180724
 8682.5   0.180903
 8685.0   0.180926
 8687.5   0.180896
 8690.0   0.180888
 8692.5   0.180957
 8695.0   0.181117
 8697.5   0.181312
 8700.0   0.181236
 8702.5   0.180671
 8705.0   0.179983
 8707.5   0.179570
 8710.0   0.179369
 8712.5   0.179220
 8715.0   0.179049
 8717.5   0.178834
 8720.0   0.178692
 8722.5   0.178691
 8725.0   0.178569
 8727.5   0.178048
 8730.0   0.177131
 8732.5   0.176093
 8735.0   0.176025
 8737.5   0.177455
 8740.0   0.177849
 8742.5   0.175123
 8745.0   0.172060
 8747.5   0.171616
 8750.0   0.172573
 8752.5   0.173123
 8755.0   0.173268
 8757.5   0.173474
 8760.0   0.174235
 8762.5   0.175648
 8765.0   0.176183
 8767.5   0.174707
 8770.0   0.173303
 8772.5   0.173955
 8775.0   0.175029
 8777.5   0.174712
 8780.0   0.174098
 8782.5   0.174516
 8785.0   0.175342
 8787.5   0.175683
 8790.0   0.175539
 8792.5   0.175175
 8795.0   0.175036
 8797.5   0.175379
 8800.0   0.175539
 8802.5   0.174977
 8805.0   0.174575
 8807.5   0.175050
 8810.0   0.175044
 8812.5   0.173410
 8815.0   0.171914
 8817.5   0.172341
 8820.0   0.173638
 8822.5   0.174367
 8825.0   0.174389
 8827.5   0.173941
 8830.0   0.173454
 8832.5   0.173212
 8835.0   0.172716
 8837.5   0.171544
 8840.0   0.170355
 8842.5   0.169801
 8845.0   0.169421
 8847.5   0.168618
 8850.0   0.167373
 8852.5   0.165837
 8855.0   0.164249
 8857.5   0.162838
 8860.0   0.161692
 8862.5   0.160885
 8865.0   0.160584
 8867.5   0.160899
 8870.0   0.161624
 8872.5   0.162494
 8875.0   0.163316
 8877.5   0.163934
 8880.0   0.164262
 8882.5   0.164297
 8885.0   0.164287
 8887.5   0.164502
 8890.0   0.165059
 8892.5   0.165869
 8895.0   0.166174
 8897.5   0.165455
 8900.0   0.164810
 8902.5   0.165250
 8905.0   0.165830
 8907.5   0.165494
 8910.0   0.164695
 8912.5   0.164153
 8915.0   0.164141
 8917.5   0.164591
 8920.0   0.164516
 8922.5   0.163421
 8925.0   0.163699
 8927.5   0.167202
 8930.0   0.170744
 8932.5   0.171201
 8935.0   0.170748
 8937.5   0.171843
 8940.0   0.172784
 8942.5   0.171616
 8945.0   0.169521
 8947.5   0.168026
 8950.0   0.166886
 8952.5   0.165595
 8955.0   0.164368
 8957.5   0.163502
 8960.0   0.162916
 8962.5   0.162371
 8965.0   0.161392
 8967.5   0.159766
 8970.0   0.158567
 8972.5   0.158684
 8975.0   0.158966
 8977.5   0.158287
 8980.0   0.157639
 8982.5   0.157883
 8985.0   0.157217
 8987.5   0.154206
 8990.0   0.151537
 8992.5   0.151857
 8995.0   0.153548
 8997.5   0.154366
 9000.0   0.153846
 9002.5   0.152263
 9005.0   0.151076
 9007.5   0.151511
 9010.0   0.152675
 9012.5   0.153360
 9015.0   0.153207
 9017.5   0.152481
 9020.0   0.153095
 9022.5   0.156445
 9025.0   0.160205
 9027.5   0.162046
 9030.0   0.163353
 9032.5   0.165591
 9035.0   0.166849
 9037.5   0.165424
 9040.0   0.163837
 9042.5   0.164613
 9045.0   0.166058
 9047.5   0.165977
 9050.0   0.164380
 9052.5   0.161928
 9055.0   0.159692
 9057.5   0.158527
 9060.0   0.158024
 9062.5   0.157491
 9065.0   0.156377
 9067.5   0.154514
 9070.0   0.153138
 9072.5   0.153322
 9075.0   0.154081
 9077.5   0.154255
 9080.0   0.154049
 9082.5   0.153936
 9085.0   0.154110
 9087.5   0.154652
 9090.0   0.155491
 9092.5   0.156467
 9095.0   0.157237
 9097.5   0.157397
 9100.0   0.156499
 9102.5   0.154530
 9105.0   0.153257
 9107.5   0.154191
 9110.0   0.156032
 9112.5   0.157156
 9115.0   0.157460
 9117.5   0.157205
 9120.0   0.156597
 9122.5   0.155815
 9125.0   0.154987
 9127.5   0.154170
 9130.0   0.153201
 9132.5   0.152057
 9135.0   0.151501
 9137.5   0.152098
 9140.0   0.152843
 9142.5   0.152742
 9145.0   0.152430
 9147.5   0.152331
 9150.0   0.150413
 9152.5   0.145512
 9155.0   0.142405
 9157.5   0.145267
 9160.0   0.149919
 9162.5   0.151542
 9165.0   0.151111
 9167.5   0.150599
 9170.0   0.150183
 9172.5   0.149809
 9175.0   0.150280
 9177.5   0.152202
 9180.0   0.154520
 9182.5   0.156021
 9185.0   0.156525
 9187.5   0.156136
 9190.0   0.155050
 9192.5   0.153525
 9195.0   0.151963
 9197.5   0.150967
 9200.0   0.151803
 9202.5   0.154982
 9205.0   0.157339
 9207.5   0.156012
 9210.0   0.153034
 9212.5   0.151034
 9215.0   0.150143
 9217.5   0.149785
 9220.0   0.149059
 9222.5   0.147484
 9225.0   0.146587
 9227.5   0.147574
 9230.0   0.148371
 9232.5   0.147022
 9235.0   0.145322
 9237.5   0.145217
 9240.0   0.145492
 9242.5   0.144723
 9245.0   0.143807
 9247.5   0.144038
 9250.0   0.145978
 9252.5   0.149293
 9255.0   0.150806
 9257.5   0.148299
 9260.0   0.146229
 9262.5   0.148819
 9265.0   0.152681
 9267.5   0.153963
 9270.0   0.154578
 9272.5   0.156841
 9275.0   0.158911
 9277.5   0.158533
 9280.0   0.155954
 9282.5   0.152604
 9285.0   0.152147
 9287.5   0.157015
 9290.0   0.162481
 9292.5   0.163634
 9295.0   0.161985
 9297.5   0.160164
 9300.0   0.158865
 9302.5   0.157919
 9305.0   0.155643
 9307.5   0.150966
 9310.0   0.146786
 9312.5   0.145564
 9315.0   0.144053
 9317.5   0.139347
 9320.0   0.135605
 9322.5   0.136879
 9325.0   0.139732
 9327.5   0.140084
 9330.0   0.138776
 9332.5   0.137704
 9335.0   0.138055
 9337.5   0.139871
 9340.0   0.139325
 9342.5   0.133798
 9345.0   0.129382
 9347.5   0.131421
 9350.0   0.133546
 9352.5   0.129545
 9355.0   0.125537
 9357.5   0.128080
 9360.0   0.133166
 9362.5   0.135414
 9365.0   0.134508
 9367.5   0.131889
 9370.0   0.130966
 9372.5   0.134101
 9375.0   0.137493
 9377.5   0.137608
 9380.0   0.138133
 9382.5   0.142944
 9385.0   0.149437
 9387.5   0.154165
 9390.0   0.156787
 9392.5   0.157810
 9395.0   0.158040
 9397.5   0.158108
 9400.0   0.157648
 9402.5   0.156397
 9405.0   0.155486
 9407.5   0.155502
 9410.0   0.153452
 9412.5   0.147185
 9415.0   0.141510
 9417.5   0.140972
 9420.0   0.142109
 9422.5   0.140612
 9425.0   0.136779
 9427.5   0.132384
 9430.0   0.130490
 9432.5   0.132672
 9435.0   0.133261
 9437.5   0.127604
 9440.0   0.122364
 9442.5   0.124383
 9445.0   0.129898
 9447.5   0.133751
 9450.0   0.135814
 9452.5   0.136906
 9455.0   0.136588
 9457.5   0.134662
 9460.0   0.133131
 9462.5   0.133696
 9465.0   0.134634
 9467.5   0.134158
 9470.0   0.133638
 9472.5   0.134535
 9475.0   0.135530
 9477.5   0.134990
 9480.0   0.132814
 9482.5   0.129740
 9485.0   0.128335
 9487.5   0.130539
 9490.0   0.133954
 9492.5   0.135627
 9495.0   0.134717
 9497.5   0.131744
 9500.0   0.130549
 9502.5   0.133946
 9505.0   0.137317
 9507.5   0.136406
 9510.0   0.135824
 9512.5   0.139842
 9515.0   0.142490
 9517.5   0.138105
 9520.0   0.132487
 9522.5   0.132091
 9525.0   0.134534
 9527.5   0.136020
 9530.0   0.135944
 9532.5   0.134689
 9535.0   0.133391
 9537.5   0.132947
 9540.0   0.132554
 9542.5   0.131345
 9545.0   0.129896
 9547.5   0.128876
 9550.0   0.127868
 9552.5   0.126494
 9555.0   0.125606
 9557.5   0.125978
 9560.0   0.126842
 9562.5   0.127267
 9565.0   0.127225
 9567.5   0.126989
 9570.0   0.127142
 9572.5   0.128100
 9575.0   0.129306
 9577.5   0.130123
 9580.0   0.130570
 9582.5   0.130727
 9585.0   0.130259
 9587.5   0.128939
 9590.0   0.127378
 9592.5   0.126406
 9595.0   0.126884
 9597.5   0.129020
 9600.0   0.130390
 9602.5   0.129067
 9605.0   0.127749
 9607.5   0.129027
 9610.0   0.130430
 9612.5   0.129304
 9615.0   0.127319
 9617.5   0.126494
 9620.0   0.125917
 9622.5   0.124668
 9625.0   0.124712
 9627.5   0.127364
 9630.0   0.128442
 9632.5   0.124422
 9635.0   0.119889
 9637.5   0.119496
 9640.0   0.120039
 9642.5   0.118022
 9645.0   0.116627
 9647.5   0.119236
 9650.0   0.123353
 9652.5   0.125671
 9655.0   0.125512
 9657.5   0.123332
 9660.0   0.121497
 9662.5   0.122042
 9665.0   0.123762
 9667.5   0.125011
 9670.0   0.125609
 9672.5   0.125696
 9675.0   0.125228
 9677.5   0.124312
 9680.0   0.123830
 9682.5   0.124557
 9685.0   0.126057
 9687.5   0.127537
 9690.0   0.127975
 9692.5   0.126912
 9695.0   0.126356
 9697.5   0.127765
 9700.0   0.127930
 9702.5   0.124029
 9705.0   0.119464
 9707.5   0.117994
 9710.0   0.118589
 9712.5   0.119472
 9715.0   0.120682
 9717.5   0.122303
 9720.0   0.122784
 9722.5   0.120866
 9725.0   0.118097
 9727.5   0.116439
 9730.0   0.116706
 9732.5   0.118882
 9735.0   0.120789
 9737.5   0.120695
 9740.0   0.120816
 9742.5   0.122948
 9745.0   0.123249
 9747.5   0.118698
 9750.0   0.115191
 9752.5   0.118354
 9755.0   0.123822
 9757.5   0.125883
 9760.0   0.123445
 9762.5   0.117576
 9765.0   0.113378
 9767.5   0.114888
 9770.0   0.117836
 9772.5   0.117433
 9775.0   0.115103
 9777.5   0.113580
 9780.0   0.114605
 9782.5   0.118654
 9785.0   0.122121
 9787.5   0.121782
 9790.0   0.120029
 9792.5   0.119415
 9795.0   0.117535
 9797.5   0.112720
 9800.0   0.111204
 9802.5   0.117915
 9805.0   0.124660
 9807.5   0.123154
 9810.0   0.117866
 9812.5   0.114923
 9815.0   0.114331
 9817.5   0.114706
 9820.0   0.115233
 9822.5   0.115638
 9825.0   0.117246
 9827.5   0.120583
 9830.0   0.121383
 9832.5   0.116576
 9835.0   0.112666
 9837.5   0.115680
 9840.0   0.120166
 9842.5   0.119839
 9845.0   0.116572
 9847.5   0.114048
 9850.0   0.115039
 9852.5   0.120048
 9855.0   0.121421
 9857.5   0.113404
 9860.0   0.106002
 9862.5   0.108802
 9865.0   0.113945
 9867.5   0.112670
 9870.0   0.110036
 9872.5   0.112213
 9875.0   0.115981
 9877.5   0.116767
 9880.0   0.113961
 9882.5   0.108784
 9885.0   0.105816
 9887.5   0.108630
 9890.0   0.113409
 9892.5   0.115760
 9895.0   0.116386
 9897.5   0.116664
 9900.0   0.115584
 9902.5   0.112365
 9905.0   0.109543
 9907.5   0.109700
 9910.0   0.112280
 9912.5   0.115606
 9915.0   0.116639
 9917.5   0.113677
 9920.0   0.111713
 9922.5   0.114886
 9925.0   0.117233
 9927.5   0.112919
 9930.0   0.106728
 9932.5   0.104651
 9935.0   0.106886
 9937.5   0.111662
 9940.0   0.115119
 9942.5   0.114275
 9945.0   0.111738
 9947.5   0.110618
 9950.0   0.110431
 9952.5   0.110278
 9955.0   0.111192
 9957.5   0.113947
 9960.0   0.116340
 9962.5   0.116075
 9965.0   0.113457
 9967.5   0.109696
 9970.0   0.107011
 9972.5   0.106999
 9975.0   0.107764
 9977.5   0.107613
 9980.0   0.109147
 9982.5   0.114085
 9985.0   0.116317
 9987.5   0.110916
 9990.0   0.105530
 9992.5   0.107406
 9995.0   0.109625
 9997.5   0.105173
10000.0   0.100833
10002.5   0.103936
10005.0   0.110216
10007.5   0.113889
10010.0   0.114714
10012.5   0.113390
10015.0   0.108846
10017.5   0.101172
10020.0   0.096866
10022.5   0.101255
10025.0   0.108580
10027.5   0.112165
10030.0   0.112759
10032.5   0.112119
10035.0   0.108607
10037.5   0.101120
10040.0   0.094086
10042.5   0.092081
10045.0   0.094736
10047.5   0.099985
10050.0   0.103921
10052.5   0.103393
10055.0   0.100110
10057.5   0.096769
10060.0   0.095151
10062.5   0.096247
10065.0   0.098813
10067.5   0.101442
10070.0   0.104314
10072.5   0.107614
10075.0   0.109975
10077.5   0.110318
10080.0   0.110275
10082.5   0.111146
10085.0   0.110192
10087.5   0.105338
10090.0   0.101196
10092.5   0.102157
10095.0   0.105043
10097.5   0.105791
10100.0   0.104358
10102.5   0.101509
10105.0   0.097210
10107.5   0.092181
10110.0   0.090956
10112.5   0.096608
10115.0   0.102539
10117.5   0.102304
10120.0   0.099726
10122.5   0.099342
10125.0   0.098282
10127.5   0.093841
10130.0   0.091382
10132.5   0.095691
10135.0   0.101177
10137.5   0.101808
10140.0   0.100169
10142.5   0.099965
10145.0   0.100773
10147.5   0.101426
10150.0   0.101922
10152.5   0.102471
10155.0   0.102974
10157.5   0.103272
10160.0   0.103291
10162.5   0.103000
10165.0   0.102456
10167.5   0.101742
10170.0   0.100947
10172.5   0.100160
10175.0   0.099469
10177.5   0.098961
10180.0   0.098723
10182.5   0.098817
10185.0   0.099195
10187.5   0.099783
10190.0   0.100505
10192.5   0.101287
10195.0   0.102054
10197.5   0.102731
10200.0   0.103243
10202.5   0.103536
10205.0   0.103641
10207.5   0.103608
10210.0   0.103488
10212.5   0.103331
10215.0   0.103189
10217.5   0.103113
10220.0   0.103152
10222.5   0.103343
10225.0   0.103662
10227.5   0.104071
10230.0   0.104533
10232.5   0.105008
10235.0   0.105459
10237.5   0.105847
10240.0   0.106134
10242.5   0.106289
10245.0   0.106311
10247.5   0.106210
10250.0   0.105992
10252.5   0.105666
10255.0   0.105239
10257.5   0.104719
10260.0   0.104113
10262.5   0.103433
10265.0   0.102706
10267.5   0.101963
10270.0   0.101235
10272.5   0.100553
10275.0   0.099948
10277.5   0.099451
10280.0   0.099093
10282.5   0.098892
10285.0   0.098822
10287.5   0.098844
10290.0   0.098910
10292.5   0.098978
10295.0   0.099036
10297.5   0.099050
10300.0   0.098879
10302.5   0.098433
10305.0   0.097938
10307.5   0.097619
10310.0   0.097390
10312.5   0.097126
10315.0   0.096857
10317.5   0.096642
10320.0   0.096497
10322.5   0.096428
10325.0   0.096429
10327.5   0.096492
10330.0   0.096607
10332.5   0.096762
10335.0   0.096947
10337.5   0.097151
10340.0   0.097362
10342.5   0.097569
10345.0   0.097753
10347.5   0.097893
10350.0   0.097968
10352.5   0.097957
10355.0   0.097839
10357.5   0.097594
10360.0   0.097201
10362.5   0.096651
10365.0   0.095980
10367.5   0.095238
10370.0   0.094473
10372.5   0.093735
10375.0   0.093072
10377.5   0.092533
10380.0   0.092167
10382.5   0.092010
10385.0   0.092042
10387.5   0.092230
10390.0   0.092543
10392.5   0.092947
10395.0   0.093411
10397.5   0.093901
10400.0   0.094385
10402.5   0.094833
10405.0   0.095229
10407.5   0.095560
10410.0   0.095811
10412.5   0.095970
10415.0   0.096022
10417.5   0.095955
10420.0   0.095755
10422.5   0.095418
10425.0   0.094982
10427.5   0.094494
10430.0   0.094003
10432.5   0.093555
10435.0   0.093199
10437.5   0.092982
10440.0   0.092951
10442.5   0.093135
10445.0   0.093488
10447.5   0.093944
10450.0   0.094438
10452.5   0.094904
10455.0   0.095276
10457.5   0.095490
10460.0   0.095480
10462.5   0.095202
10465.0   0.094698
10467.5   0.094032
10470.0   0.093268
10472.5   0.092468
10475.0   0.091696
10477.5   0.091017
10480.0   0.090494
10482.5   0.090174
10485.0   0.090040
10487.5   0.090060
10490.0   0.090202
10492.5   0.090432
10495.0   0.090717
10497.5   0.091025
10500.0   0.091323
10502.5   0.091583
10505.0   0.091798
10507.5   0.091965
10510.0   0.092081
10512.5   0.092145
10515.0   0.092153
10517.5   0.092104
10520.0   0.091994
10522.5   0.091825
10525.0   0.091611
10527.5   0.091368
10530.0   0.091113
10532.5   0.090864
10535.0   0.090638
10537.5   0.090451
10540.0   0.090321
10542.5   0.090259
10545.0   0.090252
10547.5   0.090281
10550.0   0.090327
10552.5   0.090372
10555.0   0.090396
10557.5   0.090381
10560.0   0.090307
10562.5   0.090163
10565.0   0.089965
10567.5   0.089734
10570.0   0.089494
10572.5   0.089268
10575.0   0.089077
10577.5   0.088945
10580.0   0.088893
10582.5   0.088938
10585.0   0.089062
10587.5   0.089242
10590.0   0.089455
10592.5   0.089676
10595.0   0.089882
10597.5   0.090049
10600.0   0.090153
10602.5   0.090175
10605.0   0.090124
10607.5   0.090010
10610.0   0.089835
10612.5   0.089607
10615.0   0.089372
10617.5   0.089152
10620.0   0.088823
10622.5   0.088310
10625.0   0.087863
10627.5   0.087716
10630.0   0.087715
10632.5   0.087660
10635.0   0.087567
10637.5   0.087488
10640.0   0.087419
10642.5   0.087346
10645.0   0.087271
10647.5   0.087197
10650.0   0.087123
10652.5   0.087049
10655.0   0.086975
10657.5   0.086901
10660.0   0.086827
10662.5   0.086753
10665.0   0.086680
10667.5   0.086607
10670.0   0.086533
10672.5   0.086459
10675.0   0.086386
10677.5   0.086313
10680.0   0.086239
10682.5   0.086165
10685.0   0.086092
10687.5   0.086019
10690.0   0.085945
10692.5   0.085871
10695.0   0.085798
10697.5   0.085725
10700.0   0.085652
10702.5   0.085579
10705.0   0.085506
10707.5   0.085433
10710.0   0.085360
10712.5   0.085287
10715.0   0.085214
10717.5   0.085141
10720.0   0.085068
10722.5   0.084995
10725.0   0.084922
10727.5   0.084849
10730.0   0.084776
10732.5   0.084703
10735.0   0.084631
10737.5   0.084559
10740.0   0.084486
10742.5   0.084413
10745.0   0.084341
10747.5   0.084269
10750.0   0.084196
10752.5   0.084123
10755.0   0.084051
10757.5   0.083979
10760.0   0.083906
10762.5   0.083833
10765.0   0.083761
10767.5   0.083689
10770.0   0.083617
10772.5   0.083545
10775.0   0.083473
10777.5   0.083401
10780.0   0.083329
10782.5   0.083257
10785.0   0.083185
10787.5   0.083113
10790.0   0.083041
10792.5   0.082969
10795.0   0.082897
10797.5   0.082825
10800.0   0.082753
10802.5   0.082681
10805.0   0.082610
10807.5   0.082539
10810.0   0.082467
10812.5   0.082395
10815.0   0.082324
10817.5   0.082252
10820.0   0.082181
10822.5   0.082110
10825.0   0.082038
10827.5   0.081966
10830.0   0.081895
10832.5   0.081824
10835.0   0.081753
10837.5   0.081682
10840.0   0.081610
10842.5   0.081539
10845.0   0.081468
10847.5   0.081397
10850.0   0.081326
10852.5   0.081255
10855.0   0.081184
10857.5   0.081113
10860.0   0.081042
10862.5   0.080972
10865.0   0.080901
10867.5   0.080830
10870.0   0.080759
10872.5   0.080688
10875.0   0.080618
10877.5   0.080548
10880.0   0.080477
10882.5   0.080406
10885.0   0.080336
10887.5   0.080265
10890.0   0.080195
10892.5   0.080125
10895.0   0.080054
10897.5   0.079983
10900.0   0.079913
10902.5   0.079843
10905.0   0.079773
10907.5   0.079703
10910.0   0.079633
10912.5   0.079563
10915.0   0.079493
10917.5   0.079423
10920.0   0.079353
10922.5   0.079283
10925.0   0.079213
10927.5   0.079143
10930.0   0.079073
10932.5   0.079004
10935.0   0.078934
10937.5   0.078864
10940.0   0.078794
10942.5   0.078724
10945.0   0.078655
10947.5   0.078586
10950.0   0.078516
10952.5   0.078447
10955.0   0.078377
10957.5   0.078307
10960.0   0.078238
10962.5   0.078169
10965.0   0.078100
10967.5   0.078031
10970.0   0.077961
10972.5   0.077892
10975.0   0.077823
10977.5   0.077754
10980.0   0.077685
10982.5   0.077616
10985.0   0.077547
10987.5   0.077478
10990.0   0.077409
10992.5   0.077340
10995.0   0.077271
10997.5   0.077202
11000.0   0.077133
11002.5   0.077064
11005.0   0.076996
11007.5   0.076928
11010.0   0.076859
11012.5   0.076790
11015.0   0.076722
11017.5   0.076653
11020.0   0.076585
11022.5   0.076517
11025.0   0.076448
11027.5   0.076379
11030.0   0.076311
11032.5   0.076243
11035.0   0.076175
11037.5   0.076107
11040.0   0.076038
11042.5   0.075970
11045.0   0.075902
11047.5   0.075834
11050.0   0.075766
11052.5   0.075698
11055.0   0.075630
11057.5   0.075563
11060.0   0.075495
11062.5   0.075427
11065.0   0.075359
11067.5   0.075291
11070.0   0.075224
11072.5   0.075156
11075.0   0.075088
11077.5   0.075020
11080.0   0.074953
11082.5   0.074885
11085.0   0.074818
11087.5   0.074751
11090.0   0.074684
11092.5   0.074616
11095.0   0.074549
11097.5   0.074482
11100.0   0.074415
11102.5   0.074348
11105.0   0.074280
11107.5   0.074213
11110.0   0.074146
11112.5   0.074079
11115.0   0.074012
11117.5   0.073945
11120.0   0.073878
11122.5   0.073812
11125.0   0.073745
11127.5   0.073678
11130.0   0.073611
11132.5   0.073544
11135.0   0.073478
11137.5   0.073411
11140.0   0.073344
11142.5   0.073277
11145.0   0.073211
11147.5   0.073145
11150.0   0.073079
11152.5   0.073013
11155.0   0.072946
11157.5   0.072879
11160.0   0.072813
11162.5   0.072747
11165.0   0.072681
11167.5   0.072615
11170.0   0.072549
11172.5   0.072482
11175.0   0.072416
11177.5   0.072350
11180.0   0.072285
11182.5   0.072219
11185.0   0.072153
11187.5   0.072087
11190.0   0.072021
11192.5   0.071956
11195.0   0.071890
11197.5   0.071824
11200.0   0.071758
11202.5   0.071692
11205.0   0.071627
11207.5   0.071562
11210.0   0.071496
11212.5   0.071430
11215.0   0.071365
11217.5   0.071300
11220.0   0.071235
11222.5   0.071170
11225.0   0.071104
11227.5   0.071039
11230.0   0.070974
11232.5   0.070909
11235.0   0.070844
11237.5   0.070779
11240.0   0.070714
11242.5   0.070649
11245.0   0.070584
11247.5   0.070519
11250.0   0.070454
11252.5   0.070390
11255.0   0.070325
11257.5   0.070260
11260.0   0.070195
11262.5   0.070130
11265.0   0.070066
11267.5   0.070002
11270.0   0.069937
11272.5   0.069872
11275.0   0.069808
11277.5   0.069744
11280.0   0.069680
11282.5   0.069615
11285.0   0.069551
11287.5   0.069487
11290.0   0.069423
11292.5   0.069359
11295.0   0.069294
11297.5   0.069230
11300.0   0.069166
11302.5   0.069102
11305.0   0.069038
11307.5   0.068975
11310.0   0.068911
11312.5   0.068847
11315.0   0.068783
11317.5   0.068719
11320.0   0.068656
11322.5   0.068592
11325.0   0.068528
11327.5   0.068464
11330.0   0.068401
11332.5   0.068338
11335.0   0.068275
11337.5   0.068212
11340.0   0.068148
11342.5   0.068084
11345.0   0.068021
11347.5   0.067958
11350.0   0.067895
11352.5   0.067832
11355.0   0.067769
11357.5   0.067705
11360.0   0.067642
11362.5   0.067579
11365.0   0.067517
11367.5   0.067454
11370.0   0.067391
11372.5   0.067328
11375.0   0.067265
11377.5   0.067203
11380.0   0.067140
11382.5   0.067077
11385.0   0.067014
11387.5   0.066951
11390.0   0.066889
11392.5   0.066826
11395.0   0.066764
11397.5   0.066702
11400.0   0.066640
11402.5   0.066577
11405.0   0.066515
11407.5   0.066453
11410.0   0.066391
11412.5   0.066329
11415.0   0.066266
11417.5   0.066204
11420.0   0.066142
11422.5   0.066080
11425.0   0.066018
11427.5   0.065957
11430.0   0.065895
11432.5   0.065833
11435.0   0.065771
11437.5   0.065709
11440.0   0.065648
11442.5   0.065586
11445.0   0.065524
11447.5   0.065462
11450.0   0.065401
11452.5   0.065339
11455.0   0.065278
11457.5   0.065217
11460.0   0.065156
11462.5   0.065095
11465.0   0.065033
11467.5   0.064972
11470.0   0.064911
11472.5   0.064850
11475.0   0.064789
11477.5   0.064727
11480.0   0.064666
11482.5   0.064605
11485.0   0.064545
11487.5   0.064484
11490.0   0.064423
11492.5   0.064362
11495.0   0.064301
11497.5   0.064240
11500.0   0.064180
11502.5   0.064120
11505.0   0.064059
11507.5   0.063998
11510.0   0.063938
11512.5   0.063878
11515.0   0.063817
11517.5   0.063756
11520.0   0.063696
11522.5   0.063636
11525.0   0.063576
11527.5   0.063516
11530.0   0.063455
11532.5   0.063395
11535.0   0.063335
11537.5   0.063275
11540.0   0.063215
11542.5   0.063155
11545.0   0.063095
11547.5   0.063036
11550.0   0.062976
11552.5   0.062916
11555.0   0.062856
11557.5   0.062796
11560.0   0.062737
11562.5   0.062678
11565.0   0.062618
11567.5   0.062558
11570.0   0.062499
11572.5   0.062440
11575.0   0.062380
11577.5   0.062320
11580.0   0.062261
11582.5   0.062202
11585.0   0.062143
11587.5   0.062084
11590.0   0.062024
11592.5   0.061965
11595.0   0.061906
11597.5   0.061847
11600.0   0.061788
11602.5   0.061730
11605.0   0.061671
11607.5   0.061612
11610.0   0.061553
11612.5   0.061494
11615.0   0.061436
11617.5   0.061377
11620.0   0.061318
11622.5   0.061259
11625.0   0.061201
11627.5   0.061142
11630.0   0.061084
11632.5   0.061026
11635.0   0.060968
11637.5   0.060910
11640.0   0.060851
11642.5   0.060793
11645.0   0.060735
11647.5   0.060677
11650.0   0.060619
11652.5   0.060561
11655.0   0.060503
11657.5   0.060445
11660.0   0.060387
11662.5   0.060329
11665.0   0.060271
11667.5   0.060214
11670.0   0.060156
11672.5   0.060098
11675.0   0.060040
11677.5   0.059982
11680.0   0.059925
11682.5   0.059867
11685.0   0.059810
11687.5   0.059753
11690.0   0.059696
11692.5   0.059638
11695.0   0.059581
11697.5   0.059524
11700.0   0.059467
11702.5   0.059410
11705.0   0.059352
11707.5   0.059295
11710.0   0.059238
11712.5   0.059181
11715.0   0.059124
11717.5   0.059068
11720.0   0.059011
11722.5   0.058954
11725.0   0.058897
11727.5   0.058840
11730.0   0.058784
11732.5   0.058728
11735.0   0.058671
11737.5   0.058614
11740.0   0.058558
11742.5   0.058502
11745.0   0.058445
11747.5   0.058388
11750.0   0.058332
11752.5   0.058276
11755.0   0.058220
11757.5   0.058164
11760.0   0.058107
11762.5   0.058051
11765.0   0.057995
11767.5   0.057939
11770.0   0.057883
11772.5   0.057828
11775.0   0.057772
11777.5   0.057716
11780.0   0.057660
11782.5   0.057604
11785.0   0.057549
11787.5   0.057493
11790.0   0.057437
11792.5   0.057381
11795.0   0.057326
11797.5   0.057271
11800.0   0.057216
11802.5   0.057160
11805.0   0.057105
11807.5   0.057050
11810.0   0.056995
11812.5   0.056940
11815.0   0.056884
11817.5   0.056829
11820.0   0.056774
11822.5   0.056719
11825.0   0.056664
11827.5   0.056609
11830.0   0.056554
11832.5   0.056500
11835.0   0.056445
11837.5   0.056390
11840.0   0.056335
11842.5   0.056280
11845.0   0.056226
11847.5   0.056172
11850.0   0.056117
11852.5   0.056062
11855.0   0.056008
11857.5   0.055954
11860.0   0.055900
11862.5   0.055846
11865.0   0.055791
11867.5   0.055737
11870.0   0.055683
11872.5   0.055629
11875.0   0.055575
11877.5   0.055521
11880.0   0.055467
11882.5   0.055413
11885.0   0.055359
11887.5   0.055306
11890.0   0.055252
11892.5   0.055198
11895.0   0.055144
11897.5   0.055090
11900.0   0.055037
11902.5   0.054984
11905.0   0.054930
11907.5   0.054876
11910.0   0.054823
11912.5   0.054770
11915.0   0.054717
11917.5   0.054664
11920.0   0.054610
11922.5   0.054557
11925.0   0.054504
11927.5   0.054451
11930.0   0.054398
11932.5   0.054345
11935.0   0.054292
11937.5   0.054239
11940.0   0.054186
11942.5   0.054133
11945.0   0.054081
11947.5   0.054029
11950.0   0.053976
11952.5   0.053923
11955.0   0.053870
11957.5   0.053817
11960.0   0.053765
11962.5   0.053713
11965.0   0.053661
11967.5   0.053608
11970.0   0.053556
11972.5   0.053504
11975.0   0.053452
11977.5   0.053400
11980.0   0.053347
11982.5   0.053295
11985.0   0.053243
11987.5   0.053192
11990.0   0.053140
11992.5   0.053088
11995.0   0.053036
11997.5   0.052984
12000.0   0.052932
12002.5   0.052880
12005.0   0.052829
12007.5   0.052778
12010.0   0.052726
12012.5   0.052674
12015.0   0.052623
12017.5   0.052572
12020.0   0.052521
12022.5   0.052470
12025.0   0.052418
12027.5   0.052367
12030.0   0.052316
12032.5   0.052265
12035.0   0.052214
12037.5   0.052163
12040.0   0.052112
12042.5   0.052061
12045.0   0.052010
12047.5   0.051959
12050.0   0.051908
12052.5   0.051857
12055.0   0.051807
12057.5   0.051757
12060.0   0.051706
12062.5   0.051655
12065.0   0.051605
12067.5   0.051555
12070.0   0.051504
12072.5   0.051453
12075.0   0.051403
12077.5   0.051353
12080.0   0.051303
12082.5   0.051253
12085.0   0.051203
12087.5   0.051153
12090.0   0.051103
12092.5   0.051053
12095.0   0.051003
12097.5   0.050953
12100.0   0.050903
12102.5   0.050854
12105.0   0.050804
12107.5   0.050754
12110.0   0.050704
12112.5   0.050654
12115.0   0.050605
12117.5   0.050555
12120.0   0.050506
12122.5   0.050457
12125.0   0.050408
12127.5   0.050359
12130.0   0.050309
12132.5   0.050260
12135.0   0.050211
12137.5   0.050162
12140.0   0.050113
12142.5   0.050064
12145.0   0.050015
12147.5   0.049966
12150.0   0.049917
12152.5   0.049868
12155.0   0.049819
12157.5   0.049770
12160.0   0.049722
12162.5   0.049674
12165.0   0.049625
12167.5   0.049576
12170.0   0.049528
12172.5   0.049480
12175.0   0.049431
12177.5   0.049382
12180.0   0.049334
12182.5   0.049286
12185.0   0.049238
12187.5   0.049190
12190.0   0.049142
12192.5   0.049094
12195.0   0.049046
12197.5   0.048998
12200.0   0.048950
12202.5   0.048902
12205.0   0.048854
12207.5   0.048806
12210.0   0.048759
12212.5   0.048712
12215.0   0.048664
12217.5   0.048616
12220.0   0.048569
12222.5   0.048522
12225.0   0.048474
12227.5   0.048426
12230.0   0.048379
12232.5   0.048332
12235.0   0.048285
12237.5   0.048238
12240.0   0.048191
12242.5   0.048144
12245.0   0.048097
12247.5   0.048050
12250.0   0.048003
12252.5   0.047956
12255.0   0.047909
12257.5   0.047863
12260.0   0.047816
12262.5   0.047769
12265.0   0.047722
12267.5   0.047675
12270.0   0.047629
12272.5   0.047582
12275.0   0.047536
12277.5   0.047490
12280.0   0.047444
12282.5   0.047398
12285.0   0.047351
12287.5   0.047305
12290.0   0.047259
12292.5   0.047213
12295.0   0.047167
12297.5   0.047121
12300.0   0.047075
12302.5   0.047029
12305.0   0.046983
12307.5   0.046937
12310.0   0.046891
12312.5   0.046845
12315.0   0.046800
12317.5   0.046755
12320.0   0.046709
12322.5   0.046664
12325.0   0.046618
12327.5   0.046572
12330.0   0.046527
12332.5   0.046482
12335.0   0.046437
12337.5   0.046392
12340.0   0.046346
12342.5   0.046301
12345.0   0.046256
12347.5   0.046211
12350.0   0.046166
12352.5   0.046121
12355.0   0.046076
12357.5   0.046031
12360.0   0.045986
12362.5   0.045941
12365.0   0.045897
12367.5   0.045853
12370.0   0.045808
12372.5   0.045763
12375.0   0.045718
12377.5   0.045674
12380.0   0.045630
12382.5   0.045586
12385.0   0.045541
12387.5   0.045496
12390.0   0.045452
12392.5   0.045408
12395.0   0.045364
12397.5   0.045320
12400.0   0.045276
12402.5   0.045232
12405.0   0.045188
12407.5   0.045144
12410.0   0.045100
12412.5   0.045056
12415.0   0.045012
12417.5   0.044968
12420.0   0.044925
12422.5   0.044882
12425.0   0.044838
12427.5   0.044794
12430.0   0.044751
12432.5   0.044708
12435.0   0.044664
12437.5   0.044620
12440.0   0.044577
12442.5   0.044534
12445.0   0.044491
12447.5   0.044448
12450.0   0.044404
12452.5   0.044361
12455.0   0.044318
12457.5   0.044275
12460.0   0.044232
12462.5   0.044190
12465.0   0.044147
12467.5   0.044104
12470.0   0.044061
12472.5   0.044018
12475.0   0.043976
12477.5   0.043934
12480.0   0.043891
12482.5   0.043848
12485.0   0.043806
12487.5   0.043764
12490.0   0.043721
12492.5   0.043678
12495.0   0.043636
12497.5   0.043594
12500.0   0.043552
12502.5   0.043510
12505.0   0.043467
12507.5   0.043425
12510.0   0.043383
12512.5   0.043341
12515.0   0.043299
12517.5   0.043257
12520.0   0.043215
12522.5   0.043173
12525.0   0.043132
12527.5   0.043091
12530.0   0.043049
12532.5   0.043007
12535.0   0.042965
12537.5   0.042923
12540.0   0.042882
12542.5   0.042840
12545.0   0.042799
12547.5   0.042758
12550.0   0.042717
12552.5   0.042676
12555.0   0.042634
12557.5   0.042593
12560.0   0.042552
12562.5   0.042511
12565.0   0.042470
12567.5   0.042429
12570.0   0.042388
12572.5   0.042347
12575.0   0.042306
12577.5   0.042266
12580.0   0.042225
12582.5   0.042184
12585.0   0.042143
12587.5   0.042102
12590.0   0.042062
12592.5   0.042022
12595.0   0.041981
12597.5   0.041941
12600.0   0.041900
12602.5   0.041859
12605.0   0.041819
12607.5   0.041779
12610.0   0.041739
12612.5   0.041699
12615.0   0.041658
12617.5   0.041618
12620.0   0.041578
12622.5   0.041538
12625.0   0.041498
12627.5   0.041458
12630.0   0.041419
12632.5   0.041379
12635.0   0.041339
12637.5   0.041299
12640.0   0.041259
12642.5   0.041219
12645.0   0.041180
12647.5   0.041141
12650.0   0.041101
12652.5   0.041062
12655.0   0.041022
12657.5   0.040982
12660.0   0.040943
12662.5   0.040904
12665.0   0.040865
12667.5   0.040826
12670.0   0.040786
12672.5   0.040747
12675.0   0.040708
12677.5   0.040669
12680.0   0.040630
12682.5   0.040591
12685.0   0.040552
12687.5   0.040513
12690.0   0.040474
12692.5   0.040436
12695.0   0.040397
12697.5   0.040358
12700.0   0.040319
12702.5   0.040280
12705.0   0.040242
12707.5   0.040204
12710.0   0.040165
12712.5   0.040126
12715.0   0.040088
12717.5   0.040050
12720.0   0.040012
12722.5   0.039974
12725.0   0.039935
12727.5   0.039897
12730.0   0.039859
12732.5   0.039821
12735.0   0.039783
12737.5   0.039745
12740.0   0.039707
12742.5   0.039669
12745.0   0.039631
12747.5   0.039593
12750.0   0.039555
12752.5   0.039518
12755.0   0.039480
12757.5   0.039442
12760.0   0.039404
12762.5   0.039366
12765.0   0.039329
12767.5   0.039291
12770.0   0.039254
12772.5   0.039217
12775.0   0.039180
12777.5   0.039143
12780.0   0.039105
12782.5   0.039067
12785.0   0.039030
12787.5   0.038993
12790.0   0.038956
12792.5   0.038919
12795.0   0.038882
12797.5   0.038845
12800.0   0.038808
12802.5   0.038771
12805.0   0.038734
12807.5   0.038698
12810.0   0.038661
12812.5   0.038624
12815.0   0.038587
12817.5   0.038550
12820.0   0.038514
12822.5   0.038478
12825.0   0.038441
12827.5   0.038404
12830.0   0.038368
12832.5   0.038332
12835.0   0.038295
12837.5   0.038258
12840.0   0.038222
12842.5   0.038186
12845.0   0.038150
12847.5   0.038114
12850.0   0.038078
12852.5   0.038042
12855.0   0.038006
12857.5   0.037970
12860.0   0.037934
12862.5   0.037898
12865.0   0.037862
12867.5   0.037826
12870.0   0.037790
12872.5   0.037755
12875.0   0.037719
12877.5   0.037683
12880.0   0.037647
12882.5   0.037611
12885.0   0.037576
12887.5   0.037541
12890.0   0.037505
12892.5   0.037469
12895.0   0.037434
12897.5   0.037399
12900.0   0.037364
12902.5   0.037329
12905.0   0.037293
12907.5   0.037258
12910.0   0.037223
12912.5   0.037188
12915.0   0.037153
12917.5   0.037118
12920.0   0.037083
12922.5   0.037048
12925.0   0.037013
12927.5   0.036978
12930.0   0.036943
12932.5   0.036908
12935.0   0.036874
12937.5   0.036840
12940.0   0.036805
12942.5   0.036770
12945.0   0.036735
12947.5   0.036700
12950.0   0.036666
12952.5   0.036632
12955.0   0.036598
12957.5   0.036564
12960.0   0.036529
12962.5   0.036494
12965.0   0.036460
12967.5   0.036426
12970.0   0.036392
12972.5   0.036358
12975.0   0.036324
12977.5   0.036290
12980.0   0.036256
12982.5   0.036222
12985.0   0.036188
12987.5   0.036154
12990.0   0.036120
12992.5   0.036086
12995.0   0.036052
12997.5   0.036018
13000.0   0.035985
13002.5   0.035952
13005.0   0.035918
13007.5   0.035884
13010.0   0.035851
13012.5   0.035817
13015.0   0.035784
13017.5   0.035751
13020.0   0.035717
13022.5   0.035683
13025.0   0.035650
13027.5   0.035617
13030.0   0.035584
13032.5   0.035551
13035.0   0.035518
13037.5   0.035484
13040.0   0.035451
13042.5   0.035418
13045.0   0.035386
13047.5   0.035353
13050.0   0.035320
13052.5   0.035287
13055.0   0.035254
13057.5   0.035221
13060.0   0.035188
13062.5   0.035155
13065.0   0.035123
13067.5   0.035091
13070.0   0.035058
13072.5   0.035025
13075.0   0.034993
13077.5   0.034961
13080.0   0.034928
13082.5   0.034895
13085.0   0.034863
13087.5   0.034831
13090.0   0.034799
13092.5   0.034767
13095.0   0.034734
13097.5   0.034702
13100.0   0.034670
13102.5   0.034638
13105.0   0.034606
13107.5   0.034574
13110.0   0.034542
13112.5   0.034510
13115.0   0.034478
13117.5   0.034446
13120.0   0.034414
13122.5   0.034382
13125.0   0.034351
13127.5   0.034320
13130.0   0.034288
13132.5   0.034256
13135.0   0.034224
13137.5   0.034192
13140.0   0.034161
13142.5   0.034129
13145.0   0.034098
13147.5   0.034067
13150.0   0.034036
13152.5   0.034004
13155.0   0.033973
13157.5   0.033942
13160.0   0.033911
13162.5   0.033880
13165.0   0.033848
13167.5   0.033817
13170.0   0.033786
13172.5   0.033755
13175.0   0.033724
13177.5   0.033693
13180.0   0.033662
13182.5   0.033632
13185.0   0.033601
13187.5   0.033570
13190.0   0.033539
13192.5   0.033508
13195.0   0.033478
13197.5   0.033448
13200.0   0.033417
13202.5   0.033386
13205.0   0.033355
13207.5   0.033325
13210.0   0.033295
13212.5   0.033265
13215.0   0.033234
13217.5   0.033203
13220.0   0.033173
13222.5   0.033143
13225.0   0.033113
13227.5   0.033083
13230.0   0.033052
13232.5   0.033022
13235.0   0.032992
13237.5   0.032962
13240.0   0.032932
13242.5   0.032902
13245.0   0.032872
13247.5   0.032842
13250.0   0.032812
13252.5   0.032783
13255.0   0.032753
13257.5   0.032723
13260.0   0.032693
13262.5   0.032663
13265.0   0.032634
13267.5   0.032605
13270.0   0.032575
13272.5   0.032545
13275.0   0.032516
13277.5   0.032487
13280.0   0.032457
13282.5   0.032427
13285.0   0.032398
13287.5   0.032369
13290.0   0.032340
13292.5   0.032311
13295.0   0.032281
13297.5   0.032252
13300.0   0.032223
13302.5   0.032194
13305.0   0.032165
13307.5   0.032136
13310.0   0.032107
13312.5   0.032078
13315.0   0.032049
13317.5   0.032020
13320.0   0.031991
13322.5   0.031963
13325.0   0.031934
13327.5   0.031905
13330.0   0.031876
13332.5   0.031847
13335.0   0.031819
13337.5   0.031791
13340.0   0.031762
13342.5   0.031734
13345.0   0.031705
13347.5   0.031676
13350.0   0.031648
13352.5   0.031620
13355.0   0.031592
13357.5   0.031563
13360.0   0.031535
13362.5   0.031507
13365.0   0.031479
13367.5   0.031451
13370.0   0.031422
13372.5   0.031394
13375.0   0.031366
13377.5   0.031338
13380.0   0.031310
13382.5   0.031282
13385.0   0.031254
13387.5   0.031227
13390.0   0.031199
13392.5   0.031171
13395.0   0.031143
13397.5   0.031115
13400.0   0.031088
13402.5   0.031060
13405.0   0.031032
13407.5   0.031004
13410.0   0.030977
13412.5   0.030950
13415.0   0.030922
13417.5   0.030894
13420.0   0.030867
13422.5   0.030840
13425.0   0.030813
13427.5   0.030785
13430.0   0.030758
13432.5   0.030731
13435.0   0.030704
13437.5   0.030677
13440.0   0.030649
13442.5   0.030622
13445.0   0.030595
13447.5   0.030568
13450.0   0.030541
13452.5   0.030514
13455.0   0.030487
13457.5   0.030460
13460.0   0.030434
13462.5   0.030407
13465.0   0.030380
13467.5   0.030353
13470.0   0.030326
13472.5   0.030299
13475.0   0.030273
13477.5   0.030247
13480.0   0.030220
13482.5   0.030193
13485.0   0.030167
13487.5   0.030141
13490.0   0.030114
13492.5   0.030087
13495.0   0.030061
13497.5   0.030035
13500.0   0.030009
13502.5   0.029982
13505.0   0.029956
13507.5   0.029930
13510.0   0.029904
13512.5   0.029878
13515.0   0.029851
13517.5   0.029825
13520.0   0.029799
13522.5   0.029773
13525.0   0.029747
13527.5   0.029721
13530.0   0.029695
13532.5   0.029670
13535.0   0.029644
13537.5   0.029618
13540.0   0.029592
13542.5   0.029566
13545.0   0.029541
13547.5   0.029515
13550.0   0.029489
13552.5   0.029463
13555.0   0.029438
13557.5   0.029413
13560.0   0.029387
13562.5   0.029361
13565.0   0.029336
13567.5   0.029311
13570.0   0.029286
13572.5   0.029261
13575.0   0.029235
13577.5   0.029209
13580.0   0.029184
13582.5   0.029159
13585.0   0.029134
13587.5   0.029109
13590.0   0.029084
13592.5   0.029059
13595.0   0.029034
13597.5   0.029009
13600.0   0.028984
13602.5   0.028959
13605.0   0.028934
13607.5   0.028909
13610.0   0.028884
13612.5   0.028860
13615.0   0.028835
13617.5   0.028810
13620.0   0.028785
13622.5   0.028760
13625.0   0.028736
13627.5   0.028712
13630.0   0.028687
13632.5   0.028662
13635.0   0.028638
13637.5   0.028613
13640.0   0.028589
13642.5   0.028565
13645.0   0.028540
13647.5   0.028515
13650.0   0.028491
13652.5   0.028467
13655.0   0.028443
13657.5   0.028419
13660.0   0.028394
13662.5   0.028370
13665.0   0.028346
13667.5   0.028322
13670.0   0.028298
13672.5   0.028274
13675.0   0.028250
13677.5   0.028226
13680.0   0.028202
13682.5   0.028178
13685.0   0.028154
13687.5   0.028131
13690.0   0.028107
13692.5   0.028083
13695.0   0.028059
13697.5   0.028035
13700.0   0.028012
13702.5   0.027988
13705.0   0.027964
13707.5   0.027940
13710.0   0.027917
13712.5   0.027894
13715.0   0.027870
13717.5   0.027846
13720.0   0.027823
13722.5   0.027800
13725.0   0.027777
13727.5   0.027754
13730.0   0.027730
13732.5   0.027706
13735.0   0.027683
13737.5   0.027660
13740.0   0.027637
13742.5   0.027614
13745.0   0.027591
13747.5   0.027568
13750.0   0.027545
13752.5   0.027522
13755.0   0.027499
13757.5   0.027476
13760.0   0.027453
13762.5   0.027430
13765.0   0.027407
13767.5   0.027384
13770.0   0.027361
13772.5   0.027338
13775.0   0.027316
13777.5   0.027294
13780.0   0.027271
13782.5   0.027248
13785.0   0.027225
13787.5   0.027202
13790.0   0.027180
13792.5   0.027158
13795.0   0.027135
13797.5   0.027113
13800.0   0.027090
13802.5   0.027067
13805.0   0.027045
13807.5   0.027023
13810.0   0.027001
13812.5   0.026979
13815.0   0.026956
13817.5   0.026934
13820.0   0.026912
13822.5   0.026890
13825.0   0.026868
13827.5   0.026845
13830.0   0.026823
13832.5   0.026801
13835.0   0.026779
13837.5   0.026757
13840.0   0.026735
13842.5   0.026713
13845.0   0.026692
13847.5   0.026670
13850.0   0.026648
13852.5   0.026626
13855.0   0.026604
13857.5   0.026582
13860.0   0.026561
13862.5   0.026540
13865.0   0.026518
13867.5   0.026496
13870.0   0.026474
13872.5   0.026452
13875.0   0.026431
13877.5   0.026409
13880.0   0.026388
13882.5   0.026367
13885.0   0.026346
13887.5   0.026325
13890.0   0.026303
13892.5   0.026281
13895.0   0.026260
13897.5   0.026239
13900.0   0.026218
13902.5   0.026197
13905.0   0.026175
13907.5   0.026154
13910.0   0.026133
13912.5   0.026112
13915.0   0.026091
13917.5   0.026070
13920.0   0.026049
13922.5   0.026028
13925.0   0.026007
13927.5   0.025986
13930.0   0.025965
13932.5   0.025945
13935.0   0.025924
13937.5   0.025903
13940.0   0.025882
13942.5   0.025861
13945.0   0.025841
13947.5   0.025820
13950.0   0.025799
13952.5   0.025778
13955.0   0.025758
13957.5   0.025738
13960.0   0.025717
13962.5   0.025696
13965.0   0.025676
13967.5   0.025656
13970.0   0.025635
13972.5   0.025614
13975.0   0.025594
13977.5   0.025574
13980.0   0.025554
13982.5   0.025533
13985.0   0.025513
13987.5   0.025493
13990.0   0.025473
13992.5   0.025453
13995.0   0.025432
13997.5   0.025412
14000.0   0.025392
14002.5   0.025372
14005.0   0.025352
14007.5   0.025332
14010.0   0.025312
14012.5   0.025292
14015.0   0.025272
14017.5   0.025252
14020.0   0.025233
14022.5   0.025213
14025.0   0.025193
14027.5   0.025173
14030.0   0.025153
14032.5   0.025133
14035.0   0.025114
14037.5   0.025095
14040.0   0.025075
14042.5   0.025055
14045.0   0.025036
14047.5   0.025017
14050.0   0.024997
14052.5   0.024978
14055.0   0.024958
14057.5   0.024938
14060.0   0.024919
14062.5   0.024900
14065.0   0.024880
14067.5   0.024860
14070.0   0.024841
14072.5   0.024822
14075.0   0.024803
14077.5   0.024784
14080.0   0.024765
14082.5   0.024745
14085.0   0.024726
14087.5   0.024707
14090.0   0.024688
14092.5   0.024669
14095.0   0.024650
14097.5   0.024631
14100.0   0.024612
14102.5   0.024593
14105.0   0.024574
14107.5   0.024555
14110.0   0.024536
14112.5   0.024518
14115.0   0.024499
14117.5   0.024480
14120.0   0.024461
14122.5   0.024442
14125.0   0.024424
14127.5   0.024405
14130.0   0.024386
14132.5   0.024367
14135.0   0.024349
14137.5   0.024331
14140.0   0.024312
14142.5   0.024293
14145.0   0.024275
14147.5   0.024257
14150.0   0.024238
14152.5   0.024219
14155.0   0.024201
14157.5   0.024183
14160.0   0.024165
14162.5   0.024146
14165.0   0.024128
14167.5   0.024110
14170.0   0.024092
14172.5   0.024074
14175.0   0.024055
14177.5   0.024037
14180.0   0.024019
14182.5   0.024001
14185.0   0.023983
14187.5   0.023965
14190.0   0.023947
14192.5   0.023929
14195.0   0.023911
14197.5   0.023893
14200.0   0.023875
14202.5   0.023857
14205.0   0.023839
14207.5   0.023822
14210.0   0.023804
14212.5   0.023786
14215.0   0.023768
14217.5   0.023750
14220.0   0.023733
14222.5   0.023716
14225.0   0.023698
14227.5   0.023680
14230.0   0.023662
14232.5   0.023644
14235.0   0.023627
14237.5   0.023610
14240.0   0.023592
14242.5   0.023575
14245.0   0.023557
14247.5   0.023539
14250.0   0.023522
14252.5   0.023505
14255.0   0.023488
14257.5   0.023470
14260.0   0.023453
14262.5   0.023436
14265.0   0.023419
14267.5   0.023402
14270.0   0.023384
14272.5   0.023367
14275.0   0.023350
14277.5   0.023333
14280.0   0.023316
14282.5   0.023299
14285.0   0.023282
14287.5   0.023266
14290.0   0.023248
14292.5   0.023229
14295.0   0.023214
14297.5   0.023204
14300.0   0.023180
14302.5   0.023122
14305.0   0.023036
14307.5   0.022936
14310.0   0.022837
14312.5   0.022754
14315.0   0.022694
14317.5   0.022661
14320.0   0.022658
14322.5   0.022690
14325.0   0.022758
14327.5   0.022863
14330.0   0.022998
14332.5   0.023151
14335.0   0.023303
14337.5   0.023436
14340.0   0.023538
14342.5   0.023600
14345.0   0.023620
14347.5   0.023597
14350.0   0.023533
14352.5   0.023431
14355.0   0.023299
14357.5   0.023144
14360.0   0.022979
14362.5   0.022815
14365.0   0.022666
14367.5   0.022544
14370.0   0.022459
14372.5   0.022420
14375.0   0.022427
14377.5   0.022475
14380.0   0.022554
14382.5   0.022650
14385.0   0.022751
14387.5   0.022843
14390.0   0.022918
14392.5   0.022967
14395.0   0.022985
14397.5   0.022971
14400.0   0.022925
14402.5   0.022851
14405.0   0.022755
14407.5   0.022642
14410.0   0.022522
14412.5   0.022406
14415.0   0.022303
14417.5   0.022222
14420.0   0.022168
14422.5   0.022143
14425.0   0.022144
14427.5   0.022168
14430.0   0.022206
14432.5   0.022250
14435.0   0.022291
14437.5   0.022322
14440.0   0.022340
14442.5   0.022341
14445.0   0.022325
14447.5   0.022292
14450.0   0.022245
14452.5   0.022186
14455.0   0.022121
14457.5   0.022054
14460.0   0.021994
14462.5   0.021946
14465.0   0.021915
14467.5   0.021901
14470.0   0.021901
14472.5   0.021909
14475.0   0.021919
14477.5   0.021923
14480.0   0.021918
14482.5   0.021903
14485.0   0.021873
14487.5   0.021830
14490.0   0.021794
14492.5   0.021775
14495.0   0.021727
14497.5   0.021619
14500.0   0.021548
14502.5   0.021606
14505.0   0.021735
14507.5   0.021856
14510.0   0.021954
14512.5   0.022031
14515.0   0.022083
14517.5   0.022110
14520.0   0.022121
14522.5   0.022123
14525.0   0.022121
14527.5   0.022115
14530.0   0.022105
14532.5   0.022089
14535.0   0.022067
14537.5   0.022042
14540.0   0.022018
14542.5   0.021998
14545.0   0.021985
14547.5   0.021980
14550.0   0.021975
14552.5   0.021963
14555.0   0.021937
14557.5   0.021891
14560.0   0.021823
14562.5   0.021735
14565.0   0.021636
14567.5   0.021535
14570.0   0.021440
14572.5   0.021361
14575.0   0.021302
14577.5   0.021267
14580.0   0.021256
14582.5   0.021265
14585.0   0.021286
14587.5   0.021312
14590.0   0.021333
14592.5   0.021339
14595.0   0.021323
14597.5   0.021278
14600.0   0.021201
14602.5   0.021095
14605.0   0.020967
14607.5   0.020830
14610.0   0.020699
14612.5   0.020592
14615.0   0.020524
14617.5   0.020508
14620.0   0.020550
14622.5   0.020650
14625.0   0.020799
14627.5   0.020985
14630.0   0.021188
14632.5   0.021388
14635.0   0.021563
14637.5   0.021692
14640.0   0.021757
14642.5   0.021746
14645.0   0.021653
14647.5   0.021480
14650.0   0.021239
14652.5   0.020949
14655.0   0.020636
14657.5   0.020331
14660.0   0.020074
14662.5   0.019899
14665.0   0.019812
14667.5   0.019809
14670.0   0.019884
14672.5   0.020028
14675.0   0.020216
14677.5   0.020418
14680.0   0.020610
14682.5   0.020771
14685.0   0.020891
14687.5   0.020959
14690.0   0.020951
14692.5   0.020848
14695.0   0.020651
14697.5   0.020374
14700.0   0.020052
14702.5   0.019725
14705.0   0.019431
14707.5   0.019205
14710.0   0.019072
14712.5   0.019050
14715.0   0.019131
14717.5   0.019301
14720.0   0.019535
14722.5   0.019801
14725.0   0.020056
14727.5   0.020257
14730.0   0.020387
14732.5   0.020439
14735.0   0.020424
14737.5   0.020358
14740.0   0.020248
14742.5   0.020102
14745.0   0.019936
14747.5   0.019765
14750.0   0.019608
14752.5   0.019481
14755.0   0.019395
14757.5   0.019359
14760.0   0.019375
14762.5   0.019441
14765.0   0.019545
14767.5   0.019673
14770.0   0.019815
14772.5   0.019958
14775.0   0.020082
14777.5   0.020167
14780.0   0.020213
14782.5   0.020226
14785.0   0.020207
14787.5   0.020158
14790.0   0.020092
14792.5   0.020021
14795.0   0.019958
14797.5   0.019911
14800.0   0.019886
14802.5   0.019884
14805.0   0.019902
14807.5   0.019935
14810.0   0.019974
14812.5   0.020010
14815.0   0.020033
14817.5   0.020036
14820.0   0.020015
14822.5   0.019967
14825.0   0.019894
14827.5   0.019800
14830.0   0.019692
14832.5   0.019580
14835.0   0.019475
14837.5   0.019386
14840.0   0.019320
14842.5   0.019280
14845.0   0.019269
14847.5   0.019290
14850.0   0.019340
14852.5   0.019416
14855.0   0.019510
14857.5   0.019610
14860.0   0.019705
14862.5   0.019784
14865.0   0.019837
14867.5   0.019858
14870.0   0.019844
14872.5   0.019794
14875.0   0.019713
14877.5   0.019608
14880.0   0.019487
14882.5   0.019359
14885.0   0.019238
14887.5   0.019136
14890.0   0.019059
14892.5   0.019011
14895.0   0.019006
14897.5   0.019057
14900.0   0.019152
14902.5   0.019277
14905.0   0.019424
14907.5   0.019586
14910.0   0.019747
14912.5   0.019890
14915.0   0.020005
14917.5   0.020082
14920.0   0.020118
14922.5   0.020109
14925.0   0.020059
14927.5   0.019973
14930.0   0.019860
14932.5   0.019730
14935.0   0.019601
14937.5   0.019489
14940.0   0.019403
14942.5   0.019349
14945.0   0.019323
14947.5   0.019323
14950.0   0.019349
14952.5   0.019402
14955.0   0.019476
14957.5   0.019564
14960.0   0.019656
14962.5   0.019743
14965.0   0.019821
14967.5   0.019889
14970.0   0.019949
14972.5   0.020004
14975.0   0.020052
14977.5   0.020091
14980.0   0.020118
14982.5   0.020130
14985.0   0.020127
14987.5   0.020110
14990.0   0.020070
14992.5   0.020001
14995.0   0.019914
14997.5   0.019820
15000.0   0.019726
15002.5   0.019635
15005.0   0.019540
15007.5   0.019434
15010.0   0.019321
15012.5   0.019205
15015.0   0.019094
15017.5   0.018995
15020.0   0.018910
15022.5   0.018841
15025.0   0.018792
15027.5   0.018765
15030.0   0.018758
15032.5   0.018770
15035.0   0.018795
15037.5   0.018829
15040.0   0.018876
15042.5   0.018936
15045.0   0.018999
15047.5   0.019052
15050.0   0.019087
15052.5   0.019099
15055.0   0.019090
15057.5   0.019061
15060.0   0.019012
15062.5   0.018944
15065.0   0.018861
15067.5   0.018766
15070.0   0.018656
15072.5   0.018530
15075.0   0.018397
15077.5   0.018267
15080.0   0.018152
15082.5   0.018061
15085.0   0.017998
15087.5   0.017962
15090.0   0.017956
15092.5   0.017979
15095.0   0.018030
15097.5   0.018104
15100.0   0.018196
15102.5   0.018300
15105.0   0.018410
15107.5   0.018518
15110.0   0.018615
15112.5   0.018693
15115.0   0.018745
15117.5   0.018767
15120.0   0.018757
15122.5   0.018715
15125.0   0.018646
15127.5   0.018558
15130.0   0.018460
15132.5   0.018361
15135.0   0.018273
15137.5   0.018209
15140.0   0.018177
15142.5   0.018183
15145.0   0.018224
15147.5   0.018293
15150.0   0.018388
15152.5   0.018503
15155.0   0.018623
15157.5   0.018732
15160.0   0.018812
15162.5   0.018851
15165.0   0.018847
15167.5   0.018802
15170.0   0.018717
15172.5   0.018593
15175.0   0.018438
15177.5   0.018261
15180.0   0.018077
15182.5   0.017899
15185.0   0.017743
15187.5   0.017621
15190.0   0.017542
15192.5   0.017511
15195.0   0.017529
15197.5   0.017591
15200.0   0.017687
15202.5   0.017806
15205.0   0.017936
15207.5   0.018066
15210.0   0.018182
15212.5   0.018272
15215.0   0.018329
15217.5   0.018346
15220.0   0.018323
15222.5   0.018262
15225.0   0.018173
15227.5   0.018065
15230.0   0.017942
15232.5   0.017810
15235.0   0.017680
15237.5   0.017562
15240.0   0.017462
15242.5   0.017386
15245.0   0.017333
15247.5   0.017304
15250.0   0.017294
15252.5   0.017300
15255.0   0.017316
15257.5   0.017337
15260.0   0.017361
15262.5   0.017386
15265.0   0.017413
15267.5   0.017441
15270.0   0.017472
15272.5   0.017509
15275.0   0.017554
15277.5   0.017608
15280.0   0.017675
15282.5   0.017755
15285.0   0.017836
15287.5   0.017906
15290.0   0.017961
15292.5   0.017999
15295.0   0.018016
15297.5   0.018006
15300.0   0.017968
15302.5   0.017901
15305.0   0.017810
15307.5   0.017699
15310.0   0.017578
15312.5   0.017457
15315.0   0.017345
15317.5   0.017251
15320.0   0.017184
15322.5   0.017152
15325.0   0.017156
15327.5   0.017196
15330.0   0.017267
15332.5   0.017359
15335.0   0.017462
15337.5   0.017562
15340.0   0.017645
15342.5   0.017696
15345.0   0.017706
15347.5   0.017667
15350.0   0.017581
15352.5   0.017451
15355.0   0.017286
15357.5   0.017097
15360.0   0.016897
15362.5   0.016700
15365.0   0.016521
15367.5   0.016376
15370.0   0.016268
15372.5   0.016202
15375.0   0.016188
15377.5   0.016234
15380.0   0.016332
15382.5   0.016470
15385.0   0.016637
15387.5   0.016820
15390.0   0.017004
15392.5   0.017172
15395.0   0.017317
15397.5   0.017432
15400.0   0.017513
15402.5   0.017556
15405.0   0.017564
15407.5   0.017542
15410.0   0.017495
15412.5   0.017430
15415.0   0.017355
15417.5   0.017276
15420.0   0.017198
15422.5   0.017125
15425.0   0.017058
15427.5   0.016998
15430.0   0.016944
15432.5   0.016893
15435.0   0.016842
15437.5   0.016787
15440.0   0.016727
15442.5   0.016660
15445.0   0.016589
15447.5   0.016515
15450.0   0.016442
15452.5   0.016374
15455.0   0.016315
15457.5   0.016271
15460.0   0.016247
15462.5   0.016247
15465.0   0.016272
15467.5   0.016320
15470.0   0.016388
15472.5   0.016470
15475.0   0.016561
15477.5   0.016653
15480.0   0.016739
15482.5   0.016814
15485.0   0.016872
15487.5   0.016911
15490.0   0.016928
15492.5   0.016923
15495.0   0.016897
15497.5   0.016853
15500.0   0.016794
15502.5   0.016724
15505.0   0.016649
15507.5   0.016572
15510.0   0.016497
15512.5   0.016425
15515.0   0.016360
15517.5   0.016304
15520.0   0.016257
15522.5   0.016218
15525.0   0.016181
15527.5   0.016143
15530.0   0.016109
15532.5   0.016088
15535.0   0.016080
15537.5   0.016085
15540.0   0.016104
15542.5   0.016138
15545.0   0.016186
15547.5   0.016248
15550.0   0.016319
15552.5   0.016395
15555.0   0.016471
15557.5   0.016541
15560.0   0.016600
15562.5   0.016641
15565.0   0.016660
15567.5   0.016652
15570.0   0.016617
15572.5   0.016558
15575.0   0.016481
15577.5   0.016390
15580.0   0.016294
15582.5   0.016200
15585.0   0.016115
15587.5   0.016047
15590.0   0.016002
15592.5   0.015984
15595.0   0.015995
15597.5   0.016036
15600.0   0.016104
15602.5   0.016192
15605.0   0.016294
15607.5   0.016401
15610.0   0.016505
15612.5   0.016599
15615.0   0.016676
15617.5   0.016729
15620.0   0.016756
15622.5   0.016754
15625.0   0.016722
15627.5   0.016663
15630.0   0.016582
15632.5   0.016486
15635.0   0.016382
15637.5   0.016278
15640.0   0.016182
15642.5   0.016100
15645.0   0.016034
15647.5   0.015984
15650.0   0.015956
15652.5   0.015951
15655.0   0.015962
15657.5   0.015978
15660.0   0.015997
15662.5   0.016016
15665.0   0.016034
15667.5   0.016049
15670.0   0.016061
15672.5   0.016066
15675.0   0.016052
15677.5   0.016009
15680.0   0.015954
15682.5   0.015903
15685.0   0.015856
15687.5   0.015808
15690.0   0.015765
15692.5   0.015735
15695.0   0.015718
15697.5   0.015710
15700.0   0.015708
15702.5   0.015707
15705.0   0.015701
15707.5   0.015683
15710.0   0.015650
15712.5   0.015601
15715.0   0.015538
15717.5   0.015464
15720.0   0.015382
15722.5   0.015297
15725.0   0.015218
15727.5   0.015154
15730.0   0.015113
15732.5   0.015103
15735.0   0.015123
15737.5   0.015171
15740.0   0.015240
15742.5   0.015325
15745.0   0.015426
15747.5   0.015544
15750.0   0.015672
15752.5   0.015802
15755.0   0.015923
15757.5   0.016027
15760.0   0.016107
15762.5   0.016160
15765.0   0.016182
15767.5   0.016173
15770.0   0.016136
15772.5   0.016076
15775.0   0.015999
15777.5   0.015911
15780.0   0.015820
15782.5   0.015735
15785.0   0.015662
15787.5   0.015607
15790.0   0.015571
15792.5   0.015554
15795.0   0.015555
15797.5   0.015574
15800.0   0.015607
15802.5   0.015647
15805.0   0.015690
15807.5   0.015729
15810.0   0.015760
15812.5   0.015778
15815.0   0.015780
15817.5   0.015766
15820.0   0.015735
15822.5   0.015689
15825.0   0.015627
15827.5   0.015552
15830.0   0.015474
15832.5   0.015401
15835.0   0.015339
15837.5   0.015290
15840.0   0.015252
15842.5   0.015223
15845.0   0.015205
15847.5   0.015199
15850.0   0.015204
15852.5   0.015216
15855.0   0.015236
15857.5   0.015263
15860.0   0.015295
15862.5   0.015332
15865.0   0.015370
15867.5   0.015408
15870.0   0.015444
15872.5   0.015478
15875.0   0.015510
15877.5   0.015540
15880.0   0.015568
15882.5   0.015592
15885.0   0.015611
15887.5   0.015624
15890.0   0.015629
15892.5   0.015626
15895.0   0.015614
15897.5   0.015595
15900.0   0.015568
15902.5   0.015534
15905.0   0.015496
15907.5   0.015456
15910.0   0.015419
15912.5   0.015387
15915.0   0.015362
15917.5   0.015344
15920.0   0.015336
15922.5   0.015339
15925.0   0.015353
15927.5   0.015375
15930.0   0.015399
15932.5   0.015419
15935.0   0.015441
15937.5   0.015471
15940.0   0.015501
15942.5   0.015524
15945.0   0.015536
15947.5   0.015536
15950.0   0.015520
15952.5   0.015487
15955.0   0.015439
15957.5   0.015378
15960.0   0.015307
15962.5   0.015232
15965.0   0.015161
15967.5   0.015102
15970.0   0.015063
15972.5   0.015049
15975.0   0.015056
15977.5   0.015079
15980.0   0.015118
15982.5   0.015172
15985.0   0.015238
15987.5   0.015311
15990.0   0.015386
15992.5   0.015457
15995.0   0.015520
15997.5   0.015567
16000.0   0.015589
16002.5   0.015577
16005.0   0.015533
16007.5   0.015461
16010.0   0.015367
16012.5   0.015258
16015.0   0.015142
16017.5   0.015025
16020.0   0.014915
16022.5   0.014820
16025.0   0.014745
16027.5   0.014693
16030.0   0.014666
16032.5   0.014663
16035.0   0.014680
16037.5   0.014713
16040.0   0.014754
16042.5   0.014798
16045.0   0.014842
16047.5   0.014885
16050.0   0.014921
16052.5   0.014945
16055.0   0.014949
16057.5   0.014930
16060.0   0.014892
16062.5   0.014840
16065.0   0.014778
16067.5   0.014710
16070.0   0.014642
16072.5   0.014579
16075.0   0.014523
16077.5   0.014475
16080.0   0.014438
16082.5   0.014413
16085.0   0.014402
16087.5   0.014405
16090.0   0.014420
16092.5   0.014441
16095.0   0.014466
16097.5   0.014491
16100.0   0.014513
16102.5   0.014529
16105.0   0.014537
16107.5   0.014537
16110.0   0.014530
16112.5   0.014516
16115.0   0.014497
16117.5   0.014475
16120.0   0.014454
16122.5   0.014436
16125.0   0.014423
16127.5   0.014417
16130.0   0.014418
16132.5   0.014427
16135.0   0.014445
16137.5   0.014471
16140.0   0.014503
16142.5   0.014536
16145.0   0.014565
16147.5   0.014585
16150.0   0.014598
16152.5   0.014607
16155.0   0.014605
16157.5   0.014587
16160.0   0.014552
16162.5   0.014501
16165.0   0.014439
16167.5   0.014371
16170.0   0.014301
16172.5   0.014234
16175.0   0.014175
16177.5   0.014127
16180.0   0.014092
16182.5   0.014073
16185.0   0.014070
16187.5   0.014082
16190.0   0.014107
16192.5   0.014143
16195.0   0.014185
16197.5   0.014229
16200.0   0.014269
16202.5   0.014301
16205.0   0.014322
16207.5   0.014329
16210.0   0.014320
16212.5   0.014294
16215.0   0.014253
16217.5   0.014198
16220.0   0.014134
16222.5   0.014066
16225.0   0.013997
16227.5   0.013933
16230.0   0.013877
16232.5   0.013834
16235.0   0.013806
16237.5   0.013796
16240.0   0.013804
16242.5   0.013827
16245.0   0.013863
16247.5   0.013908
16250.0   0.013957
16252.5   0.014005
16255.0   0.014049
16257.5   0.014084
16260.0   0.014108
16262.5   0.014118
16265.0   0.014114
16267.5   0.014097
16270.0   0.014067
16272.5   0.014027
16275.0   0.013982
16277.5   0.013936
16280.0   0.013892
16282.5   0.013855
16285.0   0.013828
16287.5   0.013814
16290.0   0.013815
16292.5   0.013831
16295.0   0.013860
16297.5   0.013902
16300.0   0.013952
16302.5   0.014006
16305.0   0.014060
16307.5   0.014109
16310.0   0.014149
16312.5   0.014175
16315.0   0.014185
16317.5   0.014175
16320.0   0.014145
16322.5   0.014095
16325.0   0.014028
16327.5   0.013946
16330.0   0.013853
16332.5   0.013755
16335.0   0.013656
16337.5   0.013560
16340.0   0.013477
16342.5   0.013418
16345.0   0.013379
16347.5   0.013355
16350.0   0.013349
16352.5   0.013364
16355.0   0.013399
16357.5   0.013453
16360.0   0.013521
16362.5   0.013600
16365.0   0.013686
16367.5   0.013777
16370.0   0.013868
16372.5   0.013955
16375.0   0.014027
16377.5   0.014073
16380.0   0.014090
16382.5   0.014076
16385.0   0.014037
16387.5   0.013978
16390.0   0.013901
16392.5   0.013808
16395.0   0.013704
16397.5   0.013594
16400.0   0.013484
16402.5   0.013377
16405.0   0.013276
16407.5   0.013183
16410.0   0.013098
16412.5   0.013021
16415.0   0.012955
16417.5   0.012901
16420.0   0.012860
16422.5   0.012835
16425.0   0.012825
16427.5   0.012829
16430.0   0.012845
16432.5   0.012870
16435.0   0.012906
16437.5   0.012953
16440.0   0.013011
16442.5   0.013081
16445.0   0.013160
16447.5   0.013245
16450.0   0.013332
16452.5   0.013420
16455.0   0.013505
16457.5   0.013584
16460.0   0.013654
16462.5   0.013712
16465.0   0.013755
16467.5   0.013783
16470.0   0.013793
16472.5   0.013786
16475.0   0.013761
16477.5   0.013720
16480.0   0.013665
16482.5   0.013598
16485.0   0.013520
16487.5   0.013432
16490.0   0.013339
16492.5   0.013248
16495.0   0.013163
16497.5   0.013087
16500.0   0.013021
16502.5   0.012968
16505.0   0.012930
16507.5   0.012908
16510.0   0.012901
16512.5   0.012909
16515.0   0.012930
16517.5   0.012962
16520.0   0.013003
16522.5   0.013048
16525.0   0.013096
16527.5   0.013143
16530.0   0.013185
16532.5   0.013220
16535.0   0.013245
16537.5   0.013259
16540.0   0.013261
16542.5   0.013251
16545.0   0.013229
16547.5   0.013197
16550.0   0.013157
16552.5   0.013111
16555.0   0.013062
16557.5   0.013012
16560.0   0.012963
16562.5   0.012919
16565.0   0.012881
16567.5   0.012849
16570.0   0.012825
16572.5   0.012809
16575.0   0.012799
16577.5   0.012795
16580.0   0.012793
16582.5   0.012792
16585.0   0.012789
16587.5   0.012784
16590.0   0.012775
16592.5   0.012761
16595.0   0.012740
16597.5   0.012711
16600.0   0.012673
16602.5   0.012628
16605.0   0.012578
16607.5   0.012523
16610.0   0.012467
16612.5   0.012412
16615.0   0.012361
16617.5   0.012316
16620.0   0.012282
16622.5   0.012261
16625.0   0.012253
16627.5   0.012259
16630.0   0.012279
16632.5   0.012317
16635.0   0.012374
16637.5   0.012452
16640.0   0.012546
16642.5   0.012648
16645.0   0.012758
16647.5   0.012873
16650.0   0.012990
16652.5   0.013102
16655.0   0.013203
16657.5   0.013288
16660.0   0.013352
16662.5   0.013392
16665.0   0.013405
16667.5   0.013392
16670.0   0.013352
16672.5   0.013288
16675.0   0.013204
16677.5   0.013103
16680.0   0.012991
16682.5   0.012871
16685.0   0.012748
16687.5   0.012627
16690.0   0.012512
16692.5   0.012407
16695.0   0.012315
16697.5   0.012239
16700.0   0.012181
16702.5   0.012145
16705.0   0.012128
16707.5   0.012129
16710.0   0.012147
16712.5   0.012179
16715.0   0.012224
16717.5   0.012279
16720.0   0.012340
16722.5   0.012403
16725.0   0.012466
16727.5   0.012524
16730.0   0.012574
16732.5   0.012611
16735.0   0.012631
16737.5   0.012635
16740.0   0.012628
16742.5   0.012618
16745.0   0.012605
16747.5   0.012587
16750.0   0.012564
16752.5   0.012538
16755.0   0.012510
16757.5   0.012484
16760.0   0.012464
16762.5   0.012452
16765.0   0.012450
16767.5   0.012459
16770.0   0.012479
16772.5   0.012509
16775.0   0.012546
16777.5   0.012585
16780.0   0.012623
16782.5   0.012656
16785.0   0.012681
16787.5   0.012694
16790.0   0.012695
16792.5   0.012683
16795.0   0.012655
16797.5   0.012609
16800.0   0.012546
16802.5   0.012468
16805.0   0.012379
16807.5   0.012282
16810.0   0.012183
16812.5   0.012085
16815.0   0.011994
16817.5   0.011913
16820.0   0.011847
16822.5   0.011799
16825.0   0.011770
16827.5   0.011763
16830.0   0.011775
16832.5   0.011806
16835.0   0.011852
16837.5   0.011911
16840.0   0.011979
16842.5   0.012049
16845.0   0.012117
16847.5   0.012177
16850.0   0.012226
16852.5   0.012262
16855.0   0.012283
16857.5   0.012290
16860.0   0.012283
16862.5   0.012264
16865.0   0.012236
16867.5   0.012202
16870.0   0.012164
16872.5   0.012126
16875.0   0.012089
16877.5   0.012055
16880.0   0.012029
16882.5   0.012015
16885.0   0.012015
16887.5   0.012028
16890.0   0.012051
16892.5   0.012080
16895.0   0.012113
16897.5   0.012147
16900.0   0.012179
16902.5   0.012208
16905.0   0.012229
16907.5   0.012240
16910.0   0.012240
16912.5   0.012228
16915.0   0.012204
16917.5   0.012169
16920.0   0.012127
16922.5   0.012079
16925.0   0.012028
16927.5   0.011975
16930.0   0.011926
16932.5   0.011887
16935.0   0.011858
16937.5   0.011838
16940.0   0.011827
16942.5   0.011823
16945.0   0.011828
16947.5   0.011844
16950.0   0.011867
16952.5   0.011893
16955.0   0.011921
16957.5   0.011949
16960.0   0.011975
16962.5   0.011996
16965.0   0.012009
16967.5   0.012013
16970.0   0.012005
16972.5   0.011986
16975.0   0.011958
16977.5   0.011924
16980.0   0.011888
16982.5   0.011851
16985.0   0.011816
16987.5   0.011783
16990.0   0.011753
16992.5   0.011728
16995.0   0.011711
16997.5   0.011702
17000.0   0.011702
17002.5   0.011710
17005.0   0.011725
17007.5   0.011743
17010.0   0.011763
17012.5   0.011781
17015.0   0.011796
17017.5   0.011806
17020.0   0.011808
17022.5   0.011800
17025.0   0.011782
17027.5   0.011754
17030.0   0.011716
17032.5   0.011670
17035.0   0.011617
17037.5   0.011557
17040.0   0.011493
17042.5   0.011429
17045.0   0.011370
17047.5   0.011319
17050.0   0.011278
17052.5   0.011249
17055.0   0.011232
17057.5   0.011229
17060.0   0.011239
17062.5   0.011261
17065.0   0.011294
17067.5   0.011336
17070.0   0.011385
17072.5   0.011439
17075.0   0.011495
17077.5   0.011549
17080.0   0.011599
17082.5   0.011646
17085.0   0.011686
17087.5   0.011718
17090.0   0.011738
17092.5   0.011746
17095.0   0.011744
17097.5   0.011736
17100.0   0.011722
17102.5   0.011700
17105.0   0.011672
17107.5   0.011640
17110.0   0.011606
17112.5   0.011570
17115.0   0.011534
17117.5   0.011497
17120.0   0.011462
17122.5   0.011429
17125.0   0.011399
17127.5   0.011371
17130.0   0.011347
17132.5   0.011327
17135.0   0.011310
17137.5   0.011297
17140.0   0.011288
17142.5   0.011282
17145.0   0.011280
17147.5   0.011281
17150.0   0.011285
17152.5   0.011291
17155.0   0.011299
17157.5   0.011308
17160.0   0.011318
17162.5   0.011329
17165.0   0.011340
17167.5   0.011350
17170.0   0.011357
17172.5   0.011362
17175.0   0.011363
17177.5   0.011360
17180.0   0.011352
17182.5   0.011339
17185.0   0.011322
17187.5   0.011300
17190.0   0.011274
17192.5   0.011245
17195.0   0.011214
17197.5   0.011182
17200.0   0.011151
17202.5   0.011122
17205.0   0.011097
17207.5   0.011078
17210.0   0.011064
17212.5   0.011056
17215.0   0.011054
17217.5   0.011057
17220.0   0.011067
17222.5   0.011083
17225.0   0.011106
17227.5   0.011134
17230.0   0.011166
17232.5   0.011200
17235.0   0.011235
17237.5   0.011267
17240.0   0.011298
17242.5   0.011326
17245.0   0.011350
17247.5   0.011366
17250.0   0.011375
17252.5   0.011378
17255.0   0.011377
17257.5   0.011374
17260.0   0.011367
17262.5   0.011353
17265.0   0.011333
17267.5   0.011309
17270.0   0.011283
17272.5   0.011255
17275.0   0.011227
17277.5   0.011200
17280.0   0.011174
17282.5   0.011151
17285.0   0.011132
17287.5   0.011117
17290.0   0.011107
17292.5   0.011102
17295.0   0.011101
17297.5   0.011105
17300.0   0.011113
17302.5   0.011125
17305.0   0.011141
17307.5   0.011160
17310.0   0.011180
17312.5   0.011200
17315.0   0.011218
17317.5   0.011233
17320.0   0.011243
17322.5   0.011246
17325.0   0.011242
17327.5   0.011231
17330.0   0.011215
17332.5   0.011194
17335.0   0.011169
17337.5   0.011140
17340.0   0.011107
17342.5   0.011070
17345.0   0.011031
17347.5   0.010991
17350.0   0.010951
17352.5   0.010910
17355.0   0.010870
17357.5   0.010831
17360.0   0.010793
17362.5   0.010757
17365.0   0.010723
17367.5   0.010691
17370.0   0.010663
17372.5   0.010640
17375.0   0.010624
17377.5   0.010615
17380.0   0.010611
17382.5   0.010611
17385.0   0.010615
17387.5   0.010623
17390.0   0.010636
17392.5   0.010653
17395.0   0.010674
17397.5   0.010697
17400.0   0.010721
17402.5   0.010745
17405.0   0.010768
17407.5   0.010789
17410.0   0.010807
17412.5   0.010823
17415.0   0.010835
17417.5   0.010842
17420.0   0.010844
17422.5   0.010844
17425.0   0.010840
17427.5   0.010832
17430.0   0.010821
17432.5   0.010810
17435.0   0.010803
17437.5   0.010805
17440.0   0.010812
17442.5   0.010818
17445.0   0.010821
17447.5   0.010822
17450.0   0.010819
17452.5   0.010811
17455.0   0.010797
17457.5   0.010777
17460.0   0.010752
17462.5   0.010721
17465.0   0.010685
17467.5   0.010645
17470.0   0.010603
17472.5   0.010559
17475.0   0.010514
17477.5   0.010471
17480.0   0.010432
17482.5   0.010397
17485.0   0.010367
17487.5   0.010344
17490.0   0.010327
17492.5   0.010318
17495.0   0.010315
17497.5   0.010319
17500.0   0.010328
17502.5   0.010341
17505.0   0.010357
17507.5   0.010374
17510.0   0.010391
17512.5   0.010406
17515.0   0.010419
17517.5   0.010428
17520.0   0.010432
17522.5   0.010432
17525.0   0.010428
17527.5   0.010420
17530.0   0.010408
17532.5   0.010395
17535.0   0.010381
17537.5   0.010369
17540.0   0.010359
17542.5   0.010353
17545.0   0.010352
17547.5   0.010357
17550.0   0.010370
17552.5   0.010390
17555.0   0.010418
17557.5   0.010454
17560.0   0.010495
17562.5   0.010540
17565.0   0.010587
17567.5   0.010636
17570.0   0.010684
17572.5   0.010728
17575.0   0.010764
17577.5   0.010787
17580.0   0.010799
17582.5   0.010800
17585.0   0.010789
17587.5   0.010766
17590.0   0.010731
17592.5   0.010683
17595.0   0.010625
17597.5   0.010559
17600.0   0.010486
17602.5   0.010409
17605.0   0.010330
17607.5   0.010252
17610.0   0.010177
17612.5   0.010107
17615.0   0.010044
17617.5   0.009989
17620.0   0.009944
17622.5   0.009909
17625.0   0.009885
17627.5   0.009872
17630.0   0.009868
17632.5   0.009873
17635.0   0.009885
17637.5   0.009903
17640.0   0.009925
17642.5   0.009950
17645.0   0.009975
17647.5   0.009999
17650.0   0.010020
17652.5   0.010037
17655.0   0.010050
17657.5   0.010057
17660.0   0.010059
17662.5   0.010056
17665.0   0.010048
17667.5   0.010037
17670.0   0.010022
17672.5   0.010005
17675.0   0.009987
17677.5   0.009969
17680.0   0.009952
17682.5   0.009936
17685.0   0.009923
17687.5   0.009913
17690.0   0.009907
17692.5   0.009904
17695.0   0.009904
17697.5   0.009908
17700.0   0.009914
17702.5   0.009923
17705.0   0.009933
17707.5   0.009944
17710.0   0.009955
17712.5   0.009965
17715.0   0.009973
17717.5   0.009979
17720.0   0.009983
17722.5   0.009984
17725.0   0.009982
17727.5   0.009976
17730.0   0.009968
17732.5   0.009957
17735.0   0.009945
17737.5   0.009931
17740.0   0.009917
17742.5   0.009903
17745.0   0.009890
17747.5   0.009879
17750.0   0.009871
17752.5   0.009865
17755.0   0.009864
17757.5   0.009868
17760.0   0.009877
17762.5   0.009891
17765.0   0.009910
17767.5   0.009934
17770.0   0.009962
17772.5   0.009993
17775.0   0.010027
17777.5   0.010061
17780.0   0.010096
17782.5   0.010130
17785.0   0.010161
17787.5   0.010188
17790.0   0.010210
17792.5   0.010226
17795.0   0.010236
17797.5   0.010238
17800.0   0.010233
17802.5   0.010222
17805.0   0.010204
17807.5   0.010180
17810.0   0.010151
17812.5   0.010118
17815.0   0.010083
17817.5   0.010047
17820.0   0.010010
17822.5   0.009974
17825.0   0.009940
17827.5   0.009909
17830.0   0.009882
17832.5   0.009859
17835.0   0.009840
17837.5   0.009825
17840.0   0.009813
17842.5   0.009805
17845.0   0.009800
17847.5   0.009796
17850.0   0.009791
17852.5   0.009786
17855.0   0.009778
17857.5   0.009767
17860.0   0.009752
17862.5   0.009732
17865.0   0.009708
17867.5   0.009679
17870.0   0.009647
17872.5   0.009613
17875.0   0.009577
17877.5   0.009541
17880.0   0.009505
17882.5   0.009471
17885.0   0.009441
17887.5   0.009415
17890.0   0.009393
17892.5   0.009376
17895.0   0.009365
17897.5   0.009360
17900.0   0.009362
17902.5   0.009370
17905.0   0.009383
17907.5   0.009402
17910.0   0.009425
17912.5   0.009453
17915.0   0.009485
17917.5   0.009520
17920.0   0.009557
17922.5   0.009594
17925.0   0.009630
17927.5   0.009662
17930.0   0.009691
17932.5   0.009716
17935.0   0.009736
17937.5   0.009750
17940.0   0.009759
17942.5   0.009763
17945.0   0.009762
17947.5   0.009758
17950.0   0.009750
17952.5   0.009740
17955.0   0.009728
17957.5   0.009715
17960.0   0.009702
17962.5   0.009687
17965.0   0.009672
17967.5   0.009656
17970.0   0.009639
17972.5   0.009620
17975.0   0.009600
17977.5   0.009577
17980.0   0.009552
17982.5   0.009524
17985.0   0.009493
17987.5   0.009459
17990.0   0.009423
17992.5   0.009385
17995.0   0.009345
17997.5   0.009304
18000.0   0.009263
18002.5   0.009223
18005.0   0.009185
18007.5   0.009149
18010.0   0.009117
18012.5   0.009090
18015.0   0.009068
18017.5   0.009052
18020.0   0.009042
18022.5   0.009039
18025.0   0.009043
18027.5   0.009052
18030.0   0.009067
18032.5   0.009086
18035.0   0.009108
18037.5   0.009132
18040.0   0.009156
18042.5   0.009180
18045.0   0.009202
18047.5   0.009222
18050.0   0.009238
18052.5   0.009251
18055.0   0.009260
18057.5   0.009266
18060.0   0.009268
18062.5   0.009268
18065.0   0.009266
18067.5   0.009264
18070.0   0.009263
18072.5   0.009263
18075.0   0.009262
18077.5   0.009258
18080.0   0.009250
18082.5   0.009239
18085.0   0.009227
18087.5   0.009217
18090.0   0.009212
18092.5   0.009213
18095.0   0.009218
18097.5   0.009226
18100.0   0.009237
18102.5   0.009251
18105.0   0.009268
18107.5   0.009288
18110.0   0.009309
18112.5   0.009331
18115.0   0.009354
18117.5   0.009378
18120.0   0.009401
18122.5   0.009424
18125.0   0.009446
18127.5   0.009468
18130.0   0.009488
18132.5   0.009505
18135.0   0.009519
18137.5   0.009529
18140.0   0.009533
18142.5   0.009531
18145.0   0.009524
18147.5   0.009511
18150.0   0.009494
18152.5   0.009473
18155.0   0.009450
18157.5   0.009426
18160.0   0.009401
18162.5   0.009377
18165.0   0.009353
18167.5   0.009330
18170.0   0.009308
18172.5   0.009287
18175.0   0.009267
18177.5   0.009248
18180.0   0.009231
18182.5   0.009216
18185.0   0.009204
18187.5   0.009197
18190.0   0.009196
18192.5   0.009205
18195.0   0.009224
18197.5   0.009255
18200.0   0.009296
18202.5   0.009345
18205.0   0.009397
18207.5   0.009446
18210.0   0.009484
18212.5   0.009507
18215.0   0.009513
18217.5   0.009504
18220.0   0.009484
18222.5   0.009457
18225.0   0.009426
18227.5   0.009395
18230.0   0.009364
18232.5   0.009334
18235.0   0.009303
18237.5   0.009271
18240.0   0.009237
18242.5   0.009198
18245.0   0.009155
18247.5   0.009106
18250.0   0.009051
18252.5   0.008988
18255.0   0.008918
18257.5   0.008842
18260.0   0.008760
18262.5   0.008673
18265.0   0.008585
18267.5   0.008498
18270.0   0.008418
18272.5   0.008349
18275.0   0.008293
18277.5   0.008253
18280.0   0.008232
18282.5   0.008234
18285.0   0.008257
18287.5   0.008300
18290.0   0.008359
18292.5   0.008430
18295.0   0.008509
18297.5   0.008593
18300.0   0.008680
18302.5   0.008769
18305.0   0.008858
18307.5   0.008946
18310.0   0.009031
18312.5   0.009112
18315.0   0.009187
18317.5   0.009256
18320.0   0.009317
18322.5   0.009369
18325.0   0.009412
18327.5   0.009447
18330.0   0.009473
18332.5   0.009490
18335.0   0.009499
18337.5   0.009499
18340.0   0.009489
18342.5   0.009466
18345.0   0.009427
18347.5   0.009369
18350.0   0.009291
18352.5   0.009193
18355.0   0.009079
18357.5   0.008952
18360.0   0.008821
18362.5   0.008694
18365.0   0.008575
18367.5   0.008469
18370.0   0.008378
18372.5   0.008302
18375.0   0.008241
18377.5   0.008192
18380.0   0.008153
18382.5   0.008123
18385.0   0.008101
18387.5   0.008087
18390.0   0.008085
18392.5   0.008098
18395.0   0.008131
18397.5   0.008190
18400.0   0.008270
18402.5   0.008365
18405.0   0.008466
18407.5   0.008561
18410.0   0.008639
18412.5   0.008693
18415.0   0.008724
18417.5   0.008738
18420.0   0.008739
18422.5   0.008734
18425.0   0.008727
18427.5   0.008723
18430.0   0.008722
18432.5   0.008726
18435.0   0.008736
18437.5   0.008752
18440.0   0.008773
18442.5   0.008799
18445.0   0.008829
18447.5   0.008862
18450.0   0.008899
18452.5   0.008940
18455.0   0.008984
18457.5   0.009031
18460.0   0.009082
18462.5   0.009139
18465.0   0.009201
18467.5   0.009266
18470.0   0.009316
18472.5   0.009334
18475.0   0.009320
18477.5   0.009275
18480.0   0.009194
18482.5   0.009071
18485.0   0.008897
18487.5   0.008674
18490.0   0.008439
18492.5   0.008233
18495.0   0.008068
18497.5   0.007949
18500.0   0.007874
18502.5   0.007836
18505.0   0.007828
18507.5   0.007842
18510.0   0.007875
18512.5   0.007923
18515.0   0.007982
18517.5   0.008050
18520.0   0.008126
18522.5   0.008208
18525.0   0.008294
18527.5   0.008384
18530.0   0.008477
18532.5   0.008572
18535.0   0.008668
18537.5   0.008761
18540.0   0.008846
18542.5   0.008919
18545.0   0.008974
18547.5   0.009003
18550.0   0.009003
18552.5   0.008971
18555.0   0.008907
18557.5   0.008814
18560.0   0.008698
18562.5   0.008567
18565.0   0.008430
18567.5   0.008294
18570.0   0.008166
18572.5   0.008051
18575.0   0.007954
18577.5   0.007877
18580.0   0.007823
18582.5   0.007792
18585.0   0.007785
18587.5   0.007802
18590.0   0.007844
18592.5   0.007909
18595.0   0.007997
18597.5   0.008105
18600.0   0.008229
18602.5   0.008364
18605.0   0.008502
18607.5   0.008635
18610.0   0.008756
18612.5   0.008859
18615.0   0.008938
18617.5   0.008991
18620.0   0.009017
18622.5   0.009019
18625.0   0.008999
18627.5   0.008962
18630.0   0.008911
18632.5   0.008852
18635.0   0.008786
18637.5   0.008717
18640.0   0.008646
18642.5   0.008577
18645.0   0.008510
18647.5   0.008447
18650.0   0.008388
18652.5   0.008332
18655.0   0.008280
18657.5   0.008231
18660.0   0.008184
18662.5   0.008137
18665.0   0.008090
18667.5   0.008043
18670.0   0.007997
18672.5   0.007953
18675.0   0.007915
18677.5   0.007885
18680.0   0.007868
18682.5   0.007867
18685.0   0.007886
18687.5   0.007926
18690.0   0.007986
18692.5   0.008064
18695.0   0.008144
18697.5   0.008210
18700.0   0.008249
18702.5   0.008257
18705.0   0.008253
18707.5   0.008258
18710.0   0.008278
18712.5   0.008312
18715.0   0.008359
18717.5   0.008416
18720.0   0.008478
18722.5   0.008541
18725.0   0.008601
18727.5   0.008656
18730.0   0.008705
18732.5   0.008750
18735.0   0.008793
18737.5   0.008835
18740.0   0.008875
18742.5   0.008912
18745.0   0.008943
18747.5   0.008965
18750.0   0.008977
18752.5   0.008977
18755.0   0.008965
18757.5   0.008943
18760.0   0.008911
18762.5   0.008870
18765.0   0.008808
18767.5   0.008713
18770.0   0.008577
18772.5   0.008399
18775.0   0.008215
18777.5   0.008060
18780.0   0.007941
18782.5   0.007858
18785.0   0.007806
18787.5   0.007777
18790.0   0.007764
18792.5   0.007762
18795.0   0.007767
18797.5   0.007778
18800.0   0.007794
18802.5   0.007814
18805.0   0.007837
18807.5   0.007861
18810.0   0.007886
18812.5   0.007910
18815.0   0.007932
18817.5   0.007953
18820.0   0.007972
18822.5   0.007987
18825.0   0.007994
18827.5   0.007989
18830.0   0.007972
18832.5   0.007945
18835.0   0.007908
18837.5   0.007863
18840.0   0.007812
18842.5   0.007757
18845.0   0.007703
18847.5   0.007656
18850.0   0.007618
18852.5   0.007593
18855.0   0.007580
18857.5   0.007580
18860.0   0.007592
18862.5   0.007613
18865.0   0.007640
18867.5   0.007671
18870.0   0.007704
18872.5   0.007739
18875.0   0.007774
18877.5   0.007808
18880.0   0.007840
18882.5   0.007870
18885.0   0.007898
18887.5   0.007924
18890.0   0.007948
18892.5   0.007968
18895.0   0.007984
18897.5   0.007995
18900.0   0.008000
18902.5   0.007996
18905.0   0.007982
18907.5   0.007957
18910.0   0.007918
18912.5   0.007864
18915.0   0.007799
18917.5   0.007727
18920.0   0.007654
18922.5   0.007588
18925.0   0.007536
18927.5   0.007504
18930.0   0.007493
18932.5   0.007500
18935.0   0.007522
18937.5   0.007555
18940.0   0.007596
18942.5   0.007640
18945.0   0.007684
18947.5   0.007727
18950.0   0.007769
18952.5   0.007808
18955.0   0.007842
18957.5   0.007871
18960.0   0.007893
18962.5   0.007907
18965.0   0.007911
18967.5   0.007904
18970.0   0.007884
18972.5   0.007850
18975.0   0.007800
18977.5   0.007733
18980.0   0.007648
18982.5   0.007546
18985.0   0.007429
18987.5   0.007302
18990.0   0.007171
18992.5   0.007044
18995.0   0.006936
18997.5   0.006859
19000.0   0.006817
19002.5   0.006812
19005.0   0.006838
19007.5   0.006889
19010.0   0.006957
19012.5   0.007034
19015.0   0.007114
19017.5   0.007194
19020.0   0.007274
19022.5   0.007352
19025.0   0.007429
19027.5   0.007504
19030.0   0.007578
19032.5   0.007650
19035.0   0.007719
19037.5   0.007784
19040.0   0.007842
19042.5   0.007892
19045.0   0.007931
19047.5   0.007956
19050.0   0.007963
19052.5   0.007950
19055.0   0.007914
19057.5   0.007855
19060.0   0.007780
19062.5   0.007698
19065.0   0.007616
19067.5   0.007544
19070.0   0.007488
19072.5   0.007454
19075.0   0.007439
19077.5   0.007437
19080.0   0.007442
19082.5   0.007451
19085.0   0.007461
19087.5   0.007469
19090.0   0.007475
19092.5   0.007478
19095.0   0.007478
19097.5   0.007474
19100.0   0.007467
19102.5   0.007456
19105.0   0.007443
19107.5   0.007427
19110.0   0.007408
19112.5   0.007387
19115.0   0.007364
19117.5   0.007339
19120.0   0.007314
19122.5   0.007289
19125.0   0.007263
19127.5   0.007236
19130.0   0.007210
19132.5   0.007185
19135.0   0.007165
19137.5   0.007153
19140.0   0.007153
19142.5   0.007168
19145.0   0.007200
19147.5   0.007246
19150.0   0.007303
19152.5   0.007364
19155.0   0.007425
19157.5   0.007482
19160.0   0.007532
19162.5   0.007573
19165.0   0.007604
19167.5   0.007625
19170.0   0.007635
19172.5   0.007634
19175.0   0.007623
19177.5   0.007601
19180.0   0.007568
19182.5   0.007524
19185.0   0.007469
19187.5   0.007403
19190.0   0.007325
19192.5   0.007235
19195.0   0.007134
19197.5   0.007023
19200.0   0.006906
19202.5   0.006790
19205.0   0.006677
19207.5   0.006572
19210.0   0.006480
19212.5   0.006407
19215.0   0.006367
19217.5   0.006369
19220.0   0.006406
19222.5   0.006467
19225.0   0.006541
19227.5   0.006618
19230.0   0.006697
19232.5   0.006778
19235.0   0.006859
19237.5   0.006935
19240.0   0.007005
19242.5   0.007066
19245.0   0.007117
19247.5   0.007159
19250.0   0.007191
19252.5   0.007212
19255.0   0.007221
19257.5   0.007219
19260.0   0.007205
19262.5   0.007180
19265.0   0.007145
19267.5   0.007100
19270.0   0.007047
19272.5   0.006988
19275.0   0.006924
19277.5   0.006858
19280.0   0.006793
19282.5   0.006732
19285.0   0.006677
19287.5   0.006631
19290.0   0.006594
19292.5   0.006568
19295.0   0.006553
19297.5   0.006547
19300.0   0.006550
19302.5   0.006559
19305.0   0.006574
19307.5   0.006592
19310.0   0.006613
19312.5   0.006635
19315.0   0.006657
19317.5   0.006679
19320.0   0.006701
19322.5   0.006722
19325.0   0.006743
19327.5   0.006763
19330.0   0.006782
19332.5   0.006800
19335.0   0.006817
19337.5   0.006834
19340.0   0.006851
19342.5   0.006868
19345.0   0.006886
19347.5   0.006905
19350.0   0.006925
19352.5   0.006947
19355.0   0.006970
19357.5   0.006995
19360.0   0.007021
19362.5   0.007048
19365.0   0.007075
19367.5   0.007102
19370.0   0.007127
19372.5   0.007150
19375.0   0.007169
19377.5   0.007184
19380.0   0.007194
19382.5   0.007197
19385.0   0.007194
19387.5   0.007183
19390.0   0.007165
19392.5   0.007140
19395.0   0.007108
19397.5   0.007070
19400.0   0.007028
19402.5   0.006983
19405.0   0.006937
19407.5   0.006891
19410.0   0.006845
19412.5   0.006801
19415.0   0.006762
19417.5   0.006730
19420.0   0.006707
19422.5   0.006694
19425.0   0.006688
19427.5   0.006688
19430.0   0.006693
19432.5   0.006704
19435.0   0.006722
19437.5   0.006745
19440.0   0.006772
19442.5   0.006801
19445.0   0.006832
19447.5   0.006863
19450.0   0.006894
19452.5   0.006922
19455.0   0.006947
19457.5   0.006969
19460.0   0.006985
19462.5   0.006995
19465.0   0.006998
19467.5   0.006995
19470.0   0.006985
19472.5   0.006969
19475.0   0.006947
19477.5   0.006920
19480.0   0.006890
19482.5   0.006857
19485.0   0.006824
19487.5   0.006792
19490.0   0.006763
19492.5   0.006737
19495.0   0.006714
19497.5   0.006696
19500.0   0.006683
19502.5   0.006675
19505.0   0.006671
19507.5   0.006672
19510.0   0.006676
19512.5   0.006683
19515.0   0.006693
19517.5   0.006704
19520.0   0.006716
19522.5   0.006727
19525.0   0.006738
19527.5   0.006748
19530.0   0.006755
19532.5   0.006759
19535.0   0.006760
19537.5   0.006757
19540.0   0.006750
19542.5   0.006739
19545.0   0.006724
19547.5   0.006704
19550.0   0.006680
19552.5   0.006654
19555.0   0.006626
19557.5   0.006597
19560.0   0.006569
19562.5   0.006543
19565.0   0.006521
19567.5   0.006504
19570.0   0.006493
19572.5   0.006488
19575.0   0.006488
19577.5   0.006493
19580.0   0.006503
19582.5   0.006516
19585.0   0.006532
19587.5   0.006549
19590.0   0.006566
19592.5   0.006583
19595.0   0.006600
19597.5   0.006615
19600.0   0.006627
19602.5   0.006636
19605.0   0.006643
19607.5   0.006646
19610.0   0.006646
19612.5   0.006641
19615.0   0.006633
19617.5   0.006622
19620.0   0.006608
19622.5   0.006591
19625.0   0.006571
19627.5   0.006549
19630.0   0.006527
19632.5   0.006507
19635.0   0.006490
19637.5   0.006476
19640.0   0.006466
19642.5   0.006462
19645.0   0.006463
19647.5   0.006470
19650.0   0.006482
19652.5   0.006499
19655.0   0.006521
19657.5   0.006546
19660.0   0.006574
19662.5   0.006603
19665.0   0.006632
19667.5   0.006660
19670.0   0.006687
19672.5   0.006711
19675.0   0.006732
19677.5   0.006750
19680.0   0.006764
19682.5   0.006774
19685.0   0.006779
19687.5   0.006781
19690.0   0.006780
19692.5   0.006776
19695.0   0.006768
19697.5   0.006758
19700.0   0.006745
19702.5   0.006731
19705.0   0.006715
19707.5   0.006698
19710.0   0.006680
19712.5   0.006662
19715.0   0.006645
19717.5   0.006627
19720.0   0.006610
19722.5   0.006593
19725.0   0.006576
19727.5   0.006560
19730.0   0.006544
19732.5   0.006527
19735.0   0.006510
19737.5   0.006493
19740.0   0.006476
19742.5   0.006458
19745.0   0.006438
19747.5   0.006417
19750.0   0.006396
19752.5   0.006375
19755.0   0.006353
19757.5   0.006331
19760.0   0.006308
19762.5   0.006286
19765.0   0.006265
19767.5   0.006246
19770.0   0.006228
19772.5   0.006212
19775.0   0.006199
19777.5   0.006189
19780.0   0.006182
19782.5   0.006179
19785.0   0.006179
19787.5   0.006183
19790.0   0.006190
19792.5   0.006201
19795.0   0.006215
19797.5   0.006232
19800.0   0.006251
19802.5   0.006271
19805.0   0.006291
19807.5   0.006312
19810.0   0.006333
19812.5   0.006355
19815.0   0.006376
19817.5   0.006397
19820.0   0.006417
19822.5   0.006437
19825.0   0.006456
19827.5   0.006474
19830.0   0.006491
19832.5   0.006505
19835.0   0.006515
19837.5   0.006521
19840.0   0.006523
19842.5   0.006523
19845.0   0.006520
19847.5   0.006514
19850.0   0.006505
19852.5   0.006492
19855.0   0.006476
19857.5   0.006457
19860.0   0.006435
19862.5   0.006411
19865.0   0.006385
19867.5   0.006357
19870.0   0.006328
19872.5   0.006298
19875.0   0.006268
19877.5   0.006238
19880.0   0.006209
19882.5   0.006181
19885.0   0.006155
19887.5   0.006131
19890.0   0.006109
19892.5   0.006091
19895.0   0.006076
19897.5   0.006065
19900.0   0.006057
19902.5   0.006053
19905.0   0.006052
19907.5   0.006056
19910.0   0.006063
19912.5   0.006073
19915.0   0.006085
19917.5   0.006100
19920.0   0.006118
19922.5   0.006137
19925.0   0.006156
19927.5   0.006176
19930.0   0.006197
19932.5   0.006217
19935.0   0.006236
19937.5   0.006253
19940.0   0.006268
19942.5   0.006280
19945.0   0.006290
19947.5   0.006297
19950.0   0.006300
19952.5   0.006299
19955.0   0.006294
19957.5   0.006286
19960.0   0.006273
19962.5   0.006256
19965.0   0.006235
19967.5   0.006211
19970.0   0.006185
19972.5   0.006156
19975.0   0.006124
19977.5   0.006091
19980.0   0.006057
19982.5   0.006023
19985.0   0.005990
19987.5   0.005958
19990.0   0.005929
19992.5   0.005903
19995.0   0.005880
19997.5   0.005862
20000.0   0.005850
20002.5   0.005844
20005.0   0.005845
20007.5   0.005852
20010.0   0.005867
20012.5   0.005889
20015.0   0.005919
20017.5   0.005956
20020.0   0.006001
20022.5   0.006052
20025.0   0.006109
20027.5   0.006169
20030.0   0.006230
20032.5   0.006287
20035.0   0.006337
20037.5   0.006376
20040.0   0.006401
20042.5   0.006409
20045.0   0.006397
20047.5   0.006364
20050.0   0.006310
20052.5   0.006240
20055.0   0.006166
20057.5   0.006098
20060.0   0.006040
20062.5   0.005993
20065.0   0.005956
20067.5   0.005929
20070.0   0.005913
20072.5   0.005906
20075.0   0.005909
20077.5   0.005919
20080.0   0.005937
20082.5   0.005961
20085.0   0.005990
20087.5   0.006024
20090.0   0.006062
20092.5   0.006103
20095.0   0.006146
20097.5   0.006191
20100.0   0.006237
20102.5   0.006283
20105.0   0.006327
20107.5   0.006369
20110.0   0.006407
20112.5   0.006440
20115.0   0.006466
20117.5   0.006483
20120.0   0.006488
20122.5   0.006478
20125.0   0.006452
20127.5   0.006408
20130.0   0.006346
20132.5   0.006265
20135.0   0.006167
20137.5   0.006056
20140.0   0.005937
20142.5   0.005813
20145.0   0.005692
20147.5   0.005578
20150.0   0.005476
20152.5   0.005387
20155.0   0.005313
20157.5   0.005256
20160.0   0.005215
20162.5   0.005189
20165.0   0.005178
20167.5   0.005180
20170.0   0.005193
20172.5   0.005216
20175.0   0.005247
20177.5   0.005285
20180.0   0.005329
20182.5   0.005377
20185.0   0.005428
20187.5   0.005480
20190.0   0.005533
20192.5   0.005585
20195.0   0.005635
20197.5   0.005682
20200.0   0.005726
20202.5   0.005765
20205.0   0.005798
20207.5   0.005825
20210.0   0.005847
20212.5   0.005863
20215.0   0.005872
20217.5   0.005876
20220.0   0.005874
20222.5   0.005868
20225.0   0.005858
20227.5   0.005845
20230.0   0.005831
20232.5   0.005815
20235.0   0.005799
20237.5   0.005782
20240.0   0.005767
20242.5   0.005754
20245.0   0.005743
20247.5   0.005734
20250.0   0.005728
20252.5   0.005725
20255.0   0.005725
20257.5   0.005728
20260.0   0.005734
20262.5   0.005743
20265.0   0.005754
20267.5   0.005768
20270.0   0.005785
20272.5   0.005805
20275.0   0.005826
20277.5   0.005847
20280.0   0.005869
20282.5   0.005891
20285.0   0.005912
20287.5   0.005933
20290.0   0.005952
20292.5   0.005970
20295.0   0.005986
20297.5   0.005999
20300.0   0.006010
20302.5   0.006018
20305.0   0.006023
20307.5   0.006025
20310.0   0.006025
20312.5   0.006021
20315.0   0.006015
20317.5   0.006007
20320.0   0.005996
20322.5   0.005983
20325.0   0.005969
20327.5   0.005953
20330.0   0.005936
20332.5   0.005918
20335.0   0.005900
20337.5   0.005881
20340.0   0.005862
20342.5   0.005843
20345.0   0.005824
20347.5   0.005805
20350.0   0.005787
20352.5   0.005770
20355.0   0.005753
20357.5   0.005738
20360.0   0.005723
20362.5   0.005709
20365.0   0.005696
20367.5   0.005684
20370.0   0.005673
20372.5   0.005662
20375.0   0.005652
20377.5   0.005642
20380.0   0.005633
20382.5   0.005624
20385.0   0.005616
20387.5   0.005607
20390.0   0.005599
20392.5   0.005591
20395.0   0.005584
20397.5   0.005576
20400.0   0.005569
20402.5   0.005562
20405.0   0.005556
20407.5   0.005551
20410.0   0.005546
20412.5   0.005542
20415.0   0.005539
20417.5   0.005538
20420.0   0.005539
20422.5   0.005541
20425.0   0.005545
20427.5   0.005551
20430.0   0.005558
20432.5   0.005567
20435.0   0.005578
20437.5   0.005591
20440.0   0.005606
20442.5   0.005622
20445.0   0.005639
20447.5   0.005656
20450.0   0.005674
20452.5   0.005693
20455.0   0.005711
20457.5   0.005729
20460.0   0.005745
20462.5   0.005760
20465.0   0.005774
20467.5   0.005787
20470.0   0.005798
20472.5   0.005807
20475.0   0.005813
20477.5   0.005817
20480.0   0.005819
20482.5   0.005819
20485.0   0.005817
20487.5   0.005814
20490.0   0.005808
20492.5   0.005800
20495.0   0.005789
20497.5   0.005777
20500.0   0.005764
20502.5   0.005751
20505.0   0.005737
20507.5   0.005723
20510.0   0.005710
20512.5   0.005697
20515.0   0.005684
20517.5   0.005673
20520.0   0.005663
20522.5   0.005654
20525.0   0.005647
20527.5   0.005641
20530.0   0.005636
20532.5   0.005633
20535.0   0.005631
20537.5   0.005629
20540.0   0.005628
20542.5   0.005626
20545.0   0.005624
20547.5   0.005621
20550.0   0.005617
20552.5   0.005611
20555.0   0.005604
20557.5   0.005596
20560.0   0.005586
20562.5   0.005574
20565.0   0.005562
20567.5   0.005550
20570.0   0.005537
20572.5   0.005524
20575.0   0.005512
20577.5   0.005501
20580.0   0.005492
20582.5   0.005484
20585.0   0.005479
20587.5   0.005476
20590.0   0.005476
20592.5   0.005478
20595.0   0.005484
20597.5   0.005493
20600.0   0.005505
20602.5   0.005519
20605.0   0.005536
20607.5   0.005555
20610.0   0.005576
20612.5   0.005598
20615.0   0.005622
20617.5   0.005646
20620.0   0.005671
20622.5   0.005695
20625.0   0.005719
20627.5   0.005741
20630.0   0.005762
20632.5   0.005780
20635.0   0.005795
20637.5   0.005808
20640.0   0.005817
20642.5   0.005822
20645.0   0.005823
20647.5   0.005820
20650.0   0.005812
20652.5   0.005800
20655.0   0.005784
20657.5   0.005764
20660.0   0.005740
20662.5   0.005713
20665.0   0.005683
20667.5   0.005652
20670.0   0.005620
20672.5   0.005587
20675.0   0.005554
20677.5   0.005523
20680.0   0.005493
20682.5   0.005466
20685.0   0.005441
20687.5   0.005419
20690.0   0.005399
20692.5   0.005383
20695.0   0.005369
20697.5   0.005358
20700.0   0.005349
20702.5   0.005342
20705.0   0.005336
20707.5   0.005332
20710.0   0.005328
20712.5   0.005325
20715.0   0.005322
20717.5   0.005320
20720.0   0.005317
20722.5   0.005313
20725.0   0.005309
20727.5   0.005304
20730.0   0.005299
20732.5   0.005293
20735.0   0.005288
20737.5   0.005283
20740.0   0.005278
20742.5   0.005273
20745.0   0.005269
20747.5   0.005266
20750.0   0.005265
20752.5   0.005266
20755.0   0.005268
20757.5   0.005272
20760.0   0.005277
20762.5   0.005285
20765.0   0.005294
20767.5   0.005305
20770.0   0.005317
20772.5   0.005330
20775.0   0.005344
20777.5   0.005358
20780.0   0.005373
20782.5   0.005387
20785.0   0.005401
20787.5   0.005413
20790.0   0.005424
20792.5   0.005433
20795.0   0.005439
20797.5   0.005443
20800.0   0.005445
20802.5   0.005444
20805.0   0.005440
20807.5   0.005433
20810.0   0.005423
20812.5   0.005411
20815.0   0.005396
20817.5   0.005379
20820.0   0.005360
20822.5   0.005340
20825.0   0.005319
20827.5   0.005297
20830.0   0.005275
20832.5   0.005254
20835.0   0.005235
20837.5   0.005217
20840.0   0.005200
20842.5   0.005186
20845.0   0.005174
20847.5   0.005165
20850.0   0.005159
20852.5   0.005156
20855.0   0.005155
20857.5   0.005157
20860.0   0.005161
20862.5   0.005167
20865.0   0.005174
20867.5   0.005182
20870.0   0.005190
20872.5   0.005199
20875.0   0.005207
20877.5   0.005214
20880.0   0.005221
20882.5   0.005226
20885.0   0.005230
20887.5   0.005231
20890.0   0.005230
20892.5   0.005227
20895.0   0.005222
20897.5   0.005215
20900.0   0.005206
20902.5   0.005194
20905.0   0.005181
20907.5   0.005167
20910.0   0.005151
20912.5   0.005134
20915.0   0.005117
20917.5   0.005100
20920.0   0.005083
20922.5   0.005067
20925.0   0.005052
20927.5   0.005038
20930.0   0.005025
20932.5   0.005014
20935.0   0.005005
20937.5   0.004998
20940.0   0.004992
20942.5   0.004988
20945.0   0.004986
20947.5   0.004985
20950.0   0.004985
20952.5   0.004987
20955.0   0.004990
20957.5   0.004994
20960.0   0.004999
20962.5   0.005004
20965.0   0.005009
20967.5   0.005014
20970.0   0.005019
20972.5   0.005023
20975.0   0.005027
20977.5   0.005030
20980.0   0.005033
20982.5   0.005036
20985.0   0.005038
20987.5   0.005039
20990.0   0.005040
20992.5   0.005041
20995.0   0.005042
20997.5   0.005043
21000.0   0.005044
21002.5   0.005045
21005.0   0.005046
21007.5   0.005047
21010.0   0.005049
21012.5   0.005050
21015.0   0.005052
21017.5   0.005054
21020.0   0.005056
21022.5   0.005058
21025.0   0.005060
21027.5   0.005061
21030.0   0.005062
21032.5   0.005062
21035.0   0.005062
21037.5   0.005060
21040.0   0.005058
21042.5   0.005055
21045.0   0.005051
21047.5   0.005046
21050.0   0.005039
21052.5   0.005032
21055.0   0.005024
21057.5   0.005015
21060.0   0.005006
21062.5   0.004996
21065.0   0.004987
21067.5   0.004978
21070.0   0.004969
21072.5   0.004961
21075.0   0.004954
21077.5   0.004948
21080.0   0.004944
21082.5   0.004942
21085.0   0.004941
21087.5   0.004942
21090.0   0.004945
21092.5   0.004950
21095.0   0.004956
21097.5   0.004964
21100.0   0.004974
21102.5   0.004985
21105.0   0.004996
21107.5   0.005008
21110.0   0.005021
21112.5   0.005034
21115.0   0.005046
21117.5   0.005057
21120.0   0.005067
21122.5   0.005076
21125.0   0.005084
21127.5   0.005090
21130.0   0.005094
21132.5   0.005096
21135.0   0.005096
21137.5   0.005094
21140.0   0.005090
21142.5   0.005085
21145.0   0.005078
21147.5   0.005070
21150.0   0.005061
21152.5   0.005051
21155.0   0.005041
21157.5   0.005031
21160.0   0.005021
21162.5   0.005011
21165.0   0.005001
21167.5   0.004993
21170.0   0.004985
21172.5   0.004978
21175.0   0.004972
21177.5   0.004967
21180.0   0.004963
21182.5   0.004960
21185.0   0.004957
21187.5   0.004955
21190.0   0.004953
21192.5   0.004951
21195.0   0.004949
21197.5   0.004946
21200.0   0.004943
21202.5   0.004939
21205.0   0.004933
21207.5   0.004926
21210.0   0.004919
21212.5   0.004911
21215.0   0.004901
21217.5   0.004890
21220.0   0.004877
21222.5   0.004864
21225.0   0.004851
21227.5   0.004837
21230.0   0.004823
21232.5   0.004810
21235.0   0.004798
21237.5   0.004787
21240.0   0.004777
21242.5   0.004769
21245.0   0.004764
21247.5   0.004761
21250.0   0.004761
21252.5   0.004764
21255.0   0.004769
21257.5   0.004777
21260.0   0.004788
21262.5   0.004801
21265.0   0.004817
21267.5   0.004834
21270.0   0.004853
21272.5   0.004872
21275.0   0.004891
21277.5   0.004909
21280.0   0.004925
21282.5   0.004939
21285.0   0.004951
21287.5   0.004961
21290.0   0.004970
21292.5   0.004976
21295.0   0.004979
21297.5   0.004979
21300.0   0.004975
21302.5   0.004969
21305.0   0.004959
21307.5   0.004946
21310.0   0.004931
21312.5   0.004914
21315.0   0.004894
21317.5   0.004873
21320.0   0.004850
21322.5   0.004827
21325.0   0.004804
21327.5   0.004781
21330.0   0.004760
21332.5   0.004740
21335.0   0.004723
21337.5   0.004708
21340.0   0.004695
21342.5   0.004685
21345.0   0.004677
21347.5   0.004672
21350.0   0.004670
21352.5   0.004672
21355.0   0.004678
21357.5   0.004687
21360.0   0.004700
21362.5   0.004717
21365.0   0.004736
21367.5   0.004758
21370.0   0.004781
21372.5   0.004806
21375.0   0.004832
21377.5   0.004858
21380.0   0.004883
21382.5   0.004908
21385.0   0.004931
21387.5   0.004952
21390.0   0.004970
21392.5   0.004986
21395.0   0.004998
21397.5   0.005007
21400.0   0.005012
21402.5   0.005013
21405.0   0.005011
21407.5   0.005006
21410.0   0.004997
21412.5   0.004985
21415.0   0.004971
21417.5   0.004954
21420.0   0.004936
21422.5   0.004917
21425.0   0.004897
21427.5   0.004876
21430.0   0.004855
21432.5   0.004834
21435.0   0.004814
21437.5   0.004795
21440.0   0.004777
21442.5   0.004761
21445.0   0.004747
21447.5   0.004734
21450.0   0.004723
21452.5   0.004713
21455.0   0.004704
21457.5   0.004696
21460.0   0.004689
21462.5   0.004683
21465.0   0.004679
21467.5   0.004675
21470.0   0.004672
21472.5   0.004669
21475.0   0.004667
21477.5   0.004665
21480.0   0.004662
21482.5   0.004659
21485.0   0.004656
21487.5   0.004653
21490.0   0.004650
21492.5   0.004647
21495.0   0.004644
21497.5   0.004640
21500.0   0.004636
21502.5   0.004632
21505.0   0.004629
21507.5   0.004626
21510.0   0.004623
21512.5   0.004620
21515.0   0.004618
21517.5   0.004616
21520.0   0.004614
21522.5   0.004613
21525.0   0.004611
21527.5   0.004609
21530.0   0.004607
21532.5   0.004605
21535.0   0.004603
21537.5   0.004601
21540.0   0.004599
21542.5   0.004597
21545.0   0.004595
21547.5   0.004593
21550.0   0.004591
21552.5   0.004588
21555.0   0.004585
21557.5   0.004581
21560.0   0.004576
21562.5   0.004570
21565.0   0.004564
21567.5   0.004558
21570.0   0.004551
21572.5   0.004544
21575.0   0.004537
21577.5   0.004529
21580.0   0.004522
21582.5   0.004515
21585.0   0.004509
21587.5   0.004503
21590.0   0.004498
21592.5   0.004494
21595.0   0.004491
21597.5   0.004489
21600.0   0.004487
21602.5   0.004486
21605.0   0.004487
21607.5   0.004488
21610.0   0.004490
21612.5   0.004492
21615.0   0.004493
21617.5   0.004495
21620.0   0.004496
21622.5   0.004497
21625.0   0.004497
21627.5   0.004496
21630.0   0.004495
21632.5   0.004492
21635.0   0.004489
21637.5   0.004485
21640.0   0.004480
21642.5   0.004474
21645.0   0.004466
21647.5   0.004458
21650.0   0.004449
21652.5   0.004440
21655.0   0.004430
21657.5   0.004420
21660.0   0.004409
21662.5   0.004399
21665.0   0.004389
21667.5   0.004379
21670.0   0.004370
21672.5   0.004362
21675.0   0.004355
21677.5   0.004349
21680.0   0.004345
21682.5   0.004343
21685.0   0.004344
21687.5   0.004347
21690.0   0.004352
21692.5   0.004359
21695.0   0.004367
21697.5   0.004377
21700.0   0.004388
21702.5   0.004400
21705.0   0.004413
21707.5   0.004426
21710.0   0.004440
21712.5   0.004454
21715.0   0.004467
21717.5   0.004480
21720.0   0.004491
21722.5   0.004500
21725.0   0.004507
21727.5   0.004512
21730.0   0.004515
21732.5   0.004515
21735.0   0.004512
21737.5   0.004507
21740.0   0.004499
21742.5   0.004489
21745.0   0.004477
21747.5   0.004463
21750.0   0.004448
21752.5   0.004432
21755.0   0.004414
21757.5   0.004394
21760.0   0.004373
21762.5   0.004350
21765.0   0.004327
21767.5   0.004305
21770.0   0.004284
21772.5   0.004266
21775.0   0.004250
21777.5   0.004237
21780.0   0.004227
21782.5   0.004221
21785.0   0.004218
21787.5   0.004219
21790.0   0.004223
21792.5   0.004232
21795.0   0.004244
21797.5   0.004260
21800.0   0.004278
21802.5   0.004299
21805.0   0.004322
21807.5   0.004348
21810.0   0.004375
21812.5   0.004403
21815.0   0.004431
21817.5   0.004458
21820.0   0.004484
21822.5   0.004509
21825.0   0.004532
21827.5   0.004552
21830.0   0.004570
21832.5   0.004585
21835.0   0.004596
21837.5   0.004604
21840.0   0.004608
21842.5   0.004608
21845.0   0.004604
21847.5   0.004597
21850.0   0.004587
21852.5   0.004574
21855.0   0.004558
21857.5   0.004540
21860.0   0.004520
21862.5   0.004499
21865.0   0.004477
21867.5   0.004455
21870.0   0.004434
21872.5   0.004413
21875.0   0.004393
21877.5   0.004374
21880.0   0.004357
21882.5   0.004342
21885.0   0.004330
21887.5   0.004319
21890.0   0.004311
21892.5   0.004306
21895.0   0.004303
21897.5   0.004302
21900.0   0.004302
21902.5   0.004305
21905.0   0.004309
21907.5   0.004315
21910.0   0.004321
21912.5   0.004328
21915.0   0.004335
21917.5   0.004341
21920.0   0.004347
21922.5   0.004353
21925.0   0.004357
21927.5   0.004360
21930.0   0.004361
21932.5   0.004362
21935.0   0.004361
21937.5   0.004358
21940.0   0.004354
21942.5   0.004348
21945.0   0.004340
21947.5   0.004331
21950.0   0.004321
21952.5   0.004311
21955.0   0.004301
21957.5   0.004291
21960.0   0.004281
21962.5   0.004272
21965.0   0.004263
21967.5   0.004255
21970.0   0.004249
21972.5   0.004244
21975.0   0.004241
21977.5   0.004240
21980.0   0.004240
21982.5   0.004242
21985.0   0.004246
21987.5   0.004252
21990.0   0.004259
21992.5   0.004268
21995.0   0.004278
21997.5   0.004289
22000.0   0.004301
22002.5   0.004313
22005.0   0.004325
22007.5   0.004337
22010.0   0.004349
22012.5   0.004360
22015.0   0.004369
22017.5   0.004377
22020.0   0.004383
22022.5   0.004387
22025.0   0.004389
22027.5   0.004389
22030.0   0.004387
22032.5   0.004383
22035.0   0.004378
22037.5   0.004370
22040.0   0.004361
22042.5   0.004351
22045.0   0.004340
22047.5   0.004329
22050.0   0.004317
22052.5   0.004305
22055.0   0.004293
22057.5   0.004282
22060.0   0.004272
22062.5   0.004262
22065.0   0.004254
22067.5   0.004247
22070.0   0.004242
22072.5   0.004239
22075.0   0.004237
22077.5   0.004237
22080.0   0.004238
22082.5   0.004241
22085.0   0.004246
22087.5   0.004252
22090.0   0.004259
22092.5   0.004267
22095.0   0.004276
22097.5   0.004286
22100.0   0.004296
22102.5   0.004306
22105.0   0.004315
22107.5   0.004323
22110.0   0.004331
22112.5   0.004338
22115.0   0.004343
22117.5   0.004347
22120.0   0.004349
22122.5   0.004349
22125.0   0.004348
22127.5   0.004345
22130.0   0.004340
22132.5   0.004334
22135.0   0.004326
22137.5   0.004317
22140.0   0.004306
22142.5   0.004294
22145.0   0.004281
22147.5   0.004268
22150.0   0.004254
22152.5   0.004240
22155.0   0.004226
22157.5   0.004212
22160.0   0.004198
22162.5   0.004185
22165.0   0.004173
22167.5   0.004161
22170.0   0.004150
22172.5   0.004140
22175.0   0.004131
22177.5   0.004123
22180.0   0.004116
22182.5   0.004110
22185.0   0.004105
22187.5   0.004101
22190.0   0.004098
22192.5   0.004095
22195.0   0.004093
22197.5   0.004091
22200.0   0.004089
22202.5   0.004087
22205.0   0.004086
22207.5   0.004085
22210.0   0.004083
22212.5   0.004081
22215.0   0.004079
22217.5   0.004076
22220.0   0.004073
22222.5   0.004069
22225.0   0.004065
22227.5   0.004061
22230.0   0.004056
22232.5   0.004051
22235.0   0.004046
22237.5   0.004041
22240.0   0.004036
22242.5   0.004032
22245.0   0.004028
22247.5   0.004025
22250.0   0.004022
22252.5   0.004020
22255.0   0.004019
22257.5   0.004019
22260.0   0.004021
22262.5   0.004024
22265.0   0.004027
22267.5   0.004031
22270.0   0.004037
22272.5   0.004044
22275.0   0.004051
22277.5   0.004059
22280.0   0.004068
22282.5   0.004077
22285.0   0.004087
22287.5   0.004096
22290.0   0.004105
22292.5   0.004113
22295.0   0.004121
22297.5   0.004127
22300.0   0.004132
22302.5   0.004136
22305.0   0.004139
22307.5   0.004139
22310.0   0.004138
22312.5   0.004135
22315.0   0.004130
22317.5   0.004123
22320.0   0.004114
22322.5   0.004104
22325.0   0.004092
22327.5   0.004079
22330.0   0.004064
22332.5   0.004048
22335.0   0.004031
22337.5   0.004014
22340.0   0.003996
22342.5   0.003979
22345.0   0.003962
22347.5   0.003946
22350.0   0.003930
22352.5   0.003915
22355.0   0.003902
22357.5   0.003891
22360.0   0.003882
22362.5   0.003875
22365.0   0.003870
22367.5   0.003868
22370.0   0.003869
22372.5   0.003872
22375.0   0.003877
22377.5   0.003885
22380.0   0.003896
22382.5   0.003909
22385.0   0.003923
22387.5   0.003939
22390.0   0.003957
22392.5   0.003977
22395.0   0.003997
22397.5   0.004018
22400.0   0.004038
22402.5   0.004058
22405.0   0.004078
22407.5   0.004097
22410.0   0.004115
22412.5   0.004131
22415.0   0.004145
22417.5   0.004157
22420.0   0.004167
22422.5   0.004174
22425.0   0.004179
22427.5   0.004181
22430.0   0.004181
22432.5   0.004178
22435.0   0.004172
22437.5   0.004164
22440.0   0.004153
22442.5   0.004140
22445.0   0.004126
22447.5   0.004110
22450.0   0.004092
22452.5   0.004073
22455.0   0.004054
22457.5   0.004034
22460.0   0.004014
22462.5   0.003994
22465.0   0.003974
22467.5   0.003954
22470.0   0.003936
22472.5   0.003919
22475.0   0.003905
22477.5   0.003893
22480.0   0.003883
22482.5   0.003874
22485.0   0.003867
22487.5   0.003862
22490.0   0.003858
22492.5   0.003857
22495.0   0.003857
22497.5   0.003859
22500.0   0.003863
22502.5   0.003868
22505.0   0.003874
22507.5   0.003881
22510.0   0.003889
22512.5   0.003897
22515.0   0.003904
22517.5   0.003912
22520.0   0.003919
22522.5   0.003926
22525.0   0.003932
22527.5   0.003937
22530.0   0.003940
22532.5   0.003943
22535.0   0.003944
22537.5   0.003944
22540.0   0.003942
22542.5   0.003939
22545.0   0.003934
22547.5   0.003929
22550.0   0.003922
22552.5   0.003914
22555.0   0.003905
22557.5   0.003896
22560.0   0.003886
22562.5   0.003876
22565.0   0.003866
22567.5   0.003856
22570.0   0.003847
22572.5   0.003838
22575.0   0.003830
22577.5   0.003823
22580.0   0.003817
22582.5   0.003812
22585.0   0.003808
22587.5   0.003805
22590.0   0.003804
22592.5   0.003804
22595.0   0.003806
22597.5   0.003809
22600.0   0.003813
22602.5   0.003818
22605.0   0.003823
22607.5   0.003830
22610.0   0.003837
22612.5   0.003844
22615.0   0.003851
22617.5   0.003859
22620.0   0.003866
22622.5   0.003873
22625.0   0.003879
22627.5   0.003884
22630.0   0.003889
22632.5   0.003893
22635.0   0.003895
22637.5   0.003896
22640.0   0.003896
22642.5   0.003895
22645.0   0.003892
22647.5   0.003888
22650.0   0.003882
22652.5   0.003876
22655.0   0.003868
22657.5   0.003859
22660.0   0.003850
22662.5   0.003840
22665.0   0.003830
22667.5   0.003819
22670.0   0.003808
22672.5   0.003798
22675.0   0.003788
22677.5   0.003778
22680.0   0.003769
22682.5   0.003760
22685.0   0.003753
22687.5   0.003747
22690.0   0.003742
22692.5   0.003738
22695.0   0.003736
22697.5   0.003735
22700.0   0.003735
22702.5   0.003736
22705.0   0.003738
22707.5   0.003741
22710.0   0.003746
22712.5   0.003752
22715.0   0.003758
22717.5   0.003765
22720.0   0.003772
22722.5   0.003779
22725.0   0.003787
22727.5   0.003795
22730.0   0.003803
22732.5   0.003810
22735.0   0.003817
22737.5   0.003824
22740.0   0.003830
22742.5   0.003835
22745.0   0.003839
22747.5   0.003842
22750.0   0.003844
22752.5   0.003844
22755.0   0.003842
22757.5   0.003839
22760.0   0.003836
22762.5   0.003831
22765.0   0.003826
22767.5   0.003820
22770.0   0.003813
22772.5   0.003805
22775.0   0.003797
22777.5   0.003788
22780.0   0.003778
22782.5   0.003768
22785.0   0.003758
22787.5   0.003748
22790.0   0.003738
22792.5   0.003728
22795.0   0.003718
22797.5   0.003709
22800.0   0.003700
22802.5   0.003692
22805.0   0.003684
22807.5   0.003677
22810.0   0.003670
22812.5   0.003664
22815.0   0.003659
22817.5   0.003655
22820.0   0.003651
22822.5   0.003648
22825.0   0.003646
22827.5   0.003645
22830.0   0.003644
22832.5   0.003644
22835.0   0.003644
22837.5   0.003645
22840.0   0.003647
22842.5   0.003649
22845.0   0.003652
22847.5   0.003654
22850.0   0.003657
22852.5   0.003660
22855.0   0.003664
22857.5   0.003667
22860.0   0.003670
22862.5   0.003673
22865.0   0.003676
22867.5   0.003678
22870.0   0.003680
22872.5   0.003682
22875.0   0.003683
22877.5   0.003684
22880.0   0.003684
22882.5   0.003684
22885.0   0.003683
22887.5   0.003682
22890.0   0.003680
22892.5   0.003678
22895.0   0.003676
22897.5   0.003673
22900.0   0.003669
22902.5   0.003666
22905.0   0.003662
22907.5   0.003658
22910.0   0.003653
22912.5   0.003648
22915.0   0.003644
22917.5   0.003640
22920.0   0.003635
22922.5   0.003630
22925.0   0.003626
22927.5   0.003622
22930.0   0.003618
22932.5   0.003615
22935.0   0.003612
22937.5   0.003610
22940.0   0.003608
22942.5   0.003607
22945.0   0.003606
22947.5   0.003606
22950.0   0.003607
22952.5   0.003609
22955.0   0.003612
22957.5   0.003616
22960.0   0.003621
22962.5   0.003627
22965.0   0.003633
22967.5   0.003641
22970.0   0.003649
22972.5   0.003658
22975.0   0.003667
22977.5   0.003677
22980.0   0.003687
22982.5   0.003698
22985.0   0.003709
22987.5   0.003720
22990.0   0.003730
22992.5   0.003741
22995.0   0.003751
22997.5   0.003761
23000.0   0.003770
23002.5   0.003778
23005.0   0.003786
23007.5   0.003793
23010.0   0.003798
23012.5   0.003802
23015.0   0.003805
23017.5   0.003807
23020.0   0.003808
23022.5   0.003809
23025.0   0.003808
23027.5   0.003806
23030.0   0.003802
23032.5   0.003797
23035.0   0.003790
23037.5   0.003782
23040.0   0.003773
23042.5   0.003764
23045.0   0.003754
23047.5   0.003744
23050.0   0.003733
23052.5   0.003722
23055.0   0.003711
23057.5   0.003700
23060.0   0.003689
23062.5   0.003678
23065.0   0.003667
23067.5   0.003657
23070.0   0.003648
23072.5   0.003640
23075.0   0.003632
23077.5   0.003625
23080.0   0.003619
23082.5   0.003614
23085.0   0.003609
23087.5   0.003606
23090.0   0.003603
23092.5   0.003601
23095.0   0.003600
23097.5   0.003600
23100.0   0.003600
23102.5   0.003601
23105.0   0.003602
23107.5   0.003603
23110.0   0.003604
23112.5   0.003605
23115.0   0.003607
23117.5   0.003609
23120.0   0.003610
23122.5   0.003611
23125.0   0.003611
23127.5   0.003611
23130.0   0.003610
23132.5   0.003609
23135.0   0.003607
23137.5   0.003604
23140.0   0.003601
23142.5   0.003597
23145.0   0.003593
23147.5   0.003588
23150.0   0.003583
23152.5   0.003577
23155.0   0.003571
23157.5   0.003564
23160.0   0.003557
23162.5   0.003550
23165.0   0.003543
23167.5   0.003535
23170.0   0.003528
23172.5   0.003521
23175.0   0.003515
23177.5   0.003509
23180.0   0.003503
23182.5   0.003498
23185.0   0.003494
23187.5   0.003491
23190.0   0.003488
23192.5   0.003487
23195.0   0.003486
23197.5   0.003486
23200.0   0.003487
23202.5   0.003490
23205.0   0.003493
23207.5   0.003497
23210.0   0.003501
23212.5   0.003507
23215.0   0.003513
23217.5   0.003519
23220.0   0.003526
23222.5   0.003533
23225.0   0.003541
23227.5   0.003548
23230.0   0.003555
23232.5   0.003562
23235.0   0.003570
23237.5   0.003577
23240.0   0.003583
23242.5   0.003588
23245.0   0.003593
23247.5   0.003597
23250.0   0.003601
23252.5   0.003604
23255.0   0.003606
23257.5   0.003607
23260.0   0.003607
23262.5   0.003606
23265.0   0.003604
23267.5   0.003601
23270.0   0.003597
23272.5   0.003592
23275.0   0.003586
23277.5   0.003579
23280.0   0.003572
23282.5   0.003564
23285.0   0.003555
23287.5   0.003546
23290.0   0.003537
23292.5   0.003527
23295.0   0.003517
23297.5   0.003507
23300.0   0.003497
23302.5   0.003487
23305.0   0.003478
23307.5   0.003469
23310.0   0.003461
23312.5   0.003453
23315.0   0.003445
23317.5   0.003438
23320.0   0.003433
23322.5   0.003429
23325.0   0.003427
23327.5   0.003426
23330.0   0.003425
23332.5   0.003425
23335.0   0.003426
23337.5   0.003428
23340.0   0.003431
23342.5   0.003434
23345.0   0.003438
23347.5   0.003444
23350.0   0.003450
23352.5   0.003456
23355.0   0.003463
23357.5   0.003470
23360.0   0.003478
23362.5   0.003486
23365.0   0.003494
23367.5   0.003502
23370.0   0.003509
23372.5   0.003517
23375.0   0.003524
23377.5   0.003531
23380.0   0.003537
23382.5   0.003542
23385.0   0.003546
23387.5   0.003550
23390.0   0.003553
23392.5   0.003555
23395.0   0.003555
23397.5   0.003555
23400.0   0.003554
23402.5   0.003552
23405.0   0.003548
23407.5   0.003543
23410.0   0.003538
23412.5   0.003532
23415.0   0.003526
23417.5   0.003518
23420.0   0.003510
23422.5   0.003502
23425.0   0.003494
23427.5   0.003486
23430.0   0.003477
23432.5   0.003468
23435.0   0.003460
23437.5   0.003452
23440.0   0.003444
23442.5   0.003437
23445.0   0.003430
23447.5   0.003424
23450.0   0.003418
23452.5   0.003412
23455.0   0.003407
23457.5   0.003403
23460.0   0.003399
23462.5   0.003396
23465.0   0.003393
23467.5   0.003390
23470.0   0.003388
23472.5   0.003386
23475.0   0.003385
23477.5   0.003384
23480.0   0.003383
23482.5   0.003382
23485.0   0.003381
23487.5   0.003380
23490.0   0.003379
23492.5   0.003378
23495.0   0.003376
23497.5   0.003375
23500.0   0.003373
23502.5   0.003371
23505.0   0.003368
23507.5   0.003365
23510.0   0.003362
23512.5   0.003359
23515.0   0.003355
23517.5   0.003351
23520.0   0.003347
23522.5   0.003342
23525.0   0.003337
23527.5   0.003332
23530.0   0.003327
23532.5   0.003322
23535.0   0.003317
23537.5   0.003312
23540.0   0.003308
23542.5   0.003303
23545.0   0.003299
23547.5   0.003295
23550.0   0.003291
23552.5   0.003287
23555.0   0.003284
23557.5   0.003281
23560.0   0.003279
23562.5   0.003277
23565.0   0.003276
23567.5   0.003275
23570.0   0.003274
23572.5   0.003274
23575.0   0.003274
23577.5   0.003275
23580.0   0.003276
23582.5   0.003277
23585.0   0.003278
23587.5   0.003280
23590.0   0.003282
23592.5   0.003284
23595.0   0.003286
23597.5   0.003288
23600.0   0.003290
23602.5   0.003292
23605.0   0.003294
23607.5   0.003296
23610.0   0.003299
23612.5   0.003301
23615.0   0.003303
23617.5   0.003305
23620.0   0.003307
23622.5   0.003309
23625.0   0.003312
23627.5   0.003314
23630.0   0.003317
23632.5   0.003320
23635.0   0.003324
23637.5   0.003327
23640.0   0.003331
23642.5   0.003335
23645.0   0.003339
23647.5   0.003343
23650.0   0.003348
23652.5   0.003353
23655.0   0.003359
23657.5   0.003365
23660.0   0.003370
23662.5   0.003375
23665.0   0.003381
23667.5   0.003387
23670.0   0.003393
23672.5   0.003399
23675.0   0.003404
23677.5   0.003410
23680.0   0.003415
23682.5   0.003420
23685.0   0.003424
23687.5   0.003427
23690.0   0.003430
23692.5   0.003432
23695.0   0.003434
23697.5   0.003435
23700.0   0.003435
23702.5   0.003434
23705.0   0.003432
23707.5   0.003429
23710.0   0.003424
23712.5   0.003419
23715.0   0.003412
23717.5   0.003404
23720.0   0.003395
23722.5   0.003384
23725.0   0.003373
23727.5   0.003361
23730.0   0.003349
23732.5   0.003336
23735.0   0.003322
23737.5   0.003308
23740.0   0.003294
23742.5   0.003280
23745.0   0.003267
23747.5   0.003254
23750.0   0.003242
23752.5   0.003231
23755.0   0.003221
23757.5   0.003211
23760.0   0.003202
23762.5   0.003194
23765.0   0.003188
23767.5   0.003183
23770.0   0.003179
23772.5   0.003175
23775.0   0.003173
23777.5   0.003172
23780.0   0.003172
23782.5   0.003172
23785.0   0.003173
23787.5   0.003174
23790.0   0.003176
23792.5   0.003178
23795.0   0.003181
23797.5   0.003184
23800.0   0.003186
23802.5   0.003189
23805.0   0.003191
23807.5   0.003193
23810.0   0.003195
23812.5   0.003197
23815.0   0.003198
23817.5   0.003199
23820.0   0.003199
23822.5   0.003199
23825.0   0.003199
23827.5   0.003198
23830.0   0.003196
23832.5   0.003194
23835.0   0.003192
23837.5   0.003190
23840.0   0.003187
23842.5   0.003184
23845.0   0.003181
23847.5   0.003178
23850.0   0.003175
23852.5   0.003172
23855.0   0.003169
23857.5   0.003166
23860.0   0.003164
23862.5   0.003162
23865.0   0.003160
23867.5   0.003159
23870.0   0.003158
23872.5   0.003157
23875.0   0.003157
23877.5   0.003157
23880.0   0.003158
23882.5   0.003159
23885.0   0.003160
23887.5   0.003161
23890.0   0.003163
23892.5   0.003164
23895.0   0.003166
23897.5   0.003168
23900.0   0.003170
23902.5   0.003172
23905.0   0.003173
23907.5   0.003174
23910.0   0.003174
23912.5   0.003175
23915.0   0.003175
23917.5   0.003175
23920.0   0.003174
23922.5   0.003172
23925.0   0.003170
23927.5   0.003167
23930.0   0.003163
23932.5   0.003159
23935.0   0.003155
23937.5   0.003151
23940.0   0.003146
23942.5   0.003142
23945.0   0.003137
23947.5   0.003132
23950.0   0.003128
23952.5   0.003124
23955.0   0.003121
23957.5   0.003118
23960.0   0.003116
23962.5   0.003115
23965.0   0.003114
23967.5   0.003115
23970.0   0.003116
23972.5   0.003118
23975.0   0.003121
23977.5   0.003125
23980.0   0.003131
23982.5   0.003137
23985.0   0.003144
23987.5   0.003152
23990.0   0.003160
23992.5   0.003169
23995.0   0.003178
23997.5   0.003188
24000.0   0.003198
24002.5   0.003208
24005.0   0.003218
24007.5   0.003228
24010.0   0.003237
24012.5   0.003246
24015.0   0.003254
24017.5   0.003261
24020.0   0.003267
24022.5   0.003272
24025.0   0.003276
24027.5   0.003279
24030.0   0.003280
24032.5   0.003280
24035.0   0.003278
24037.5   0.003275
24040.0   0.003271
24042.5   0.003265
24045.0   0.003258
24047.5   0.003250
24050.0   0.003240
24052.5   0.003229
24055.0   0.003218
24057.5   0.003206
24060.0   0.003194
24062.5   0.003182
24065.0   0.003170
24067.5   0.003157
24070.0   0.003145
24072.5   0.003133
24075.0   0.003123
24077.5   0.003114
24080.0   0.003105
24082.5   0.003097
24085.0   0.003091
24087.5   0.003086
24090.0   0.003083
24092.5   0.003081
24095.0   0.003081
24097.5   0.003082
24100.0   0.003084
24102.5   0.003087
24105.0   0.003092
24107.5   0.003098
24110.0   0.003105
24112.5   0.003113
24115.0   0.003121
24117.5   0.003130
24120.0   0.003139
24122.5   0.003148
24125.0   0.003158
24127.5   0.003167
24130.0   0.003176
24132.5   0.003184
24135.0   0.003191
24137.5   0.003197
24140.0   0.003202
24142.5   0.003206
24145.0   0.003208
24147.5   0.003209
24150.0   0.003208
24152.5   0.003206
24155.0   0.003202
24157.5   0.003196
24160.0   0.003189
24162.5   0.003181
24165.0   0.003171
24167.5   0.003161
24170.0   0.003149
24172.5   0.003136
24175.0   0.003123
24177.5   0.003109
24180.0   0.003095
24182.5   0.003081
24185.0   0.003067
24187.5   0.003053
24190.0   0.003040
24192.5   0.003028
24195.0   0.003017
24197.5   0.003007
24200.0   0.002998
